Time=2920 X=6765 Y=19068
Time=4044 X=6928.34 Y=18763.6
Time=5020 X=7105.1 Y=18434.2
Time=6029 X=7105.1 Y=18434.2
Time=7120 X=7105.1 Y=18434.2
Time=8125 X=6925.38 Y=18320.2
Time=9172 X=6567.89 Y=18138.4
Time=10180 X=6223.72 Y=17963.4
Time=11191 X=5878.53 Y=17787.9
Time=12207 X=5567.18 Y=17738.2
Time=13200 X=5309.52 Y=17741.9
Time=14230 X=5682.61 Y=17870.2
Time=15198 X=6033.24 Y=17990.7
Time=16241 X=6411.03 Y=18120.7
Time=17254 X=6314.88 Y=18081.7
Time=18279 X=6685.34 Y=18211.8
Time=19278 X=7046.4 Y=18338.5
Time=20298 X=6368.02 Y=18042.7
Time=21293 X=6104.14 Y=17873
Time=22282 X=5818.63 Y=17671.9
Time=23323 X=5449.26 Y=17535.5
Time=24320 X=5412.25 Y=17525.6
Time=25331 X=5412.25 Y=17525.6
Time=26360 X=5412.25 Y=17525.6
Time=27369 X=5412.25 Y=17525.6
Time=28392 X=5412.25 Y=17525.6
Time=29358 X=5412.25 Y=17525.6
Time=30442 X=5504.87 Y=17596.7
Time=31431 X=5504.87 Y=17596.7
Time=32442 X=5504.87 Y=17596.7
Time=33440 X=5201.98 Y=17447
Time=34472 X=4978 Y=17330
Time=35470 X=4978 Y=17330
Time=36483 X=5003.84 Y=17454.5
Time=37494 X=5068.28 Y=17765.1
Time=38506 X=5068.28 Y=17765.1
Time=39490 X=5068.28 Y=17765.1
Time=40524 X=5068.28 Y=17765.1
Time=41527 X=5068.28 Y=17765.1
Time=42555 X=5068.28 Y=17765.1
Time=43580 X=5068.28 Y=17765.1
Time=44585 X=4923.25 Y=17542.9
Time=45590 X=4704.38 Y=17224
Time=46621 X=4480 Y=16897
Time=47609 X=4265.88 Y=16584.9
Time=48709 X=4032.18 Y=16234.5
Time=49683 X=3840.88 Y=15914.2
Time=50713 X=3621.35 Y=15586.5
Time=51718 X=3388.32 Y=15280.2
Time=52744 X=3136.56 Y=14978.5
Time=53748 X=2987.74 Y=14771.1
Time=54772 X=2889.47 Y=14713.8
Time=55779 X=2889.47 Y=14713.8
Time=56784 X=2889.47 Y=14713.8
Time=57776 X=2889.47 Y=14713.8
Time=58806 X=2949.67 Y=14769.5
Time=59806 X=3062.36 Y=15040.1
Time=60840 X=3062.36 Y=15040.1
Time=61874 X=3062.36 Y=15040.1
Time=62873 X=3062.36 Y=15040.1
Time=63879 X=3062.36 Y=15040.1
Time=64875 X=3062.36 Y=15040.1
Time=65878 X=3106.68 Y=15089.4
Time=66892 X=3321 Y=15208
Time=67901 X=3321 Y=15208
Time=68948 X=3321 Y=15208
Time=69952 X=3214.49 Y=14958.9
Time=70951 X=3064.05 Y=14607.1
Time=71973 X=2910.14 Y=14247.1
Time=72965 X=2815.57 Y=13880.6
Time=73983 X=2736.96 Y=13498.6
Time=74995 X=2663.53 Y=13163.8
Time=76003 X=2579.01 Y=12886.1
Time=77012 X=2457.28 Y=12519.3
Time=78029 X=2315.15 Y=12157
Time=79046 X=2250.9 Y=11951.5
Time=80058 X=2250.9 Y=11951.5
Time=81071 X=2250.9 Y=11951.5
Time=82092 X=2250.9 Y=11951.5
Time=83125 X=2250.9 Y=11951.5
Time=84137 X=2250.9 Y=11951.5
Time=85117 X=2307.14 Y=12068.5
Time=86137 X=2425.51 Y=12284
Time=87159 X=2425.51 Y=12284
Time=88172 X=2425.51 Y=12284
Time=89194 X=2425.51 Y=12284
Time=90224 X=2425.51 Y=12284
Time=91250 X=2425.51 Y=12284
Time=92253 X=2425.51 Y=12284
Time=93285 X=2425.51 Y=12284
Time=94319 X=2425.51 Y=12284
Time=95333 X=2425.51 Y=12284
Time=96292 X=2425.51 Y=12284
Time=97375 X=2425.51 Y=12284
Time=98369 X=2425.51 Y=12284
Time=99393 X=2425.51 Y=12284
Time=100393 X=2338.13 Y=12208.5
Time=101419 X=2103.76 Y=12028.6
Time=102457 X=1892 Y=11866
Time=103411 X=2089.89 Y=12146.9
Time=104494 X=2305.36 Y=12452.6
Time=105480 X=2305.36 Y=12452.6
Time=106486 X=2435.75 Y=12375.8
Time=107431 X=2423.58 Y=12509.6
Time=108509 X=2417.81 Y=12560.9
Time=109529 X=2118.92 Y=12660.6
Time=110547 X=1748.86 Y=12784.1
Time=111548 X=1385.14 Y=12905.4
Time=112583 X=1009.07 Y=13030.9
Time=113588 X=643.903 Y=13152.7
Time=114557 X=291.815 Y=13270.2
Time=115621 X=-109.509 Y=13328.8
Time=116630 X=-387.118 Y=13362.3
Time=117637 X=-387.118 Y=13362.3
Time=118681 X=-387.118 Y=13362.3
Time=119664 X=-387.118 Y=13362.3
Time=120675 X=-387.118 Y=13362.3
Time=121709 X=-387.118 Y=13362.3
Time=122711 X=-387.118 Y=13362.3
Time=123739 X=-387.118 Y=13362.3
Time=124759 X=-387.118 Y=13362.3
Time=125772 X=-379 Y=13494
Time=126767 X=-379 Y=13494
Time=127780 X=-379 Y=13494
Time=128802 X=-379 Y=13494
Time=129820 X=-379 Y=13494
Time=130855 X=-379 Y=13494
Time=131848 X=-379 Y=13494
Time=132892 X=-379 Y=13494
Time=133891 X=-379 Y=13494
Time=134929 X=-379 Y=13494
Time=135935 X=-379 Y=13494
Time=136950 X=-379 Y=13494
Time=137947 X=-379 Y=13494
Time=138977 X=-379 Y=13494
Time=139969 X=-345.038 Y=13466.6
Time=141013 X=-249.976 Y=13620.3
Time=142013 X=-283.8 Y=14001.9
Time=143024 X=-316.287 Y=14388
Time=144035 X=-345.928 Y=14774.2
Time=145029 X=-335.193 Y=15153.4
Time=146068 X=-297.622 Y=15549.6
Time=147077 X=-296.067 Y=15566
Time=148092 X=-296.067 Y=15566
Time=149119 X=-296.067 Y=15566
Time=150164 X=-296.067 Y=15566
Time=151152 X=-296.067 Y=15566
Time=152171 X=-316.451 Y=15596.4
Time=153215 X=-417 Y=15700
Time=154221 X=-417 Y=15700
Time=155229 X=-417 Y=15700
Time=156244 X=-417 Y=15700
Time=157290 X=-417 Y=15700
Time=158286 X=-582.074 Y=15562.9
Time=159324 X=-847.022 Y=15342.9
Time=160352 X=-1184.4 Y=15183.6
Time=161365 X=-1571.27 Y=15153.8
Time=162376 X=-1957.37 Y=15124
Time=163354 X=-2183.08 Y=15106.5
Time=164384 X=-2183.08 Y=15106.5
Time=165432 X=-2183.08 Y=15106.5
Time=166449 X=-2183.08 Y=15106.5
Time=167432 X=-2183.08 Y=15106.5
Time=168557 X=-2183.08 Y=15106.5
Time=169481 X=-2183.08 Y=15106.5
Time=170614 X=-2183.08 Y=15106.5
Time=171695 X=-2183.08 Y=15106.5
Time=172671 X=-2183.08 Y=15106.5
Time=173688 X=-2183.08 Y=15106.5
Time=174728 X=-2183.08 Y=15106.5
Time=175782 X=-2183.08 Y=15106.5
Time=176798 X=-2183.08 Y=15106.5
Time=177789 X=-2183.08 Y=15106.5
Time=178792 X=-2199.62 Y=15146.8
Time=179815 X=-2285.64 Y=15355.9
Time=180863 X=-2285.64 Y=15355.9
Time=181864 X=-2285.64 Y=15355.9
Time=182909 X=-2285.64 Y=15355.9
Time=183936 X=-1968.76 Y=15188.3
Time=184936 X=-1585.73 Y=15191.4
Time=185945 X=-1199.26 Y=15194.6
Time=186982 X=-972.447 Y=15412.1
Time=188005 X=-792.421 Y=15666.8
Time=189040 X=-682.602 Y=16028.8
Time=190076 X=-639.116 Y=16423.2
Time=191025 X=-599.281 Y=16784.5
Time=192108 X=-553.822 Y=17196.9
Time=193153 X=-509.957 Y=17594.7
Time=194149 X=-468.15 Y=17974
Time=195170 X=-444.628 Y=18138.6
Time=196160 X=-449.059 Y=17763.6
Time=197193 X=-453.74 Y=17367.4
Time=198217 X=-458.41 Y=16972.3
Time=199225 X=-463.006 Y=16583.3
Time=200278 X=-467.808 Y=16176.9
Time=201295 X=-472.435 Y=15785.4
Time=202290 X=-473.654 Y=15682.2
Time=203357 X=-736.181 Y=15602.8
Time=204340 X=-980.776 Y=15377.2
Time=205349 X=-1177.65 Y=15184.1
Time=206378 X=-1473.13 Y=15161.3
Time=207375 X=-1759.41 Y=15139.2
Time=208412 X=-2057.18 Y=15116.3
Time=209431 X=-2229 Y=15103
Time=210483 X=-2317.42 Y=15304.7
Time=211512 X=-2424.84 Y=15549.3
Time=212557 X=-2350.15 Y=15485.2
Time=213581 X=-2052.55 Y=15229.7
Time=214604 X=-1686.09 Y=15190.6
Time=215615 X=-1298.85 Y=15193.8
Time=216628 X=-921.137 Y=15209.9
Time=217696 X=-530.105 Y=15263
Time=218712 X=-554.886 Y=15238.5
Time=219735 X=-945.141 Y=15203.1
Time=220765 X=-1339.61 Y=15193.4
Time=221767 X=-1723.41 Y=15190.3
Time=222796 X=-2066.05 Y=15215.3
Time=223820 X=-2425.06 Y=15373.3
Time=224882 X=-2508.51 Y=15173.6
Time=225876 X=-2504.99 Y=14792.8
Time=226913 X=-2501.32 Y=14395.6
Time=227902 X=-2521.63 Y=14019.7
Time=228928 X=-2616.9 Y=13638.4
Time=229967 X=-2421.54 Y=13350
Time=230985 X=-2215.63 Y=13183.9
Time=232010 X=-2215.63 Y=13183.9
Time=233040 X=-2215.63 Y=13183.9
Time=234047 X=-2215.63 Y=13183.9
Time=235125 X=-2215.63 Y=13183.9
Time=236075 X=-2215.63 Y=13183.9
Time=237133 X=-2215.63 Y=13183.9
Time=238124 X=-2215.63 Y=13183.9
Time=239151 X=-2215.63 Y=13183.9
Time=240172 X=-2215.63 Y=13183.9
Time=241150 X=-2215.63 Y=13183.9
Time=242224 X=-2215.63 Y=13183.9
Time=243201 X=-2241.95 Y=13108.3
Time=244224 X=-2371.72 Y=12735.6
Time=245213 X=-2477.67 Y=12370.6
Time=246221 X=-2515.15 Y=11983.4
Time=247262 X=-2527.55 Y=11865.9
Time=248292 X=-2527.55 Y=11865.9
Time=249285 X=-2517.38 Y=12020.4
Time=250323 X=-2644.89 Y=11901.1
Time=251378 X=-2718 Y=11789
Time=252415 X=-2718 Y=11789
Time=253399 X=-2718 Y=11789
Time=254466 X=-2718 Y=11789
Time=255460 X=-2718 Y=11789
Time=256535 X=-2707.41 Y=11816.1
Time=257503 X=-2588.02 Y=12114
Time=258516 X=-2532.55 Y=12497.6
Time=259551 X=-2479.45 Y=12890.5
Time=260583 X=-2454.82 Y=13072.7
Time=261566 X=-2454.82 Y=13072.7
Time=262533 X=-2465.85 Y=12768.8
Time=263642 X=-2483 Y=12416
Time=264663 X=-2364.84 Y=12615.5
Time=265628 X=-2356.62 Y=12634
Time=266692 X=-2202.18 Y=12988.4
Time=267724 X=-2215.6 Y=12995.8
Time=268757 X=-2429.09 Y=13113.8
Time=269776 X=-2397.3 Y=13189.8
Time=270813 X=-2241.9 Y=13555.4
Time=271825 X=-2188.25 Y=13681.6
Time=272859 X=-2214.93 Y=13499
Time=273878 X=-2288.12 Y=13115.6
Time=274901 X=-2361.6 Y=12730.7
Time=275895 X=-2433 Y=12356.7
Time=276940 X=-2508.06 Y=11963.5
Time=277955 X=-2580.97 Y=11581.6
Time=278951 X=-2652.51 Y=11206.9
Time=279953 X=-2724.48 Y=10829.9
Time=280968 X=-2793.86 Y=10466.5
Time=281984 X=-2895.58 Y=10235.4
Time=283002 X=-3215.46 Y=10377.7
Time=284017 X=-3111.19 Y=10489.1
Time=285009 X=-2916.88 Y=10162.6
Time=286037 X=-2724.89 Y=9839.98
Time=287053 X=-2551.05 Y=9547.86
Time=288036 X=-2478.58 Y=9426.07
Time=289142 X=-2478.58 Y=9426.07
Time=290148 X=-2478.58 Y=9426.07
Time=291159 X=-2478.58 Y=9426.07
Time=292157 X=-2478.58 Y=9426.07
Time=293201 X=-2478.58 Y=9426.07
Time=294233 X=-2478.58 Y=9426.07
Time=295274 X=-2478.58 Y=9426.07
Time=296238 X=-2478.58 Y=9426.07
Time=297289 X=-2478.58 Y=9426.07
Time=298312 X=-2478.58 Y=9426.07
Time=299302 X=-2478.58 Y=9426.07
Time=300309 X=-2478.58 Y=9426.07
Time=301332 X=-2478.58 Y=9426.07
Time=302383 X=-2478.58 Y=9426.07
Time=303457 X=-2478.58 Y=9426.07
Time=304454 X=-2478.58 Y=9426.07
Time=305508 X=-2478.58 Y=9426.07
Time=306504 X=-2478.58 Y=9426.07
Time=307543 X=-2478.58 Y=9426.07
Time=308473 X=-2478.58 Y=9426.07
Time=309555 X=-2478.58 Y=9426.07
Time=310575 X=-2478.58 Y=9426.07
Time=311581 X=-2478.58 Y=9426.07
Time=312604 X=-2478.58 Y=9426.07
Time=313663 X=-2478.58 Y=9426.07
Time=314701 X=-2478.58 Y=9426.07
Time=315717 X=-2478.58 Y=9426.07
Time=316704 X=-2302.05 Y=9413.69
Time=317758 X=-1897.09 Y=9385.29
Time=318770 X=-1507.52 Y=9384.15
Time=319766 X=-1125.73 Y=9348.36
Time=320775 X=-742.381 Y=9280.06
Time=321812 X=-425.882 Y=9289.53
Time=322852 X=-386.656 Y=9290.97
Time=323849 X=-386.656 Y=9290.97
Time=324868 X=-386.656 Y=9290.97
Time=325909 X=-386.656 Y=9290.97
Time=326928 X=-386.656 Y=9290.97
Time=327944 X=-386.656 Y=9290.97
Time=328933 X=-386.656 Y=9290.97
Time=330022 X=-386.656 Y=9290.97
Time=331024 X=-386.656 Y=9290.97
Time=332066 X=-386.656 Y=9290.97
Time=333088 X=-386.656 Y=9290.97
Time=334099 X=-668.315 Y=9285.82
Time=335143 X=-1066.83 Y=9319.01
Time=336174 X=-1460.38 Y=9351.79
Time=337206 X=-1853.24 Y=9396.17
Time=338286 X=-2204.41 Y=9608.75
Time=339289 X=-2519.81 Y=9828.52
Time=340297 X=-2836.59 Y=10049.3
Time=341302 X=-3152.43 Y=10269.3
Time=342314 X=-3185.68 Y=10627.6
Time=343291 X=-3141.39 Y=10999.2
Time=344365 X=-3092.7 Y=11407.6
Time=345348 X=-3087.39 Y=11782.5
Time=346360 X=-3360.9 Y=11984.5
Time=347362 X=-3669.63 Y=12212.5
Time=348450 X=-3988.23 Y=12481.1
Time=349477 X=-4293.3 Y=12729.4
Time=350462 X=-4598.55 Y=12951.1
Time=351476 X=-4881.13 Y=13155.2
Time=352521 X=-5209.25 Y=13370.1
Time=353565 X=-5555.37 Y=13547
Time=354562 X=-5695 Y=13582
Time=355600 X=-5695 Y=13582
Time=356604 X=-5695 Y=13582
Time=357625 X=-5695 Y=13582
Time=358648 X=-5695 Y=13582
Time=359658 X=-5695 Y=13582
Time=360678 X=-5663.35 Y=13635.6
Time=361690 X=-5643 Y=13670
Time=362769 X=-5643 Y=13670
Time=363802 X=-5584.71 Y=13511
Time=364824 X=-5449.93 Y=13143.5
Time=365874 X=-5377.27 Y=12945.4
Time=366859 X=-5377.27 Y=12945.4
Time=367906 X=-5377.27 Y=12945.4
Time=368905 X=-5424.8 Y=13001.5
Time=369989 X=-5697.61 Y=13314.5
Time=371018 X=-5972.42 Y=13597.9
Time=372017 X=-6241.69 Y=13870.2
Time=373021 X=-6512.11 Y=14143.7
Time=374069 X=-6849.52 Y=14340.5
Time=375102 X=-7224.87 Y=14288.4
Time=376083 X=-7589.54 Y=14200
Time=377134 X=-7775.97 Y=14172.4
Time=378143 X=-7775.97 Y=14172.4
Time=379176 X=-7775.97 Y=14172.4
Time=380186 X=-7775.97 Y=14172.4
Time=381214 X=-7775.97 Y=14172.4
Time=382214 X=-7775.97 Y=14172.4
Time=383237 X=-7775.97 Y=14172.4
Time=384278 X=-7775.97 Y=14172.4
Time=385314 X=-7775.97 Y=14172.4
Time=386357 X=-7775.97 Y=14172.4
Time=387378 X=-7775.97 Y=14172.4
Time=388415 X=-7775.97 Y=14172.4
Time=389408 X=-7775.97 Y=14172.4
Time=390474 X=-7775.97 Y=14172.4
Time=391492 X=-7775.97 Y=14172.4
Time=392521 X=-7775.97 Y=14172.4
Time=393529 X=-7775.97 Y=14172.4
Time=394528 X=-7775.97 Y=14172.4
Time=395546 X=-7775.97 Y=14172.4
Time=396543 X=-7775.97 Y=14172.4
Time=397648 X=-7775.97 Y=14172.4
Time=398651 X=-7775.97 Y=14172.4
Time=399669 X=-7775.97 Y=14172.4
Time=400676 X=-7775.97 Y=14172.4
Time=401716 X=-7775.97 Y=14172.4
Time=402714 X=-7775.97 Y=14172.4
Time=403743 X=-7775.97 Y=14172.4
Time=404768 X=-7775.97 Y=14172.4
Time=405811 X=-7775.97 Y=14172.4
Time=406836 X=-7775.97 Y=14172.4
Time=407821 X=-7775.97 Y=14172.4
Time=408934 X=-7775.97 Y=14172.4
Time=409933 X=-7775.97 Y=14172.4
Time=410958 X=-7775.97 Y=14172.4
Time=411990 X=-7775.97 Y=14172.4
Time=412981 X=-7775.97 Y=14172.4
Time=414030 X=-7680.74 Y=14354.1
Time=415046 X=-7397.82 Y=14621.3
Time=416060 X=-7185.91 Y=14821.5
Time=417066 X=-7185.91 Y=14821.5
Time=418102 X=-7185.91 Y=14821.5
Time=419087 X=-7236.24 Y=14927.8
Time=420114 X=-7378.01 Y=15256.6
Time=421133 X=-7423 Y=15361
Time=422167 X=-7423 Y=15361
Time=423172 X=-7423 Y=15361
Time=424187 X=-7423 Y=15361
Time=425208 X=-7423 Y=15361
Time=426226 X=-7423 Y=15361
Time=427251 X=-7427.44 Y=15398.7
Time=428263 X=-7501.41 Y=15760
Time=429291 X=-7580.38 Y=16145.8
Time=430307 X=-7632.72 Y=16060.7
Time=431317 X=-7713.95 Y=15682.5
Time=432345 X=-7796.63 Y=15297.5
Time=433378 X=-7879.7 Y=14910.6
Time=434396 X=-7961.58 Y=14529.4
Time=435366 X=-7993.91 Y=14378.8
Time=436435 X=-7901.33 Y=14227.2
Time=437426 X=-7895.66 Y=14218.1
Time=438451 X=-7963.77 Y=13847
Time=439472 X=-8010.87 Y=13458.8
Time=440458 X=-8054.9 Y=13083.7
Time=441495 X=-8101.21 Y=12689.2
Time=442449 X=-8143 Y=12333.1
Time=443523 X=-8143 Y=12333.1
Time=444520 X=-8143 Y=12333.1
Time=445531 X=-8143 Y=12333.1
Time=446552 X=-8143 Y=12333.1
Time=447557 X=-8143 Y=12333.1
Time=448594 X=-8143 Y=12333.1
Time=449576 X=-8143 Y=12333.1
Time=450621 X=-8126.64 Y=12384.8
Time=451635 X=-8050.49 Y=12666.7
Time=452644 X=-8015.94 Y=12794.6
Time=453647 X=-8015.94 Y=12794.6
Time=454668 X=-8062.12 Y=12598.3
Time=455723 X=-8191.88 Y=12219
Time=456718 X=-8406.27 Y=11903.9
Time=457789 X=-8671.62 Y=11591.3
Time=458796 X=-8924.8 Y=11300.3
Time=459843 X=-8824.49 Y=11415.6
Time=460860 X=-8568.79 Y=11709.5
Time=461871 X=-8331.1 Y=12014.4
Time=462900 X=-8141.69 Y=12314.3
Time=463935 X=-8141.37 Y=12315.7
Time=464935 X=-8141.37 Y=12315.7
Time=465933 X=-8297.99 Y=12052.8
Time=466935 X=-8534.61 Y=11750.8
Time=467988 X=-8801.97 Y=11448.8
Time=468973 X=-9052.07 Y=11166.3
Time=470015 X=-9316.64 Y=10867.5
Time=471022 X=-9570.18 Y=10581.1
Time=471736 X=-9709.13 Y=10424.2
Time=473172 X=-10073.7 Y=10012.3
Time=474165 X=-10325.9 Y=9727.54
Time=475222 X=-10594.2 Y=9424.4
Time=476226 X=-10577.7 Y=9106.24
Time=477219 X=-10443.1 Y=8778.43
Time=478266 X=-10825 Y=8655.96
Time=479244 X=-11185.6 Y=8554.68
Time=480297 X=-11524 Y=8475.16
Time=481250 X=-11868.3 Y=8412.1
Time=482314 X=-12261.6 Y=8310.44
Time=483327 X=-12642.6 Y=8292.33
Time=484343 X=-12935.5 Y=8319.93
Time=485337 X=-12935.5 Y=8319.93
Time=486365 X=-12935.5 Y=8319.93
Time=487348 X=-12935.5 Y=8319.93
Time=488335 X=-12935.5 Y=8319.93
Time=489398 X=-12935.5 Y=8319.93
Time=490388 X=-12935.5 Y=8319.93
Time=491401 X=-12935.5 Y=8319.93
Time=492464 X=-12935.5 Y=8319.93
Time=493473 X=-12935.5 Y=8319.93
Time=494502 X=-12935.5 Y=8319.93
Time=495478 X=-12826.9 Y=8210.55
Time=496563 X=-12586.1 Y=7956.57
Time=497603 X=-12311.9 Y=7667.52
Time=498637 X=-12306.1 Y=7704.11
Time=499628 X=-12506.8 Y=8026.26
Time=500699 X=-12629.7 Y=8223.34
Time=501715 X=-12729 Y=8152.25
Time=502715 X=-13048.5 Y=7941.12
Time=503677 X=-13374.2 Y=7769.3
Time=504774 X=-13641.7 Y=7467.87
Time=505774 X=-13773.8 Y=7264.59
Time=506808 X=-13773.8 Y=7264.59
Time=507833 X=-13773.8 Y=7264.59
Time=508836 X=-13773.8 Y=7264.59
Time=509881 X=-13773.8 Y=7264.59
Time=510874 X=-13773.8 Y=7264.59
Time=511931 X=-13773.8 Y=7264.59
Time=512951 X=-13773.8 Y=7264.59
Time=514016 X=-13779.7 Y=7575.56
Time=514978 X=-13779.7 Y=7575.56
Time=516032 X=-13779.7 Y=7575.56
Time=517077 X=-13779.7 Y=7575.56
Time=518102 X=-13879.4 Y=7236.12
Time=519130 X=-13899 Y=7137
Time=520179 X=-13899 Y=7137
Time=521205 X=-13899 Y=7137
Time=522244 X=-13899 Y=7137
Time=523281 X=-13899 Y=7137
Time=524359 X=-13899 Y=7137
Time=525371 X=-13899 Y=7137
Time=526440 X=-13899 Y=7137
Time=527399 X=-13955.2 Y=7172.07
Time=528542 X=-14117.4 Y=7273.32
Time=529648 X=-14117.4 Y=7273.32
Time=530615 X=-14117.4 Y=7273.32
Time=531622 X=-14117.4 Y=7273.32
Time=532635 X=-14117.4 Y=7273.32
Time=533652 X=-14117.4 Y=7273.32
Time=534625 X=-14117.4 Y=7273.32
Time=535716 X=-14124 Y=7132.93
Time=536770 X=-14142.1 Y=6747.69
Time=537779 X=-14160.3 Y=6361.63
Time=538798 X=-14181.5 Y=5971.77
Time=539795 X=-14267.9 Y=5599.61
Time=540814 X=-14408.3 Y=5236.83
Time=541758 X=-14474 Y=5106
Time=542903 X=-14474 Y=5106
Time=543909 X=-14474 Y=5106
Time=544943 X=-14474 Y=5106
Time=545972 X=-14474 Y=5106
Time=546990 X=-14474 Y=5106
Time=547999 X=-14474 Y=5106
Time=549031 X=-14474 Y=5106
Time=550078 X=-14446.1 Y=5162.56
Time=551073 X=-14356.3 Y=5344.65
Time=552077 X=-14332 Y=5335.61
Time=553150 X=-14345.1 Y=5644.35
Time=554170 X=-14350.3 Y=5905.58
Time=555204 X=-14277.9 Y=5516.19
Time=556242 X=-14186.2 Y=5131.53
Time=557269 X=-14001.8 Y=4784.12
Time=558316 X=-13860.7 Y=4446.25
Time=559313 X=-13855.3 Y=4553.45
Time=560321 X=-13900 Y=4714
Time=561353 X=-13900 Y=4714
Time=562308 X=-13900 Y=4714
Time=563369 X=-13900 Y=4714
Time=564349 X=-13900 Y=4714
Time=565373 X=-13900 Y=4714
Time=566385 X=-13900 Y=4714
Time=567414 X=-13920.5 Y=4744.97
Time=568472 X=-14144.3 Y=5082.82
Time=569444 X=-14240.6 Y=5431.95
Time=570501 X=-14208.6 Y=5751.7
Time=571507 X=-14171.6 Y=6125.25
Time=572515 X=-14158.4 Y=6513.33
Time=573541 X=-14145 Y=6909.06
Time=574582 X=-14131.4 Y=7310.57
Time=575604 X=-14118 Y=7704.76
Time=576586 X=-14105.1 Y=8083.51
Time=577657 X=-14107 Y=8066.59
Time=578663 X=-14123.6 Y=7678.81
Time=579695 X=-14139.3 Y=7309.56
Time=581090 X=-14139.3 Y=7309.56
Time=582103 X=-13821.7 Y=7181.9
Time=583165 X=-13821.7 Y=7181.9
Time=584205 X=-13934.8 Y=6799.93
Time=585217 X=-14044.8 Y=6428.25
Time=586274 X=-14159.8 Y=6040.03
Time=587301 X=-14285.9 Y=5680.4
Time=588386 X=-14428.5 Y=5290.03
Time=589414 X=-14470.4 Y=5175.26
Time=590441 X=-14474.6 Y=5284.49
Time=591464 X=-14547.4 Y=5669.52
Time=592470 X=-14619 Y=6048.15
Time=593500 X=-14692.2 Y=6435.82
Time=594495 X=-14763 Y=6810.31
Time=595577 X=-14840 Y=7217.55
Time=596565 X=-14910.3 Y=7589.4
Time=597588 X=-14983.1 Y=7974.44
Time=598574 X=-15048.9 Y=8322.38
Time=599572 X=-15115.2 Y=8673.16
Time=600581 X=-15113.6 Y=9056.36
Time=601617 X=-15076.7 Y=9451.47
Time=602681 X=-15072.8 Y=9493.42
Time=603675 X=-15072.8 Y=9493.42
Time=604680 X=-15072.8 Y=9493.42
Time=605724 X=-15072.8 Y=9493.42
Time=606707 X=-15072.8 Y=9493.42
Time=607743 X=-15072.8 Y=9493.42
Time=608734 X=-15072.8 Y=9493.42
Time=609767 X=-15059 Y=9477.11
Time=610785 X=-14825.8 Y=9429.05
Time=611812 X=-14693.6 Y=9516.74
Time=612853 X=-14693.6 Y=9516.74
Time=613866 X=-14693.6 Y=9516.74
Time=614860 X=-14693.6 Y=9516.74
Time=615894 X=-14693.6 Y=9516.74
Time=616918 X=-14693.6 Y=9516.74
Time=617910 X=-14693.6 Y=9516.74
Time=618934 X=-14693.6 Y=9516.74
Time=619976 X=-14693.6 Y=9516.74
Time=620998 X=-14693.6 Y=9516.74
Time=622036 X=-14693.6 Y=9516.74
Time=623039 X=-14693.6 Y=9516.74
Time=624072 X=-14781.2 Y=9615.69
Time=625144 X=-15053.4 Y=9923.14
Time=626108 X=-15298.1 Y=10199.6
Time=627177 X=-15335.6 Y=10159.7
Time=628150 X=-15207.2 Y=9809.85
Time=629217 X=-15066.4 Y=9426.18
Time=630234 X=-14942.4 Y=9088.54
Time=631216 X=-14943.5 Y=9086.09
Time=632272 X=-15321.2 Y=9207.98
Time=633315 X=-15701.5 Y=9330.67
Time=634349 X=-16078.4 Y=9452.3
Time=635357 X=-16445.8 Y=9570.88
Time=636395 X=-16817.4 Y=9690.79
Time=637433 X=-16940.7 Y=9695.77
Time=638470 X=-16661.3 Y=9413.37
Time=639487 X=-16387.4 Y=9136.41
Time=640521 X=-16108.9 Y=8854.82
Time=641543 X=-15833.6 Y=8576.5
Time=642587 X=-15552.3 Y=8292.2
Time=643602 X=-15278.9 Y=8015.78
Time=644645 X=-15020 Y=7754
Time=645620 X=-14985.4 Y=7479.31
Time=646725 X=-14964.4 Y=7071.13
Time=647724 X=-14944.8 Y=6688.98
Time=648761 X=-14924.3 Y=6292.29
Time=649797 X=-14903.9 Y=5895.99
Time=650795 X=-14884.3 Y=5514.22
Time=651831 X=-14863.9 Y=5117.92
Time=652852 X=-14713.1 Y=4868.53
Time=653878 X=-14401 Y=4634.94
Time=654897 X=-14125.5 Y=4428.81
Time=655969 X=-13796.8 Y=4182.79
Time=656948 X=-13504.5 Y=4099.04
Time=657961 X=-13126.4 Y=4011.75
Time=658973 X=-12910 Y=3803.99
Time=660001 X=-12933.7 Y=3410.94
Time=660998 X=-12956.6 Y=3029.74
Time=662031 X=-12980.4 Y=2634.78
Time=663016 X=-13000.2 Y=2306.36
Time=664058 X=-12973.3 Y=1909.37
Time=665077 X=-12930.1 Y=1521.45
Time=666084 X=-12887.6 Y=1138.08
Time=667113 X=-12878.3 Y=1054.71
Time=668157 X=-12878.3 Y=1054.71
Time=669191 X=-12878.3 Y=1054.71
Time=670165 X=-12878.3 Y=1054.71
Time=671202 X=-12936.4 Y=805.457
Time=672211 X=-13066.8 Y=442.629
Time=673265 X=-13219.4 Y=68.844
Time=674249 X=-13361.8 Y=-280.116
Time=675303 X=-13471.9 Y=-665.345
Time=676344 X=-13544.4 Y=-1051.42
Time=677336 X=-13620.5 Y=-1135.26
Time=678328 X=-13596 Y=-1228
Time=679342 X=-13596 Y=-1228
Time=680352 X=-13596 Y=-1228
Time=681408 X=-13596 Y=-1228
Time=682390 X=-13522.5 Y=-1127.97
Time=683486 X=-13335.6 Y=-873.588
Time=684502 X=-13433.5 Y=-604.789
Time=685550 X=-13448.4 Y=-501.897
Time=686592 X=-13448.4 Y=-501.897
Time=687603 X=-13460.6 Y=-237.488
Time=688646 X=-13485.6 Y=11.0022
Time=689631 X=-13485.6 Y=11.0022
Time=690681 X=-13566.2 Y=-75.1292
Time=691784 X=-13831.5 Y=-403.567
Time=692851 X=-14073.8 Y=-732.74
Time=693864 X=-14303.8 Y=-1045.25
Time=694819 X=-14323.5 Y=-1072.09
Time=695872 X=-14323.5 Y=-1072.09
Time=696835 X=-14289.9 Y=-1069.58
Time=698000 X=-14180 Y=-966.077
Time=699064 X=-14037.7 Y=-582.861
Time=700058 X=-13904.2 Y=-223.232
Time=701043 X=-13772 Y=133.141
Time=702053 X=-13636.3 Y=498.558
Time=703105 X=-13708.4 Y=488.318
Time=704151 X=-13949.6 Y=167.038
Time=705146 X=-14178.5 Y=-137.746
Time=706148 X=-14408.9 Y=-444.673
Time=707190 X=-14611.9 Y=-714.984
Time=708199 X=-14690.9 Y=-820.236
Time=709252 X=-14690.9 Y=-820.236
Time=710272 X=-14690.9 Y=-820.236
Time=711286 X=-14690.9 Y=-820.236
Time=712291 X=-14690.9 Y=-820.236
Time=713284 X=-14690.9 Y=-820.236
Time=714327 X=-14690.9 Y=-820.236
Time=715367 X=-14690.9 Y=-820.236
Time=716372 X=-14690.9 Y=-820.236
Time=717344 X=-14525.1 Y=-548.266
Time=718440 X=-14321.8 Y=-180.98
Time=719451 X=-14134.2 Y=157.821
Time=720474 X=-13944.4 Y=500.644
Time=721478 X=-13756.9 Y=839.392
Time=722566 X=-13553.5 Y=1206.74
Time=723582 X=-13666.3 Y=1434.82
Time=724632 X=-14029.6 Y=1612.25
Time=725681 X=-14307.4 Y=1747.9
Time=726669 X=-14307.4 Y=1747.9
Time=727706 X=-14307.4 Y=1747.9
Time=728705 X=-14307.4 Y=1747.9
Time=729768 X=-14307.4 Y=1747.9
Time=730785 X=-14307.4 Y=1747.9
Time=731772 X=-14307.4 Y=1747.9
Time=732792 X=-14307.4 Y=1747.9
Time=733829 X=-14107.6 Y=1866.21
Time=734851 X=-13854.4 Y=2016.23
Time=735817 X=-13554.7 Y=2193.78
Time=736903 X=-13196.8 Y=2405.8
Time=737872 X=-12877.5 Y=2594.97
Time=738866 X=-12540.3 Y=2770.68
Time=739893 X=-12182.5 Y=2934.09
Time=740925 X=-11809.5 Y=3055.9
Time=741963 X=-11472.3 Y=3118.93
Time=742968 X=-11286.3 Y=3167.95
Time=743949 X=-11103.6 Y=3210.51
Time=745280 X=-10863 Y=3251
Time=746344 X=-10863 Y=3251
Time=747368 X=-10863 Y=3251
Time=748387 X=-10886.8 Y=3252.83
Time=749418 X=-10974.1 Y=3270.82
Time=750468 X=-11062.8 Y=3289.89
Time=751464 X=-11254.4 Y=3309.6
Time=752528 X=-11515 Y=3318
Time=753480 X=-11515 Y=3318
Time=754576 X=-11365.2 Y=3446.08
Time=755578 X=-11289 Y=3536
Time=756623 X=-11089.7 Y=3195.58
Time=757692 X=-11046.8 Y=3035.76
Time=758713 X=-11046.8 Y=3035.76
Time=759725 X=-11046.8 Y=3035.76
Time=760734 X=-11046.8 Y=3035.76
Time=761789 X=-11046.8 Y=3035.76
Time=762851 X=-11046.8 Y=3035.76
Time=763828 X=-11046.8 Y=3035.76
Time=764889 X=-10661.3 Y=3012.01
Time=765911 X=-10267.4 Y=2992.62
Time=766946 X=-9868.44 Y=2972.99
Time=767899 X=-9501.1 Y=2954.92
Time=769036 X=-9062.83 Y=2933.76
Time=770056 X=-8679.89 Y=2908.75
Time=771108 X=-8524.4 Y=2631.8
Time=772107 X=-8524.4 Y=2631.8
Time=773033 X=-8524.4 Y=2631.8
Time=774098 X=-8524.4 Y=2631.8
Time=775238 X=-8524.4 Y=2631.8
Time=776219 X=-8524.4 Y=2631.8
Time=777225 X=-8524.4 Y=2631.8
Time=778255 X=-8524.4 Y=2631.8
Time=779298 X=-8524.4 Y=2631.8
Time=780323 X=-8291.9 Y=2578.08
Time=781370 X=-7900.03 Y=2493.09
Time=782454 X=-7521.85 Y=2391.15
Time=783468 X=-7246.1 Y=2295.01
Time=784454 X=-6978.09 Y=2201.17
Time=785479 X=-6736.44 Y=2116.56
Time=786464 X=-6736.44 Y=2116.56
Time=787516 X=-6736.44 Y=2116.56
Time=788471 X=-6736.44 Y=2116.56
Time=789550 X=-6736.44 Y=2116.56
Time=790573 X=-6736.44 Y=2116.56
Time=791574 X=-6736.44 Y=2116.56
Time=792622 X=-6736.44 Y=2116.56
Time=793576 X=-6736.44 Y=2116.56
Time=794659 X=-6736.44 Y=2116.56
Time=795657 X=-6736.44 Y=2116.56
Time=796678 X=-6736.44 Y=2116.56
Time=797694 X=-6736.44 Y=2116.56
Time=798757 X=-6736.44 Y=2116.56
Time=799762 X=-6736.44 Y=2116.56
Time=800801 X=-6736.44 Y=2116.56
Time=801848 X=-6736.44 Y=2116.56
Time=802860 X=-6736.44 Y=2116.56
Time=803902 X=-6736.44 Y=2116.56
Time=804888 X=-6754.56 Y=2041.65
Time=805924 X=-6765.08 Y=1743.48
Time=806950 X=-6767.93 Y=1354.88
Time=807937 X=-6751.84 Y=977.229
Time=808979 X=-6698.62 Y=581.925
Time=810015 X=-6653 Y=278
Time=811024 X=-6653 Y=278
Time=812049 X=-6653 Y=278
Time=813060 X=-6730.76 Y=411.651
Time=814072 X=-6896.04 Y=651.713
Time=815104 X=-6917.1 Y=937.719
Time=816118 X=-6905.97 Y=985.075
Time=817195 X=-6905.97 Y=985.075
Time=818202 X=-6905.97 Y=985.075
Time=819252 X=-6905.97 Y=985.075
Time=820261 X=-6905.97 Y=985.075
Time=821302 X=-6618.31 Y=1151.82
Time=822300 X=-6245.71 Y=1211.64
Time=823342 X=-6109.75 Y=1209.35
Time=824418 X=-6109.75 Y=1209.35
Time=825411 X=-6109.75 Y=1209.35
Time=826432 X=-6109.75 Y=1209.35
Time=827401 X=-6109.75 Y=1209.35
Time=828478 X=-6235.34 Y=1300.4
Time=829575 X=-6575.55 Y=1547.03
Time=830582 X=-6887.84 Y=1773.42
Time=831627 X=-6495.17 Y=1723.62
Time=832672 X=-6095.78 Y=1750.24
Time=833677 X=-5786.12 Y=1770.87
Time=834663 X=-5606.23 Y=1782.85
Time=835768 X=-5606.23 Y=1782.85
Time=836760 X=-5606.23 Y=1782.85
Time=837750 X=-5606.23 Y=1782.85
Time=838767 X=-5606.23 Y=1782.85
Time=839812 X=-5606.23 Y=1782.85
Time=840820 X=-5606.23 Y=1782.85
Time=841844 X=-5606.23 Y=1782.85
Time=842861 X=-5606.23 Y=1782.85
Time=843872 X=-5618.6 Y=1783.02
Time=844873 X=-5947.74 Y=1837.48
Time=845977 X=-6364.94 Y=1906.52
Time=846985 X=-6745.87 Y=1969.56
Time=848030 X=-7128.07 Y=2087.11
Time=849070 X=-7480.04 Y=2267.11
Time=850076 X=-7757.05 Y=2449.46
Time=851061 X=-8072.19 Y=2656.92
Time=852046 X=-8387.33 Y=2864.38
Time=853083 X=-8403.2 Y=2740.38
Time=854103 X=-8378.79 Y=2647.39
Time=855132 X=-8085.35 Y=2567.44
Time=856191 X=-7693.98 Y=2460.81
Time=857189 X=-7325.15 Y=2360.32
Time=858204 X=-6950.04 Y=2258.12
Time=859225 X=-6773.04 Y=2209.9
Time=860257 X=-6734.81 Y=2353.51
Time=861294 X=-6636.68 Y=2731.63
Time=862320 X=-6636.1 Y=2716.7
Time=863358 X=-6622.15 Y=2359.96
Time=864377 X=-6609.29 Y=2030.81
Time=865419 X=-6593.69 Y=1631.99
Time=866417 X=-6578.76 Y=1250.01
Time=867466 X=-6563.07 Y=848.504
Time=868452 X=-6554.72 Y=634.931
Time=869493 X=-6456.43 Y=484.608
Time=870538 X=-6231.18 Y=153.723
Time=871532 X=-6016.93 Y=-161.013
Time=872527 X=-5828.29 Y=-438.119
Time=873562 X=-5613.16 Y=-754.131
Time=874585 X=-5513.62 Y=-927.669
Time=875618 X=-5464.11 Y=-1015.88
Time=876550 X=-5419.45 Y=-1095.46
Time=877638 X=-5367.3 Y=-1188.36
Time=878669 X=-5317.89 Y=-1276.4
Time=879680 X=-5269.43 Y=-1362.72
Time=880704 X=-5531.24 Y=-1274.61
Time=881727 X=-5531.24 Y=-1274.61
Time=882751 X=-5531.24 Y=-1274.61
Time=883743 X=-5531.24 Y=-1274.61
Time=884814 X=-5531.24 Y=-1274.61
Time=885817 X=-5490.38 Y=-1387.23
Time=886883 X=-5389.03 Y=-1677.01
Time=887863 X=-5310.26 Y=-1947.99
Time=888949 X=-5241.03 Y=-2252.77
Time=889982 X=-5127.16 Y=-2527.61
Time=890985 X=-5078.39 Y=-2760.81
Time=892015 X=-5157.79 Y=-2726.22
Time=893011 X=-5300.03 Y=-2477.33
Time=894016 X=-5405.85 Y=-2319.37
Time=895013 X=-5412 Y=-2269
Time=896067 X=-5412 Y=-2269
Time=897071 X=-5412 Y=-2269
Time=898123 X=-5412 Y=-2269
Time=899145 X=-5473.93 Y=-2347.97
Time=900206 X=-5724.74 Y=-2667.75
Time=901237 X=-5972.46 Y=-2973.35
Time=902300 X=-6143 Y=-3038
Time=903349 X=-6143 Y=-3038
Time=904375 X=-6143 Y=-3038
Time=905386 X=-6143 Y=-3038
Time=906415 X=-6143 Y=-3038
Time=907444 X=-6143 Y=-3038
Time=908446 X=-6143 Y=-3038
Time=909540 X=-6143 Y=-3038
Time=910547 X=-6143 Y=-3038
Time=911551 X=-6024.09 Y=-2992.92
Time=912586 X=-5925.36 Y=-2641.9
Time=913627 X=-5882.17 Y=-2245.51
Time=914725 X=-5917.5 Y=-1928.53
Time=915714 X=-5997.76 Y=-1558.3
Time=916739 X=-6080.94 Y=-1174.6
Time=917723 X=-6131.21 Y=-802.249
Time=918749 X=-6147.49 Y=-409.588
Time=919744 X=-6171.46 Y=-29.4521
Time=920806 X=-6251.99 Y=369.665
Time=921805 X=-6328.4 Y=744.616
Time=922821 X=-6402.88 Y=1110.12
Time=923918 X=-6473.29 Y=1455.64
Time=924923 X=-6550.16 Y=1832.84
Time=925920 X=-6626.41 Y=2207.04
Time=926934 X=-6703.96 Y=2587.62
Time=927976 X=-6730.56 Y=2760.24
Time=928996 X=-6555.28 Y=2411.07
Time=930007 X=-6381.54 Y=2064.98
Time=931005 X=-6289.21 Y=1694.52
Time=932043 X=-6211.76 Y=1356.83
Time=933063 X=-6146.08 Y=1070.5
Time=934067 X=-6081.43 Y=788.672
Time=935083 X=-6016.02 Y=503.47
Time=936109 X=-5935.33 Y=151.729
Time=937084 X=-5851.84 Y=-212.281
Time=938198 X=-5701.5 Y=-606.195
Time=939195 X=-5594.13 Y=-959.947
Time=940247 X=-5586.85 Y=-1158.99
Time=941228 X=-5582.69 Y=-1180.04
Time=942349 X=-5394.92 Y=-1294.41
Time=943297 X=-5266.96 Y=-1371.09
Time=944385 X=-5266.15 Y=-1553.39
Time=945416 X=-5264.36 Y=-1948.3
Time=946445 X=-5262.58 Y=-2342.45
Time=947439 X=-5262.2 Y=-2425.09
Time=948515 X=-5184.22 Y=-2138.69
Time=949531 X=-5114.26 Y=-1772.98
Time=950582 X=-5048.63 Y=-1429.94
Time=951567 X=-4977.74 Y=-1059.36
Time=952610 X=-4902.67 Y=-666.97
Time=953582 X=-4832.72 Y=-301.287
Time=954631 X=-4747.11 Y=91.5714
Time=955717 X=-4654.62 Y=497.142
Time=956834 X=-4559.5 Y=914.289
Time=957790 X=-4478.09 Y=1271.31
Time=958879 X=-4403.14 Y=1599.98
Time=959894 X=-4320.42 Y=1962.73
Time=960931 X=-4229.35 Y=2349.49
Time=961924 X=-4169.87 Y=2721.87
Time=962942 X=-4156.4 Y=3111.57
Time=963988 X=-4140.24 Y=3511.91
Time=965016 X=-4127.86 Y=3773.04
Time=966040 X=-4069.23 Y=3948.84
Time=967091 X=-3889.83 Y=4100.5
Time=968147 X=-3789.97 Y=4130.56
Time=969139 X=-3718 Y=4230.62
Time=970225 X=-3609 Y=4325
Time=971226 X=-3609 Y=4325
Time=972246 X=-3679.45 Y=4588.14
Time=973273 X=-3733.71 Y=4818.16
Time=974298 X=-3733.71 Y=4818.16
Time=975294 X=-3733.71 Y=4818.16
Time=976345 X=-3733.71 Y=4818.16
Time=977313 X=-3733.71 Y=4818.16
Time=978427 X=-3754.75 Y=4761.77
Time=979537 X=-3866.54 Y=4462.27
Time=980513 X=-3964.83 Y=4198.93
Time=981483 X=-4062.51 Y=3937.2
Time=982541 X=-4135.42 Y=3741.86
Time=983596 X=-4135.42 Y=3741.86
Time=984614 X=-4135.42 Y=3741.86
Time=985634 X=-4135.42 Y=3741.86
Time=986633 X=-4135.42 Y=3741.86
Time=987690 X=-4119.27 Y=4071.69
Time=988659 X=-4117.77 Y=4442.86
Time=989685 X=-4116.18 Y=4835.85
Time=990729 X=-4114.68 Y=5207.71
Time=991739 X=-4260.89 Y=5527.48
Time=992786 X=-4541.04 Y=5814.45
Time=993820 X=-4837.58 Y=6075.18
Time=994855 X=-5156.78 Y=6310.3
Time=995877 X=-5523.02 Y=6437.19
Time=996863 X=-5887.19 Y=6537.32
Time=997928 X=-6280.53 Y=6645.48
Time=998938 X=-6643.75 Y=6745.35
Time=1003710 X=-6777.99 Y=6818.38
Time=1006210 X=-7405.99 Y=7322.12
Time=1007389 X=-7626.05 Y=7231.34
Time=1008473 X=-7655.68 Y=6941.76
Time=1009462 X=-7653 Y=6828
Time=1010454 X=-7653 Y=6828
Time=1011474 X=-7653 Y=6828
Time=1012506 X=-7653 Y=6828
Time=1013566 X=-7505.53 Y=6877.29
Time=1014643 X=-7109.84 Y=6900.03
Time=1015735 X=-6738.9 Y=6712.72
Time=1016737 X=-6636.3 Y=6640.2
Time=1017760 X=-6636.3 Y=6640.2
Time=1018777 X=-6567.69 Y=6629.2
Time=1019811 X=-6198 Y=6620
Time=1020849 X=-5856.6 Y=6695.82
Time=1021856 X=-5855.5 Y=6741.49
Time=1022885 X=-6248.91 Y=6765.49
Time=1023901 X=-6633.55 Y=6788.95
Time=1024939 X=-6633.55 Y=6788.95
Time=1025952 X=-7014.71 Y=6861.58
Time=1026975 X=-7400 Y=6935
Time=1027985 X=-7739.97 Y=6972.7
Time=1028983 X=-8052.24 Y=7016.04
Time=1030037 X=-8452.13 Y=7071.55
Time=1031059 X=-8839.88 Y=7125.37
Time=1032101 X=-9228.96 Y=7213.79
Time=1033104 X=-9501.17 Y=7277.76
Time=1034172 X=-9501.17 Y=7277.76
Time=1035158 X=-9501.17 Y=7277.76
Time=1036206 X=-9501.17 Y=7277.76
Time=1037192 X=-9501.17 Y=7277.76
Time=1038252 X=-9501.17 Y=7277.76
Time=1039279 X=-9501.17 Y=7277.76
Time=1040323 X=-9501.17 Y=7277.76
Time=1041336 X=-9501.17 Y=7277.76
Time=1042369 X=-9501.17 Y=7277.76
Time=1043411 X=-9501.17 Y=7277.76
Time=1044439 X=-9675.44 Y=7367.63
Time=1045456 X=-9934.07 Y=7505.1
Time=1046477 X=-10194.9 Y=7641.3
Time=1047494 X=-10468.9 Y=7670.67
Time=1048498 X=-10748.9 Y=7598.44
Time=1049488 X=-11054.4 Y=7519.61
Time=1050576 X=-11458 Y=7415.5
Time=1051565 X=-11824.8 Y=7320.87
Time=1052576 X=-12199.8 Y=7224.13
Time=1053589 X=-12575.5 Y=7127.19
Time=1054597 X=-12901.7 Y=6931.39
Time=1055622 X=-13215.1 Y=6694.85
Time=1056603 X=-13515 Y=6468.47
Time=1057658 X=-13798.8 Y=6254.27
Time=1058638 X=-14083.5 Y=6039.35
Time=1059660 X=-14417.1 Y=5836.03
Time=1060688 X=-14577.7 Y=5691.63
Time=1061702 X=-14539.5 Y=5305.12
Time=1062710 X=-14501.5 Y=4920.89
Time=1063739 X=-14462.7 Y=4528.66
Time=1064804 X=-14422.5 Y=4122.7
Time=1065794 X=-14400.2 Y=3744.32
Time=1066806 X=-14391.1 Y=3445.97
Time=1067794 X=-14382.4 Y=3161.56
Time=1068785 X=-14373.7 Y=2876.29
Time=1069878 X=-14364.1 Y=2561.65
Time=1070876 X=-14355.3 Y=2274.36
Time=1071894 X=-14346.4 Y=1981.31
Time=1072915 X=-14341.2 Y=1811.18
Time=1073906 X=-14348.4 Y=1803.28
Time=1074931 X=-14255.2 Y=1739.97
Time=1075909 X=-13951.2 Y=1533.27
Time=1076985 X=-13610.3 Y=1301.57
Time=1077987 X=-13292.9 Y=1085.79
Time=1079017 X=-12980.5 Y=873.469
Time=1080024 X=-12949.4 Y=893.04
Time=1081079 X=-12837.5 Y=968.502
Time=1082058 X=-12951.5 Y=812.228
Time=1083121 X=-13191 Y=482.956
Time=1084073 X=-13405.5 Y=188.067
Time=1085110 X=-13442.7 Y=136.94
Time=1086180 X=-13570 Y=-161.905
Time=1087157 X=-13583.8 Y=-194.327
Time=1088149 X=-13500.7 Y=-526.523
Time=1089198 X=-13486 Y=-585.619
Time=1090231 X=-13829.3 Y=-663.465
Time=1091195 X=-14176.4 Y=-742.181
Time=1092257 X=-14474.7 Y=-809.82
Time=1093206 X=-14811.4 Y=-886.172
Time=1094311 X=-14824.2 Y=-889.084
Time=1095391 X=-14843.3 Y=-538.972
Time=1096402 X=-14889.3 Y=-154.468
Time=1097367 X=-14899.3 Y=214.25
Time=1098412 X=-14892.6 Y=562.476
Time=1099391 X=-14885.5 Y=937.404
Time=1100425 X=-14889.9 Y=1333.55
Time=1101431 X=-14910.9 Y=1718.32
Time=1102440 X=-14928 Y=2032
Time=1103530 X=-14585.2 Y=2133.04
Time=1104496 X=-14230.3 Y=2237.65
Time=1105499 X=-13861.8 Y=2346.26
Time=1106552 X=-13524.7 Y=2445.63
Time=1107568 X=-13153.8 Y=2563.08
Time=1108570 X=-12796.8 Y=2704.05
Time=1109510 X=-12461.9 Y=2836.3
Time=1110612 X=-12069.3 Y=2991.34
Time=1111590 X=-11701.4 Y=3019.3
Time=1112590 X=-11318.4 Y=3006.54
Time=1113669 X=-11140.4 Y=2968.79
Time=1114702 X=-11071.3 Y=3155.22
Time=1115770 X=-10964.4 Y=3443.64
Time=1116753 X=-10864.2 Y=3714.18
Time=1117813 X=-10827.2 Y=3813.9
Time=1118849 X=-10827.2 Y=3813.9
Time=1119826 X=-10827.2 Y=3813.9
Time=1120883 X=-10827.2 Y=3813.9
Time=1121869 X=-10827.2 Y=3813.9
Time=1122895 X=-10827.2 Y=3813.9
Time=1123867 X=-10827.2 Y=3813.9
Time=1124923 X=-10827.2 Y=3813.9
Time=1125947 X=-10827.2 Y=3813.9
Time=1126980 X=-10827.2 Y=3813.9
Time=1127945 X=-10827.2 Y=3813.9
Time=1129048 X=-10827.2 Y=3813.9
Time=1130051 X=-10827.3 Y=3813.9
Time=1131093 X=-10832.2 Y=3818.03
Time=1132083 X=-10832.2 Y=3818.03
Time=1133117 X=-10854.3 Y=3836.52
Time=1134115 X=-10853.3 Y=3835.71
Time=1135140 X=-10853.3 Y=3835.71
Time=1136166 X=-10874 Y=3851.63
Time=1137204 X=-10903.8 Y=3877.93
Time=1138221 X=-10859 Y=3840.45
Time=1139274 X=-10859 Y=3840.45
Time=1140297 X=-10859 Y=3840.45
Time=1141314 X=-10859 Y=3840.45
Time=1142378 X=-10859 Y=3840.45
Time=1143374 X=-10859 Y=3840.45
Time=1144393 X=-10859 Y=3840.45
Time=1145414 X=-10859 Y=3840.45
Time=1146435 X=-10898.8 Y=3832.6
Time=1147497 X=-11035.9 Y=3805.58
Time=1148501 X=-11297.3 Y=3779.32
Time=1149520 X=-11663.7 Y=3838.75
Time=1150549 X=-12052.7 Y=3901.87
Time=1151576 X=-12439.4 Y=3971.96
Time=1152636 X=-12826.9 Y=4093.21
Time=1153675 X=-13178.1 Y=4278.48
Time=1154673 X=-13511.3 Y=4465.99
Time=1155700 X=-13811.4 Y=4668.69
Time=1156713 X=-14054.5 Y=4970.25
Time=1157740 X=-14243.2 Y=5259.94
Time=1158791 X=-14388.7 Y=5635.28
Time=1159792 X=-14508.3 Y=5943.48
Time=1160810 X=-14442.1 Y=6014.83
Time=1161835 X=-14130.9 Y=6247.73
Time=1162845 X=-13797.2 Y=6443.54
Time=1163873 X=-13457.6 Y=6642.85
Time=1164901 X=-13118 Y=6842.16
Time=1165922 X=-12838.9 Y=7006
Time=1166925 X=-12530.5 Y=7138.8
Time=1167922 X=-12160.7 Y=7234.2
Time=1168947 X=-11780.5 Y=7332.28
Time=1169966 X=-11402.6 Y=7429.79
Time=1170973 X=-11029.1 Y=7526.15
Time=1172001 X=-10654.1 Y=7622.9
Time=1173003 X=-10285.6 Y=7684.09
Time=1174032 X=-9934.89 Y=7503.77
Time=1175036 X=-9596.44 Y=7321.15
Time=1176046 X=-9568.12 Y=7305.87
Time=1177034 X=-9732.56 Y=7002.01
Time=1178131 X=-9746.71 Y=6975.86
Time=1179143 X=-9746.71 Y=6975.86
Time=1180161 X=-9746.71 Y=6975.86
Time=1181173 X=-9746.71 Y=6975.86
Time=1182197 X=-9746.71 Y=6975.86
Time=1183224 X=-9746.71 Y=6975.86
Time=1184269 X=-9746.71 Y=6975.86
Time=1185272 X=-9746.71 Y=6975.86
Time=1186281 X=-9746.71 Y=6975.86
Time=1187301 X=-9746.71 Y=6975.86
Time=1188380 X=-9746.71 Y=6975.86
Time=1189368 X=-9746.71 Y=6975.86
Time=1190372 X=-9746.71 Y=6975.86
Time=1191392 X=-9746.71 Y=6975.86
Time=1192450 X=-9746.71 Y=6975.86
Time=1193481 X=-9746.71 Y=6975.86
Time=1194471 X=-9746.71 Y=6975.86
Time=1195572 X=-9746.71 Y=6975.86
Time=1196510 X=-9746.71 Y=6975.86
Time=1197569 X=-9746.71 Y=6975.86
Time=1198604 X=-9746.71 Y=6975.86
Time=1199563 X=-9746.71 Y=6975.86
Time=1200630 X=-9581.19 Y=7185.18
Time=1201608 X=-9707.49 Y=7536.93
Time=1202658 X=-9829.94 Y=7782.34
Time=1203698 X=-9997.46 Y=7614.62
Time=1204735 X=-10254.2 Y=7910.71
Time=1205774 X=-10473.4 Y=7926.68
Time=1206765 X=-10806.7 Y=7914.87
Time=1207789 X=-11102 Y=8173.07
Time=1208785 X=-11322 Y=8023.61
Time=1209835 X=-11654.4 Y=7797.26
Time=1210832 X=-11970.1 Y=7582.33
Time=1211827 X=-12285.1 Y=7367.83
Time=1212846 X=-12607.8 Y=7148.15
Time=1213860 X=-12906.2 Y=6910.84
Time=1214864 X=-13148.6 Y=6691.61
Time=1215871 X=-13434.6 Y=6432.83
Time=1216898 X=-13722.1 Y=6164.56
Time=1217816 X=-13932.9 Y=5883.16
Time=1218949 X=-14193.2 Y=5535.86
Time=1219942 X=-14211.9 Y=5174.24
Time=1220944 X=-14098.5 Y=4807.56
Time=1221955 X=-13984.1 Y=4437.59
Time=1222984 X=-13879.4 Y=4098.9
Time=1223967 X=-13768.1 Y=3739.18
Time=1225006 X=-13650.6 Y=3358.96
Time=1226046 X=-13532.9 Y=2978.38
Time=1227076 X=-13416.3 Y=2601.46
Time=1228083 X=-13302.4 Y=2232.95
Time=1229068 X=-13190.9 Y=1872.49
Time=1230092 X=-13075.1 Y=1497.77
Time=1231105 X=-12967.8 Y=1150.95
Time=1232132 X=-12863.9 Y=814.8
Time=1233149 X=-12916.9 Y=558.553
Time=1234155 X=-13099.8 Y=219.364
Time=1235182 X=-13286.5 Y=-126.905
Time=1236178 X=-13450.4 Y=-471.743
Time=1237208 X=-13609 Y=-811
Time=1238254 X=-13608.1 Y=-1174.12
Time=1239259 X=-13628.4 Y=-1558.51
Time=1240262 X=-13664.2 Y=-1869.18
Time=1241267 X=-13844.5 Y=-2008.75
Time=1242307 X=-13918.7 Y=-1993.03
Time=1243309 X=-13910.1 Y=-1997.84
Time=1244369 X=-13859 Y=-2051.26
Time=1245347 X=-13646.9 Y=-2321.67
Time=1246374 X=-13714.5 Y=-2644.08
Time=1247411 X=-13714.5 Y=-2644.08
Time=1248471 X=-13714.5 Y=-2644.08
Time=1249501 X=-13714.5 Y=-2644.08
Time=1250514 X=-13714.5 Y=-2644.08
Time=1251575 X=-13714.5 Y=-2644.08
Time=1252639 X=-13714.5 Y=-2644.08
Time=1253641 X=-13695 Y=-2651
Time=1254690 X=-13300.1 Y=-2724.9
Time=1255770 X=-12904.3 Y=-2846.68
Time=1256741 X=-12671.1 Y=-3044.27
Time=1257776 X=-12514 Y=-3066
Time=1258809 X=-12514 Y=-3066
Time=1259857 X=-12514 Y=-3066
Time=1260868 X=-12514 Y=-3066
Time=1261854 X=-12514 Y=-3066
Time=1262942 X=-12674.6 Y=-2961.61
Time=1263980 X=-12674.6 Y=-2961.61
Time=1264967 X=-12674.6 Y=-2961.61
Time=1266002 X=-12674.6 Y=-2961.61
Time=1267025 X=-12674.6 Y=-2961.61
Time=1268047 X=-12674.6 Y=-2961.61
Time=1269139 X=-12393.5 Y=-2799.41
Time=1270163 X=-12526.9 Y=-2816.87
Time=1271164 X=-12192.2 Y=-3008.82
Time=1272225 X=-12085.9 Y=-3073.84
Time=1273236 X=-12085.9 Y=-3073.84
Time=1274284 X=-12085.9 Y=-3073.84
Time=1275267 X=-12085.9 Y=-3073.84
Time=1276329 X=-12337.1 Y=-3012.31
Time=1277345 X=-12713.5 Y=-2940.22
Time=1278387 X=-13004 Y=-2751.93
Time=1279388 X=-12986.2 Y=-2692.47
Time=1280382 X=-12871 Y=-2973
Time=1281428 X=-12871 Y=-2973
Time=1282417 X=-13062 Y=-2877.48
Time=1283484 X=-13275.4 Y=-2830.25
Time=1284465 X=-13531.2 Y=-2777.84
Time=1285481 X=-13601.6 Y=-2786.91
Time=1286498 X=-13810 Y=-2813.74
Time=1287467 X=-13729.1 Y=-2801.73
Time=1288455 X=-13351.9 Y=-2745.83
Time=1289533 X=-12940.4 Y=-2684.84
Time=1290653 X=-12514.4 Y=-2621.7
Time=1291703 X=-12116.5 Y=-2562.73
Time=1292722 X=-11961.6 Y=-2539.77
Time=1293718 X=-11779 Y=-2607.99
Time=1294771 X=-11401.1 Y=-2749.12
Time=1295809 X=-11016.7 Y=-2825.48
Time=1296848 X=-10618.8 Y=-2833.54
Time=1297845 X=-10237 Y=-2841.27
Time=1298875 X=-9854.04 Y=-2777.1
Time=1299903 X=-9807.81 Y=-2756.64
Time=1300926 X=-9807.81 Y=-2756.64
Time=1301959 X=-9807.81 Y=-2756.64
Time=1303001 X=-9807.81 Y=-2756.64
Time=1304031 X=-9807.81 Y=-2756.64
Time=1305064 X=-9807.81 Y=-2756.64
Time=1306073 X=-10064.1 Y=-2845.44
Time=1307110 X=-10461 Y=-2861.12
Time=1308111 X=-10254.7 Y=-2852.97
Time=1309162 X=-9944.9 Y=-2763.22
Time=1310213 X=-9944.9 Y=-2763.22
Time=1311203 X=-9944.9 Y=-2763.22
Time=1312237 X=-9944.9 Y=-2763.22
Time=1313302 X=-9944.9 Y=-2763.22
Time=1314301 X=-9944.9 Y=-2763.22
Time=1315357 X=-9944.9 Y=-2763.22
Time=1316387 X=-9944.9 Y=-2763.22
Time=1317410 X=-9944.9 Y=-2763.22
Time=1318451 X=-10122.3 Y=-2847.74
Time=1319457 X=-10190.3 Y=-2606
Time=1320491 X=-10190.3 Y=-2606
Time=1321514 X=-10011.7 Y=-2853.29
Time=1322538 X=-9935.04 Y=-2868.68
Time=1323563 X=-9935.04 Y=-2868.68
Time=1324584 X=-10260.2 Y=-2873.19
Time=1325626 X=-10659.3 Y=-2878.72
Time=1326657 X=-10994.1 Y=-2883.36
Time=1327721 X=-10785.1 Y=-2867.25
Time=1328696 X=-10411.8 Y=-2855.91
Time=1329767 X=-10001.9 Y=-2840.11
Time=1330691 X=-9649.59 Y=-2806.38
Time=1331820 X=-9219.1 Y=-2765.17
Time=1332827 X=-8835.14 Y=-2728.42
Time=1333895 X=-8494.04 Y=-2737.71
Time=1334890 X=-8122.05 Y=-2796.86
Time=1335894 X=-7755.77 Y=-2855.11
Time=1336917 X=-7368.78 Y=-2916.65
Time=1337911 X=-6992.76 Y=-2976.44
Time=1338912 X=-6615.97 Y=-3046.3
Time=1339956 X=-6229.42 Y=-3148.6
Time=1340962 X=-5938.85 Y=-3240.36
Time=1341984 X=-5570.09 Y=-3371.68
Time=1342981 X=-5215.46 Y=-3513.31
Time=1344048 X=-4838.82 Y=-3672.01
Time=1345037 X=-4516.97 Y=-3807.83
Time=1346063 X=-4335.93 Y=-3884.22
Time=1347064 X=-4245.89 Y=-3922.22
Time=1348115 X=-4162.22 Y=-3957.53
Time=1349150 X=-4148.53 Y=-3963.3
Time=1350132 X=-4148.53 Y=-3963.3
Time=1351215 X=-4148.53 Y=-3963.3
Time=1352203 X=-4148.53 Y=-3963.3
Time=1353209 X=-4148.53 Y=-3963.3
Time=1354235 X=-4148.53 Y=-3963.3
Time=1355305 X=-4148.53 Y=-3963.3
Time=1356341 X=-4148.53 Y=-3963.3
Time=1357359 X=-4148.53 Y=-3963.3
Time=1358386 X=-4148.53 Y=-3963.3
Time=1359369 X=-4148.53 Y=-3963.3
Time=1360396 X=-4167.83 Y=-3965.93
Time=1361402 X=-4418.73 Y=-4132.44
Time=1362426 X=-4685.87 Y=-4309.72
Time=1363470 X=-4714.4 Y=-4249.08
Time=1364526 X=-4994.19 Y=-3955.98
Time=1365524 X=-5248.93 Y=-3667.11
Time=1366581 X=-5518.74 Y=-3361.16
Time=1367540 X=-5763.52 Y=-3083.58
Time=1368562 X=-5819.44 Y=-2868.04
Time=1369610 X=-5848.07 Y=-2465.5
Time=1370694 X=-5893.87 Y=-2053.96
Time=1371707 X=-5990.41 Y=-1678.14
Time=1372679 X=-6074.13 Y=-1352.24
Time=1373717 X=-6167.75 Y=-987.765
Time=1374710 X=-6254 Y=-652
Time=1375834 X=-6352.83 Y=-312.167
Time=1376806 X=-6472.7 Y=40.0833
Time=1377813 X=-6542.77 Y=419.386
Time=1378812 X=-6612.29 Y=795.675
Time=1379848 X=-6684.38 Y=1185.9
Time=1380852 X=-6754.25 Y=1564.07
Time=1381879 X=-6813.52 Y=1884.93
Time=1382898 X=-7001.94 Y=1985.92
Time=1383933 X=-7376.18 Y=2116.73
Time=1384925 X=-7734.88 Y=2242.11
Time=1385959 X=-8108.76 Y=2372.79
Time=1386992 X=-8482.28 Y=2503.35
Time=1388004 X=-8848.21 Y=2631.25
Time=1389036 X=-9221.37 Y=2761.68
Time=1390033 X=-9546.44 Y=2865.8
Time=1391034 X=-9821.04 Y=2953.59
Time=1392039 X=-10096.7 Y=3041.72
Time=1393058 X=-10376.3 Y=3131.09
Time=1394059 X=-10711.8 Y=3238.35
Time=1395104 X=-11093.1 Y=3360.24
Time=1396116 X=-11320.8 Y=3373.83
Time=1397128 X=-11663.7 Y=3193.13
Time=1398158 X=-12011.6 Y=3006.88
Time=1399185 X=-12340.1 Y=2791.07
Time=1400213 X=-12654.6 Y=2553.91
Time=1401208 X=-12950 Y=2313.25
Time=1402250 X=-13228.3 Y=2042.54
Time=1403256 X=-13504.5 Y=1773.83
Time=1404274 X=-13783.9 Y=1501.9
Time=1405256 X=-14053.5 Y=1239.6
Time=1406290 X=-14337.4 Y=963.399
Time=1407329 X=-14585.6 Y=721.855
Time=1408304 X=-14853.3 Y=461.418
Time=1409322 X=-15031.1 Y=246.285
Time=1410360 X=-15194.2 Y=-116.331
Time=1411375 X=-15353.6 Y=-470.912
Time=1412379 X=-15511.4 Y=-821.65
Time=1413404 X=-15716.7 Y=-1153.36
Time=1414373 X=-15941.8 Y=-1448.42
Time=1415426 X=-16165.8 Y=-1741.86
Time=1416420 X=-16375.4 Y=-2016.51
Time=1417474 X=-16620.2 Y=-2337.54
Time=1418459 X=-16838.9 Y=-2583.58
Time=1419470 X=-16859 Y=-2745
Time=1420496 X=-16859 Y=-2745
Time=1421510 X=-16859 Y=-2745
Time=1422548 X=-16859 Y=-2745
Time=1423493 X=-16859 Y=-2745
Time=1424564 X=-16859 Y=-2745
Time=1425584 X=-16859 Y=-2745
Time=1426624 X=-16859 Y=-2745
Time=1427610 X=-16859 Y=-2745
Time=1428713 X=-16859 Y=-2745
Time=1429722 X=-16859 Y=-2745
Time=1430747 X=-16859 Y=-2745
Time=1431763 X=-16859 Y=-2745
Time=1432764 X=-16859 Y=-2745
Time=1433574 X=-16859 Y=-2745
Time=1434902 X=-16767 Y=-2726.5
Time=1435968 X=-16588.8 Y=-2619.59
Time=1437061 X=-16351.7 Y=-2595.87
Time=1438081 X=-16351.7 Y=-2595.87
Time=1439098 X=-16351.7 Y=-2595.87
Time=1440147 X=-16311.6 Y=-2575.85
Time=1441135 X=-16298.8 Y=-2649.96
Time=1442194 X=-16484.4 Y=-2641.67
Time=1443190 X=-16704 Y=-2631.44
Time=1444236 X=-16704 Y=-2631.44
Time=1445275 X=-16563.6 Y=-2540.27
Time=1446285 X=-16239.1 Y=-2329.55
Time=1447295 X=-16175.8 Y=-2488.95
Time=1448316 X=-16220.9 Y=-2877.44
Time=1449367 X=-16267.2 Y=-3277.33
Time=1450359 X=-16311 Y=-3654.78
Time=1451344 X=-16346.5 Y=-3960.93
Time=1452376 X=-16392 Y=-4353.6
Time=1453393 X=-16421 Y=-4741.91
Time=1454457 X=-16427 Y=-5149.76
Time=1455403 X=-16543.3 Y=-5409.8
Time=1456450 X=-16742.5 Y=-5436.5
Time=1457484 X=-16650.5 Y=-5821.74
Time=1458478 X=-16562.1 Y=-6192.08
Time=1459508 X=-16475.6 Y=-6554.38
Time=1460530 X=-16359.8 Y=-6927.67
Time=1461550 X=-16222.2 Y=-7293.34
Time=1462549 X=-16087.4 Y=-7651.49
Time=1463624 X=-15942.4 Y=-8036.88
Time=1464658 X=-15806.8 Y=-8397.26
Time=1465684 X=-15621.5 Y=-8682.92
Time=1466696 X=-15407.8 Y=-8863.98
Time=1467674 X=-15407.8 Y=-8863.98
Time=1468695 X=-15407.8 Y=-8863.98
Time=1469702 X=-15407.8 Y=-8863.98
Time=1470787 X=-15401 Y=-8950.12
Time=1471797 X=-15053.1 Y=-9084.93
Time=1472815 X=-14684.5 Y=-9212.25
Time=1473791 X=-14389.7 Y=-9314.09
Time=1474829 X=-14183.4 Y=-9557.83
Time=1475838 X=-13958 Y=-9825
Time=1476840 X=-15386.4 Y=-8959.5
Time=1477916 X=-14998 Y=-9097.47
Time=1478937 X=-14629.5 Y=-9228.39
Time=1479952 X=-14397.6 Y=-9310.77
Time=1480974 X=-14189.3 Y=-9397.56
Time=1481997 X=-14088.3 Y=-9471.98
Time=1483044 X=-14088.3 Y=-9471.98
Time=1484020 X=-14088.3 Y=-9471.98
Time=1485106 X=-14088.3 Y=-9471.98
Time=1486121 X=-14088.3 Y=-9471.98
Time=1487157 X=-14088.3 Y=-9471.98
Time=1488186 X=-14088.3 Y=-9471.98
Time=1489217 X=-14088.3 Y=-9471.98
Time=1490237 X=-14088.3 Y=-9471.98
Time=1491233 X=-14088.3 Y=-9471.98
Time=1492240 X=-14088.3 Y=-9471.98
Time=1493252 X=-14088.3 Y=-9471.98
Time=1494276 X=-14088.3 Y=-9471.98
Time=1495293 X=-14088.3 Y=-9471.98
Time=1496331 X=-14088.3 Y=-9471.98
Time=1497335 X=-14088.3 Y=-9471.98
Time=1498383 X=-14088.3 Y=-9471.98
Time=1499402 X=-14088.3 Y=-9471.98
Time=1500446 X=-14237.5 Y=-9387.15
Time=1501448 X=-14599 Y=-9265.99
Time=1502542 X=-15005.1 Y=-9162.89
Time=1503535 X=-15324.3 Y=-9081.87
Time=1504625 X=-15572 Y=-9019
Time=1505631 X=-15252 Y=-9093.9
Time=1506635 X=-14877.6 Y=-9181.61
Time=1507666 X=-14493.1 Y=-9271.68
Time=1508634 X=-14132 Y=-9356.24
Time=1509728 X=-14064.6 Y=-9372.04
Time=1510706 X=-14019.1 Y=-9511.79
Time=1511733 X=-13896 Y=-9555.43
Time=1512813 X=-13743.4 Y=-9610.76
Time=1513769 X=-13733.7 Y=-9484.18
Time=1514823 X=-13765 Y=-9428.68
Time=1515752 X=-13865.1 Y=-9770.16
Time=1516852 X=-13983.6 Y=-10174.5
Time=1517859 X=-14052.8 Y=-10475.4
Time=1518864 X=-14126.1 Y=-10853.3
Time=1519886 X=-14177.7 Y=-11241.3
Time=1520890 X=-14225.1 Y=-11622.9
Time=1521943 X=-14274.7 Y=-12023.2
Time=1522964 X=-14304.1 Y=-12260
Time=1524020 X=-14314 Y=-12601
Time=1525037 X=-14314 Y=-12601
Time=1526055 X=-14314 Y=-12601
Time=1527069 X=-14314 Y=-12601
Time=1528089 X=-14314 Y=-12601
Time=1529115 X=-14314 Y=-12601
Time=1530156 X=-14319.4 Y=-12603.3
Time=1531152 X=-14318.6 Y=-12562.9
Time=1532168 X=-14378.6 Y=-12460.6
Time=1533221 X=-14562 Y=-12148
Time=1534254 X=-14562 Y=-12148
Time=1535253 X=-14504.7 Y=-12316.2
Time=1536379 X=-14345.3 Y=-12658.2
Time=1537348 X=-14176.5 Y=-12987.7
Time=1538335 X=-13916.9 Y=-13262.3
Time=1539395 X=-13637.8 Y=-13543.8
Time=1540388 X=-13521.3 Y=-13655.8
Time=1541415 X=-13429.2 Y=-13744.5
Time=1542457 X=-13429.2 Y=-13744.5
Time=1543405 X=-13429.2 Y=-13744.5
Time=1544491 X=-13429.2 Y=-13744.5
Time=1545514 X=-13429.2 Y=-13744.5
Time=1546560 X=-13429.2 Y=-13744.5
Time=1547555 X=-13429.2 Y=-13744.5
Time=1548709 X=-13429.2 Y=-13744.5
Time=1549746 X=-13429.2 Y=-13744.5
Time=1550804 X=-13487.7 Y=-14009.3
Time=1551870 X=-13487.7 Y=-14009.3
Time=1552901 X=-13487.7 Y=-14009.3
Time=1553907 X=-13487.7 Y=-14009.3
Time=1554943 X=-13275 Y=-13967.7
Time=1555986 X=-12882.9 Y=-13891.1
Time=1557054 X=-12481.4 Y=-13812.6
Time=1558051 X=-12270.6 Y=-13772.2
Time=1559061 X=-12078.2 Y=-13753
Time=1560174 X=-11895 Y=-13742.5
Time=1561197 X=-11876.2 Y=-13764.6
Time=1562197 X=-11876.2 Y=-13764.6
Time=1563241 X=-11876.2 Y=-13764.6
Time=1564239 X=-11876.2 Y=-13764.6
Time=1565231 X=-11876.2 Y=-13764.6
Time=1566308 X=-11876.2 Y=-13764.6
Time=1567317 X=-11876.2 Y=-13764.6
Time=1568348 X=-11876.2 Y=-13764.6
Time=1569382 X=-11876.2 Y=-13764.6
Time=1570442 X=-11876.2 Y=-13764.6
Time=1571470 X=-11876.2 Y=-13764.6
Time=1572452 X=-11876.2 Y=-13764.6
Time=1573528 X=-11876.2 Y=-13764.6
Time=1574612 X=-11876.2 Y=-13764.6
Time=1575622 X=-11876.2 Y=-13764.6
Time=1576694 X=-11876.2 Y=-13764.6
Time=1577718 X=-11876.2 Y=-13764.6
Time=1578742 X=-11876.2 Y=-13764.6
Time=1579815 X=-11876.2 Y=-13764.6
Time=1580807 X=-11667.7 Y=-13520
Time=1581883 X=-11412.9 Y=-13196
Time=1582947 X=-11217.5 Y=-12944
Time=1584017 X=-11094.1 Y=-12780.4
Time=1585038 X=-10974.3 Y=-12660.5
Time=1586053 X=-10938.7 Y=-12466
Time=1587116 X=-10937 Y=-12447
Time=1588166 X=-10937 Y=-12447
Time=1589185 X=-10937 Y=-12447
Time=1590152 X=-10937 Y=-12447
Time=1591232 X=-10937 Y=-12447
Time=1592244 X=-10937 Y=-12447
Time=1593298 X=-10937 Y=-12447
Time=1594289 X=-10937 Y=-12447
Time=1595317 X=-10937 Y=-12447
Time=1596385 X=-10937 Y=-12447
Time=1597370 X=-10945.5 Y=-12776.7
Time=1598462 X=-10947 Y=-12835
Time=1599445 X=-11147.4 Y=-13016
Time=1600463 X=-11147.4 Y=-13016
Time=1601487 X=-11083.2 Y=-12954.6
Time=1602488 X=-10806.1 Y=-12689.5
Time=1603461 X=-10536.8 Y=-12431.9
Time=1604576 X=-10190.2 Y=-12213.3
Time=1605542 X=-9988.95 Y=-12182.2
Time=1606574 X=-9988.95 Y=-12182.2
Time=1607566 X=-9988.95 Y=-12182.2
Time=1608625 X=-9988.95 Y=-12182.2
Time=1609634 X=-9988.95 Y=-12182.2
Time=1610706 X=-9988.95 Y=-12182.2
Time=1611734 X=-9988.95 Y=-12182.2
Time=1612745 X=-9874.66 Y=-12185.6
Time=1613833 X=-9730.15 Y=-12189.9
Time=1614749 X=-9730.15 Y=-12189.9
Time=1615875 X=-9785.06 Y=-12176.3
Time=1616868 X=-10147.1 Y=-12215.2
Time=1617873 X=-10473.6 Y=-12375.7
Time=1618893 X=-10751.6 Y=-12650.2
Time=1619973 X=-11046.1 Y=-12940.8
Time=1620966 X=-11316.8 Y=-13208
Time=1622007 X=-11561.8 Y=-13449.8
Time=1623066 X=-11873.8 Y=-13680.9
Time=1624040 X=-12246.6 Y=-13694.2
Time=1625153 X=-12672.7 Y=-13709.5
Time=1626136 X=-13049 Y=-13722.9
Time=1627152 X=-13436.1 Y=-13705
Time=1628122 X=-13802.9 Y=-13645.6
Time=1629222 X=-14218.8 Y=-13578.4
Time=1630241 X=-14275.5 Y=-13449.8
Time=1631210 X=-14216.5 Y=-13275.8
Time=1632260 X=-14239.9 Y=-13093.8
Time=1633234 X=-14287.6 Y=-12723.8
Time=1634326 X=-14283.2 Y=-12736.9
Time=1635336 X=-14094.2 Y=-13064.2
Time=1636388 X=-13815.5 Y=-13355.2
Time=1637386 X=-13551.1 Y=-13631.3
Time=1638388 X=-13343.4 Y=-13848.1
Time=1639423 X=-13394.2 Y=-13915.4
Time=1640449 X=-13530.1 Y=-14095.3
Time=1641461 X=-13407.3 Y=-14065.5
Time=1642461 X=-13092.4 Y=-13988.8
Time=1643486 X=-12711 Y=-13895.8
Time=1644502 X=-12332.8 Y=-13803.7
Time=1645526 X=-11982.7 Y=-13718.4
Time=1646567 X=-11937.3 Y=-13708.7
Time=1647576 X=-11656.4 Y=-13481.9
Time=1648593 X=-11433.8 Y=-13162.2
Time=1649559 X=-11222.3 Y=-12858.5
Time=1650673 X=-10997.8 Y=-12536.2
Time=1651704 X=-10828.1 Y=-12292.5
Time=1652729 X=-10659.4 Y=-12050.2
Time=1653740 X=-10648.1 Y=-12052.2
Time=1654741 X=-10363.9 Y=-12100.6
Time=1655771 X=-10071.4 Y=-12150.5
Time=1656766 X=-9876.53 Y=-12183.7
Time=1657806 X=-9869.34 Y=-12172.8
Time=1658832 X=-9942 Y=-12164.4
Time=1659828 X=-10317.4 Y=-12232.5
Time=1660861 X=-10602.8 Y=-12503.3
Time=1661889 X=-10880.2 Y=-12777.1
Time=1662959 X=-11134.2 Y=-13027.7
Time=1663987 X=-11414.4 Y=-13304.3
Time=1665008 X=-11692.8 Y=-13579.1
Time=1666018 X=-12033.7 Y=-13730.1
Time=1667024 X=-12410.3 Y=-13811.6
Time=1668046 X=-12792.9 Y=-13894.5
Time=1669093 X=-13184.9 Y=-13979.3
Time=1670129 X=-13572.7 Y=-14063.3
Time=1671149 X=-13927 Y=-14140
Time=1672179 X=-13589.1 Y=-14111.9
Time=1673186 X=-13203.4 Y=-14111.1
Time=1674233 X=-12802.3 Y=-14110.2
Time=1675239 X=-12415 Y=-14109.4
Time=1676267 X=-12093 Y=-14234.2
Time=1677267 X=-11900.8 Y=-14568.8
Time=1678315 X=-11682.1 Y=-14909
Time=1679326 X=-11448 Y=-15218.9
Time=1680367 X=-11161.6 Y=-15495.2
Time=1681367 X=-11050 Y=-15590
Time=1682421 X=-11050 Y=-15590
Time=1683458 X=-11050 Y=-15590
Time=1684474 X=-11050 Y=-15590
Time=1685543 X=-11050 Y=-15590
Time=1686562 X=-11159.4 Y=-15355.3
Time=1687580 X=-11324.2 Y=-15001.9
Time=1688579 X=-11485.9 Y=-14655.1
Time=1689614 X=-11668.4 Y=-14837.5
Time=1690658 X=-11723.6 Y=-14940.5
Time=1691649 X=-11723.6 Y=-14940.5
Time=1692667 X=-11723.6 Y=-14940.5
Time=1693685 X=-11727.2 Y=-14768.6
Time=1694678 X=-11735.1 Y=-14388.4
Time=1695673 X=-11741 Y=-14108
Time=1696781 X=-11662.4 Y=-14405
Time=1697797 X=-11563.6 Y=-14781.4
Time=1698799 X=-11482.9 Y=-15088.5
Time=1699836 X=-11479.2 Y=-15104.5
Time=1700876 X=-11389.3 Y=-15492.6
Time=1701905 X=-11308.1 Y=-15843
Time=1702943 X=-11230.1 Y=-16179.5
Time=1703960 X=-11142.2 Y=-16559
Time=1704965 X=-11055.3 Y=-16934.1
Time=1706043 X=-11025.2 Y=-16641.6
Time=1707036 X=-11008.1 Y=-16261.6
Time=1708067 X=-10990.4 Y=-15867.1
Time=1709072 X=-10973.1 Y=-15482.5
Time=1710106 X=-10955.3 Y=-15086.9
Time=1711132 X=-10940.8 Y=-14765.5
Time=1712108 X=-10924 Y=-14392
Time=1713146 X=-10906.1 Y=-13994.8
Time=1714129 X=-10889.2 Y=-13618.7
Time=1715159 X=-10871.5 Y=-13224.5
Time=1716184 X=-10853.8 Y=-12832.3
Time=1717158 X=-10837.1 Y=-12459.6
Time=1718248 X=-10818.3 Y=-12042.5
Time=1719290 X=-10801.4 Y=-11666.8
Time=1720339 X=-10625.6 Y=-11745.8
Time=1721380 X=-10380.3 Y=-11918.2
Time=1722403 X=-10075.1 Y=-11979.3
Time=1723385 X=-9699.69 Y=-12003.3
Time=1724421 X=-9303.67 Y=-12028.6
Time=1725563 X=-8867.13 Y=-12056.5
Time=1726555 X=-8487.93 Y=-12080.7
Time=1727567 X=-8101.08 Y=-12105.4
Time=1728671 X=-7679.06 Y=-12132.4
Time=1729666 X=-7298.71 Y=-12156.7
Time=1730695 X=-6956.46 Y=-12186.3
Time=1731699 X=-6596.22 Y=-12222.5
Time=1732715 X=-6208.98 Y=-12261.1
Time=1733718 X=-5825.62 Y=-12285.7
Time=1734657 X=-5466.1 Y=-12287.3
Time=1735772 X=-5190.84 Y=-12278.4
Time=1736800 X=-4920.17 Y=-12269.7
Time=1737799 X=-4728.94 Y=-12263.5
Time=1738830 X=-4608.06 Y=-12265
Time=1739869 X=-4608.06 Y=-12265
Time=1740908 X=-4608.06 Y=-12265
Time=1741908 X=-4608.06 Y=-12265
Time=1742984 X=-4608.06 Y=-12265
Time=1743984 X=-4608.06 Y=-12265
Time=1745015 X=-4608.06 Y=-12265
Time=1746047 X=-4868.68 Y=-12227.7
Time=1747108 X=-5262.97 Y=-12157.8
Time=1748108 X=-5598.02 Y=-12044.9
Time=1749147 X=-5598.02 Y=-12044.9
Time=1750158 X=-5783.83 Y=-12072
Time=1751185 X=-6167.81 Y=-12157.5
Time=1752191 X=-6345.01 Y=-12197.6
Time=1753183 X=-5965.1 Y=-12190.1
Time=1754209 X=-5581.02 Y=-12182.5
Time=1755201 X=-5374.77 Y=-12388.4
Time=1756293 X=-5110.92 Y=-12712.9
Time=1757318 X=-4842.73 Y=-12999.5
Time=1758311 X=-4568.66 Y=-13250.6
Time=1759314 X=-4413.33 Y=-13441.5
Time=1760347 X=-4266.82 Y=-13632
Time=1761380 X=-4202.34 Y=-13746.7
Time=1762411 X=-4171 Y=-13821
Time=1763493 X=-4241.19 Y=-13663.4
Time=1764507 X=-4366.41 Y=-13515
Time=1765547 X=-4394.56 Y=-13481.6
Time=1766584 X=-4394.56 Y=-13481.6
Time=1767658 X=-4394.56 Y=-13481.6
Time=1768635 X=-4394.56 Y=-13481.6
Time=1769616 X=-4394.56 Y=-13481.6
Time=1770715 X=-4394.56 Y=-13481.6
Time=1771712 X=-4394.56 Y=-13481.6
Time=1772712 X=-4394.56 Y=-13481.6
Time=1773729 X=-4394.56 Y=-13481.6
Time=1774770 X=-4394.56 Y=-13481.6
Time=1775766 X=-4394.56 Y=-13481.6
Time=1776773 X=-4130.41 Y=-13452.7
Time=1777855 X=-3850.44 Y=-13164.6
Time=1778845 X=-3784.76 Y=-12793.1
Time=1779908 X=-3724.33 Y=-12390.5
Time=1780967 X=-3647.56 Y=-11992.2
Time=1781976 X=-3554.86 Y=-11617
Time=1783013 X=-3437.14 Y=-11237.7
Time=1783959 X=-3336.65 Y=-10943.2
Time=1785053 X=-3277.9 Y=-10771
Time=1786100 X=-3212.14 Y=-10581.4
Time=1787106 X=-3189.84 Y=-10522.1
Time=1788086 X=-3189.84 Y=-10522.1
Time=1789223 X=-3189.84 Y=-10522.1
Time=1790269 X=-3189.84 Y=-10522.1
Time=1791332 X=-3189.84 Y=-10522.1
Time=1792369 X=-3189.84 Y=-10522.1
Time=1793407 X=-3189.84 Y=-10522.1
Time=1794391 X=-3189.84 Y=-10522.1
Time=1795416 X=-3189.84 Y=-10522.1
Time=1796496 X=-3189.84 Y=-10522.1
Time=1797503 X=-3189.84 Y=-10522.1
Time=1798494 X=-3189.84 Y=-10522.1
Time=1799514 X=-3189.84 Y=-10522.1
Time=1800521 X=-3189.84 Y=-10522.1
Time=1801507 X=-3224.58 Y=-10614.9
Time=1802606 X=-3315.78 Y=-10918
Time=1803599 X=-3398.19 Y=-11191.9
Time=1804673 X=-3504.85 Y=-11546.3
Time=1805696 X=-3617.76 Y=-11921.5
Time=1806743 X=-3685 Y=-12145
Time=1807808 X=-3744.03 Y=-12528.5
Time=1808834 X=-3803.82 Y=-12916.9
Time=1809862 X=-3939.49 Y=-13272.5
Time=1810854 X=-4236.04 Y=-13455.9
Time=1811949 X=-4491.32 Y=-13349.7
Time=1812978 X=-4380.95 Y=-13418.1
Time=1813933 X=-4068.93 Y=-13429.3
Time=1815047 X=-3827.9 Y=-13102.1
Time=1816034 X=-3738.76 Y=-12734.7
Time=1817149 X=-3638.06 Y=-12319.7
Time=1818115 X=-3550.82 Y=-11960.1
Time=1819199 X=-3457.44 Y=-11575.2
Time=1820191 X=-3367.85 Y=-11205.9
Time=1821205 X=-3278.56 Y=-10837.9
Time=1822257 X=-3156.62 Y=-10452.6
Time=1823232 X=-2891.97 Y=-10197.7
Time=1824349 X=-2535.11 Y=-9981.16
Time=1825327 X=-2179.42 Y=-9865.72
Time=1826364 X=-1795.65 Y=-9763.27
Time=1827362 X=-1426.31 Y=-9664.67
Time=1828436 X=-1028.84 Y=-9558.57
Time=1829389 X=-693.564 Y=-9674.19
Time=1830485 X=-361.894 Y=-9813.03
Time=1831470 X=-100.216 Y=-9922.57
Time=1832481 X=125.333 Y=-10017
Time=1833535 X=125.333 Y=-10017
Time=1834528 X=125.333 Y=-10017
Time=1835557 X=125.333 Y=-10017
Time=1836526 X=125.333 Y=-10017
Time=1837570 X=125.333 Y=-10017
Time=1838674 X=125.333 Y=-10017
Time=1839617 X=88.7844 Y=-10019
Time=1840689 X=-24.9527 Y=-9937.27
Time=1841762 X=-275.919 Y=-9756.96
Time=1842765 X=-551.961 Y=-9558.64
Time=1843784 X=-461.432 Y=-9681.05
Time=1844859 X=-173.566 Y=-9975.48
Time=1845802 X=78.9518 Y=-10233.7
Time=1846885 X=341.646 Y=-10502.4
Time=1847790 X=341.646 Y=-10502.4
Time=1848872 X=434.956 Y=-10579.5
Time=1849888 X=710.255 Y=-10810.4
Time=1850935 X=1017.52 Y=-11068.1
Time=1851995 X=1330.08 Y=-11327.1
Time=1852951 X=1655.18 Y=-11495.1
Time=1853974 X=2010.82 Y=-11659.6
Time=1854987 X=2336.57 Y=-11810.3
Time=1856094 X=2336.57 Y=-11810.3
Time=1857091 X=2336.57 Y=-11810.3
Time=1858088 X=2336.57 Y=-11810.3
Time=1859188 X=2336.57 Y=-11810.3
Time=1860193 X=2336.57 Y=-11810.3
Time=1861243 X=2336.57 Y=-11810.3
Time=1862268 X=2336.57 Y=-11810.3
Time=1863306 X=2336.57 Y=-11810.3
Time=1864295 X=2266.38 Y=-11762.1
Time=1865382 X=1886.32 Y=-11585.2
Time=1866393 X=1535.26 Y=-11421.7
Time=1867383 X=1212.23 Y=-11229
Time=1868414 X=913.088 Y=-10971.2
Time=1869502 X=660.042 Y=-10753.1
Time=1870498 X=386.53 Y=-10508.4
Time=1871537 X=92.4147 Y=-10240.3
Time=1872588 X=-205.098 Y=-9969.08
Time=1873606 X=-493.268 Y=-9706.39
Time=1874640 X=-785.969 Y=-9439.57
Time=1875599 X=-1040 Y=-9208
Time=1876738 X=-875.87 Y=-9341.86
Time=1877713 X=-603.85 Y=-9597.75
Time=1878753 X=-313.695 Y=-9870.7
Time=1879796 X=-22.7031 Y=-10144.4
Time=1880785 X=253.223 Y=-10404
Time=1881820 X=541.983 Y=-10675.6
Time=1882826 X=822.653 Y=-10939.7
Time=1883892 X=1120.06 Y=-11219.4
Time=1884887 X=1397.66 Y=-11480.6
Time=1885890 X=1677.49 Y=-11743.8
Time=1886967 X=1977.97 Y=-12026.5
Time=1887971 X=2129.4 Y=-12168
Time=1889038 X=2050.58 Y=-12236.1
Time=1890020 X=1768.54 Y=-12485
Time=1891004 X=1533.6 Y=-12708.1
Time=1892085 X=1245.37 Y=-13005.3
Time=1893074 X=939.452 Y=-13227.5
Time=1894079 X=780.145 Y=-13335.4
Time=1895093 X=627.396 Y=-13455
Time=1896136 X=478 Y=-13583
Time=1897176 X=478 Y=-13583
Time=1898190 X=478 Y=-13583
Time=1899187 X=478 Y=-13583
Time=1900195 X=478 Y=-13583
Time=1901234 X=478 Y=-13583
Time=1902291 X=478 Y=-13583
Time=1903319 X=478 Y=-13583
Time=1904291 X=478 Y=-13583
Time=1905379 X=478 Y=-13583
Time=1906342 X=478 Y=-13583
Time=1907380 X=478 Y=-13583
Time=1908343 X=478 Y=-13583
Time=1909410 X=478 Y=-13583
Time=1910476 X=478 Y=-13583
Time=1911442 X=478 Y=-13583
Time=1912439 X=478 Y=-13583
Time=1913472 X=541.473 Y=-13306.4
Time=1914520 X=584 Y=-13121
Time=1915564 X=918.955 Y=-12902.6
Time=1916563 X=925.051 Y=-12898.6
Time=1917591 X=912.04 Y=-12706.3
Time=1918648 X=802.375 Y=-12321
Time=1919652 X=659.277 Y=-11964
Time=1920690 X=511.333 Y=-11595
Time=1921652 X=374.221 Y=-11253
Time=1922724 X=221.431 Y=-10871.8
Time=1923688 X=84.0341 Y=-10529.1
Time=1924702 X=-60.4894 Y=-10168.6
Time=1925782 X=-273.886 Y=-9830.96
Time=1926792 X=-493.612 Y=-9523.34
Time=1927811 X=-692.283 Y=-9189.77
Time=1928811 X=-840.397 Y=-8836.52
Time=1929909 X=-797.062 Y=-8894.78
Time=1930834 X=-616.678 Y=-9199.74
Time=1931884 X=-411.784 Y=-9546.13
Time=1932890 X=-215.605 Y=-9877.8
Time=1933906 X=-81.1346 Y=-10229.6
Time=1934948 X=-42.8152 Y=-10615.4
Time=1935951 X=-4.8357 Y=-10997.7
Time=1936992 X=34.5827 Y=-11394.5
Time=1938002 X=72.8273 Y=-11779.4
Time=1939019 X=111.337 Y=-12167.1
Time=1940042 X=149.012 Y=-12546.3
Time=1941038 X=265.013 Y=-12900.1
Time=1942103 X=585.02 Y=-13135.7
Time=1943168 X=686.624 Y=-13180.9
Time=1944169 X=536.749 Y=-13163.4
Time=1945200 X=591.555 Y=-13554.4
Time=1946229 X=607.077 Y=-13665.2
Time=1947233 X=458.849 Y=-13729.8
Time=1948254 X=338.832 Y=-13826.4
Time=1949263 X=312.205 Y=-13640.6
Time=1950266 X=253.244 Y=-13260.9
Time=1951285 X=193.343 Y=-12875.3
Time=1952320 X=142.635 Y=-12482.1
Time=1953314 X=104.996 Y=-12103.3
Time=1954332 X=66.4488 Y=-11715.2
Time=1955343 X=28.1664 Y=-11329.9
Time=1956355 X=-10.1539 Y=-10944.1
Time=1957429 X=-44.7995 Y=-10595.4
Time=1958419 X=-81.9485 Y=-10221.4
Time=1959454 X=-243.831 Y=-9873.04
Time=1960474 X=-470.922 Y=-9555.11
Time=1961475 X=-674.51 Y=-9232.16
Time=1962491 X=-824.993 Y=-8873.26
Time=1963479 X=-862 Y=-8785
Time=1964556 X=-862 Y=-8785
Time=1965557 X=-862 Y=-8785
Time=1966548 X=-862 Y=-8785
Time=1967578 X=-862 Y=-8785
Time=1968590 X=-862 Y=-8785
Time=1969721 X=-862 Y=-8785
Time=1970678 X=-862 Y=-8785
Time=1971717 X=-862 Y=-8785
Time=1972711 X=-862 Y=-8785
Time=1973709 X=-862 Y=-8785
Time=1974710 X=-862 Y=-8785
Time=1975770 X=-862 Y=-8785
Time=1976787 X=-862 Y=-8785
Time=1977803 X=-862 Y=-8785
Time=1978821 X=-862 Y=-8785
Time=1979783 X=-862 Y=-8785
Time=1980897 X=-862 Y=-8785
Time=1981877 X=-862 Y=-8785
Time=1982902 X=-862 Y=-8785
Time=1983952 X=-862 Y=-8785
Time=1984977 X=-862 Y=-8785
Time=1985986 X=-862 Y=-8785
Time=1987012 X=-862 Y=-8785
Time=1988012 X=-862 Y=-8785
Time=1989026 X=-862 Y=-8785
Time=1990104 X=-862 Y=-8785
Time=1991112 X=-862 Y=-8785
Time=1992144 X=-862 Y=-8785
Time=1993157 X=-862 Y=-8785
Time=1994165 X=-862 Y=-8785
Time=1995162 X=-862 Y=-8785
Time=1996234 X=-862 Y=-8785
Time=1997230 X=-862 Y=-8785
Time=1998245 X=-862 Y=-8785
Time=1999267 X=-862 Y=-8785
Time=2000342 X=-862 Y=-8785
Time=2001329 X=-862 Y=-8785
Time=2002359 X=-862 Y=-8785
Time=2003433 X=-862 Y=-8785
Time=2004410 X=-862 Y=-8785
Time=2005445 X=-862 Y=-8785
Time=2006486 X=-862 Y=-8785
Time=2007493 X=-862 Y=-8785
Time=2008482 X=-862 Y=-8785
Time=2009533 X=-862 Y=-8785
Time=2010567 X=-862 Y=-8785
Time=2011528 X=-862 Y=-8785
Time=2012713 X=-862 Y=-8785
Time=2013703 X=-839.182 Y=-8724.05
Time=2014651 X=-947.229 Y=-8475.08
Time=2015762 X=-1082.99 Y=-8093.78
Time=2016776 X=-1213.27 Y=-7727.88
Time=2017887 X=-1356.02 Y=-7326.98
Time=2018881 X=-1409.39 Y=-6951.87
Time=2019886 X=-1498.75 Y=-6652.31
Time=2020950 X=-1377.38 Y=-6263.25
Time=2021920 X=-1320.68 Y=-6084.73
Time=2023010 X=-1320.68 Y=-6084.73
Time=2023980 X=-1320.68 Y=-6084.73
Time=2025016 X=-1320.68 Y=-6084.73
Time=2026043 X=-1355.87 Y=-6156.21
Time=2027061 X=-1488 Y=-6432
Time=2028024 X=-1488 Y=-6432
Time=2029107 X=-1488 Y=-6432
Time=2030082 X=-1488 Y=-6432
Time=2031163 X=-1488 Y=-6432
Time=2032227 X=-1488 Y=-6432
Time=2033253 X=-1312.8 Y=-6211.64
Time=2034253 X=-1255 Y=-6138
Time=2035280 X=-1255 Y=-6138
Time=2036275 X=-1155.6 Y=-5882.8
Time=2037295 X=-1155.6 Y=-5882.8
Time=2038313 X=-1155.6 Y=-5882.8
Time=2039327 X=-1155.6 Y=-5882.8
Time=2040370 X=-1155.6 Y=-5882.8
Time=2041362 X=-857.262 Y=-8798
Time=2042465 X=-857.262 Y=-8798
Time=2043477 X=-857.262 Y=-8798
Time=2044517 X=-857.262 Y=-8798
Time=2045506 X=-857.262 Y=-8798
Time=2046513 X=-857.262 Y=-8798
Time=2047567 X=-857.262 Y=-8798
Time=2048538 X=-851.039 Y=-8777.81
Time=2049646 X=-894.614 Y=-8399.78
Time=2050655 X=-1036.08 Y=-8067.22
Time=2051690 X=-1191.26 Y=-7702.41
Time=2052678 X=-1339.39 Y=-7354.16
Time=2053710 X=-1407.87 Y=-6968.66
Time=2054770 X=-1405.84 Y=-6563.16
Time=2055780 X=-1405.68 Y=-6558.18
Time=2056879 X=-1405.68 Y=-6558.18
Time=2057871 X=-1405.68 Y=-6558.18
Time=2058927 X=-1405.68 Y=-6558.18
Time=2059964 X=-1405.68 Y=-6558.18
Time=2061012 X=-1405.68 Y=-6558.18
Time=2061984 X=-1405.68 Y=-6558.18
Time=2063015 X=-1405.68 Y=-6558.18
Time=2064080 X=-1405.68 Y=-6558.18
Time=2065055 X=-1408.45 Y=-6195.82
Time=2066111 X=-1462 Y=-5835
Time=2067116 X=-1462 Y=-5835
Time=2068082 X=-1462 Y=-5835
Time=2069137 X=-1462 Y=-5835
Time=2070177 X=-1462 Y=-5835
Time=2071167 X=-1459.4 Y=-6182.02
Time=2072169 X=-1456.52 Y=-6565.82
Time=2073215 X=-1453.52 Y=-6966.47
Time=2074245 X=-1451.58 Y=-7225.78
Time=2075261 X=-1468.25 Y=-7165.23
Time=2076344 X=-1666.13 Y=-6799.55
Time=2077389 X=-1858.06 Y=-6444.86
Time=2078449 X=-2052.74 Y=-6085.08
Time=2079439 X=-2234.57 Y=-5749.06
Time=2080454 X=-2429.35 Y=-5409.25
Time=2081459 X=-2647.78 Y=-5091.28
Time=2082486 X=-2953.54 Y=-4851.21
Time=2083439 X=-3258.78 Y=-4650.9
Time=2084516 X=-3563.65 Y=-4452.43
Time=2085498 X=-3873.54 Y=-4250.68
Time=2086571 X=-4217.99 Y=-4026.45
Time=2087514 X=-4520.7 Y=-3829.38
Time=2088594 X=-4606.96 Y=-3773.23
Time=2089596 X=-4285.31 Y=-3982.62
Time=2090701 X=-3930.59 Y=-4213.55
Time=2091684 X=-3615.04 Y=-4418.97
Time=2092746 X=-3284.08 Y=-4634.42
Time=2093754 X=-3040.9 Y=-4793.04
Time=2094765 X=-2732.48 Y=-4998.38
Time=2095781 X=-2497.44 Y=-5305.34
Time=2096783 X=-2277.63 Y=-5619.97
Time=2097791 X=-2056.5 Y=-5936.48
Time=2098855 X=-1823.09 Y=-6270.57
Time=2099885 X=-1597.13 Y=-6593.99
Time=2100853 X=-1450.91 Y=-6803.28
Time=2101883 X=-1443.6 Y=-6735.29
Time=2102889 X=-1427.61 Y=-6434.78
Time=2103977 X=-1405.47 Y=-6018.62
Time=2105004 X=-1308.96 Y=-5757.87
Time=2106038 X=-915.475 Y=-5712.78
Time=2107054 X=-527.965 Y=-5677.75
Time=2108021 X=-158.561 Y=-5650.6
Time=2108993 X=212.752 Y=-5623.3
Time=2110090 X=630.912 Y=-5596.55
Time=2111112 X=932.26 Y=-5790.31
Time=2112136 X=1134.98 Y=-5858.32
Time=2113180 X=1184.13 Y=-5890.64
Time=2114166 X=1184.13 Y=-5890.64
Time=2115253 X=1184.13 Y=-5890.64
Time=2116264 X=1184.13 Y=-5890.64
Time=2117283 X=1184.13 Y=-5890.64
Time=2118289 X=1184.13 Y=-5890.64
Time=2119369 X=1184.13 Y=-5890.64
Time=2120369 X=1184.13 Y=-5890.64
Time=2121332 X=1184.13 Y=-5890.64
Time=2122436 X=1184.13 Y=-5890.64
Time=2123466 X=1184.13 Y=-5890.64
Time=2124498 X=1210.21 Y=-5994.23
Time=2125456 X=1427.35 Y=-5698.42
Time=2126559 X=1655.56 Y=-5343.83
Time=2127564 X=1837.03 Y=-5004.36
Time=2128551 X=2034.5 Y=-4681.99
Time=2129525 X=2236.86 Y=-4368.57
Time=2130647 X=2485.8 Y=-4018.32
Time=2131634 X=2710.06 Y=-3779.52
Time=2132673 X=2797.28 Y=-3705.59
Time=2133651 X=2797.28 Y=-3705.59
Time=2134675 X=2797.28 Y=-3705.59
Time=2135663 X=2797.28 Y=-3705.59
Time=2136684 X=2797.28 Y=-3705.59
Time=2137788 X=2797.28 Y=-3705.59
Time=2138737 X=2739.31 Y=-3757.72
Time=2139807 X=2461.97 Y=-4059.26
Time=2140866 X=2309.79 Y=-4284.09
Time=2141877 X=2534.82 Y=-3969.6
Time=2142868 X=2609.5 Y=-3900.72
Time=2143844 X=2553.82 Y=-3946.22
Time=2144941 X=2318.15 Y=-4286.26
Time=2145976 X=2112.8 Y=-4625.38
Time=2146961 X=1917.36 Y=-4948.11
Time=2147974 X=1716.37 Y=-5280.02
Time=2149116 X=1591.72 Y=-5460.81
Time=2150084 X=1331.05 Y=-5724.49
Time=2151046 X=1142.55 Y=-5915.17
Time=2152130 X=1203.46 Y=-5829.29
Time=2153141 X=1413.08 Y=-5533.73
Time=2154120 X=1630.01 Y=-5227.85
Time=2155238 X=1878.46 Y=-4877.54
Time=2156247 X=2103.72 Y=-4559.92
Time=2157255 X=2328.76 Y=-4242.62
Time=2158294 X=2563.69 Y=-3921.2
Time=2159318 X=2623.83 Y=-3841.07
Time=2160338 X=2854.56 Y=-3631.92
Time=2161370 X=2973.8 Y=-3524.03
Time=2162411 X=2874.54 Y=-3599.09
Time=2163373 X=2658.46 Y=-3832.95
Time=2164484 X=2436.28 Y=-4165.07
Time=2165455 X=2439.64 Y=-4537.03
Time=2166514 X=2592.58 Y=-4903.93
Time=2167502 X=2777.69 Y=-5234.01
Time=2168565 X=2976.86 Y=-5589.15
Time=2169624 X=3119.57 Y=-5950.21
Time=2170624 X=3024.17 Y=-6321.18
Time=2171661 X=2929.45 Y=-6689.49
Time=2172697 X=2876.29 Y=-7037.25
Time=2173768 X=2855.74 Y=-7443.64
Time=2174781 X=3092.79 Y=-7750.42
Time=2175769 X=3191.15 Y=-8041.27
Time=2176851 X=3340 Y=-8109
Time=2177797 X=3340 Y=-8109
Time=2178880 X=3340 Y=-8109
Time=2179889 X=3340 Y=-8109
Time=2180895 X=3340 Y=-8109
Time=2181940 X=3340 Y=-8109
Time=2182924 X=3340 Y=-8109
Time=2183933 X=3340 Y=-8109
Time=2184989 X=3340 Y=-8109
Time=2186007 X=3340 Y=-8109
Time=2186978 X=3340 Y=-8109
Time=2188070 X=3531.98 Y=-8217.65
Time=2189089 X=3896.59 Y=-8303.88
Time=2190104 X=4288.29 Y=-8305.47
Time=2191155 X=4693.89 Y=-8307.11
Time=2192148 X=5076.06 Y=-8308.65
Time=2193199 X=5435.08 Y=-8148.27
Time=2194237 X=5768.02 Y=-7941.81
Time=2195207 X=5816.34 Y=-7573.48
Time=2196263 X=5790.77 Y=-7553.4
Time=2197302 X=5610.81 Y=-7759.57
Time=2198307 X=5392.18 Y=-8050.3
Time=2199329 X=5117.63 Y=-8313.38
Time=2200345 X=5431.18 Y=-8294.59
Time=2201389 X=5445.71 Y=-8293.66
Time=2202405 X=5445.71 Y=-8293.66
Time=2203382 X=5445.71 Y=-8293.66
Time=2204486 X=5445.71 Y=-8293.66
Time=2205439 X=5445.71 Y=-8293.66
Time=2206464 X=5445.71 Y=-8293.66
Time=2207472 X=5445.71 Y=-8293.66
Time=2208580 X=5445.71 Y=-8293.66
Time=2209548 X=5445.71 Y=-8293.66
Time=2210600 X=5445.71 Y=-8293.66
Time=2211607 X=5205.35 Y=-8315.09
Time=2212653 X=4806.27 Y=-8350.67
Time=2213644 X=4428.18 Y=-8384.38
Time=2214636 X=4049.7 Y=-8418.12
Time=2215731 X=3821.73 Y=-8419.49
Time=2216731 X=3581.72 Y=-8164
Time=2217736 X=3319.09 Y=-7884.44
Time=2218769 X=3319.09 Y=-7884.44
Time=2219755 X=3667.24 Y=-7980.69
Time=2220763 X=4039.39 Y=-8083.57
Time=2221792 X=4419.29 Y=-8188.59
Time=2222658 X=4741.45 Y=-8265.9
Time=2224048 X=5240.08 Y=-8232.23
Time=2225044 X=5342.25 Y=-8130.47
Time=2226080 X=5474.62 Y=-8266.21
Time=2227090 X=5500.39 Y=-8292.45
Time=2228124 X=5674.39 Y=-8298.19
Time=2229119 X=5818.57 Y=-8217.05
Time=2230168 X=5838.99 Y=-8205.11
Time=2231174 X=6026.24 Y=-8297.27
Time=2232197 X=6367.5 Y=-8489.86
Time=2233254 X=6669 Y=-8660
Time=2234273 X=6419.66 Y=-8869.69
Time=2235306 X=6134.6 Y=-9144.1
Time=2236341 X=5848.98 Y=-9419.04
Time=2237338 X=5573.85 Y=-9683.89
Time=2238314 X=5304.51 Y=-9943.15
Time=2239332 X=5054.88 Y=-10183.5
Time=2240352 X=4790.73 Y=-10437.7
Time=2241407 X=4499.59 Y=-10718
Time=2242380 X=4223.2 Y=-10967.9
Time=2243501 X=3880.49 Y=-11226.1
Time=2244492 X=3571.3 Y=-11446.9
Time=2245483 X=3233.59 Y=-11620.2
Time=2246540 X=2873.4 Y=-11805.1
Time=2247515 X=2592.33 Y=-11744.1
Time=2248529 X=2299.96 Y=-11647
Time=2249471 X=1957.55 Y=-11533.2
Time=2250575 X=1556.25 Y=-11399.8
Time=2251574 X=1218.32 Y=-11234.2
Time=2252594 X=922.372 Y=-10979.2
Time=2253609 X=627.876 Y=-10725.3
Time=2254618 X=369.837 Y=-10438.6
Time=2255643 X=117.241 Y=-10138
Time=2256603 X=-106.924 Y=-9871.27
Time=2257704 X=-166.58 Y=-9863.53
Time=2258727 X=-83.8611 Y=-10243.9
Time=2259707 X=-72.4258 Y=-10619.3
Time=2260717 X=-76.7652 Y=-11006
Time=2261720 X=-89.4958 Y=-11390
Time=2262720 X=-101.14 Y=-11741.2
Time=2263703 X=-113.617 Y=-12117.5
Time=2264773 X=-127.198 Y=-12527.2
Time=2265775 X=-139.916 Y=-12910.8
Time=2266817 X=-153.141 Y=-13309.7
Time=2267773 X=-165.276 Y=-13675.7
Time=2268895 X=-322.259 Y=-13897
Time=2269896 X=-615.368 Y=-14144.2
Time=2270891 X=-885.724 Y=-14372.2
Time=2271899 X=-1141.36 Y=-14587.7
Time=2272927 X=-1442.38 Y=-14841.6
Time=2273967 X=-1746.91 Y=-15098.4
Time=2274994 X=-2052.39 Y=-15346.4
Time=2276020 X=-2360.51 Y=-15590.3
Time=2277035 X=-2665.32 Y=-15831.7
Time=2278092 X=-2982.75 Y=-16083
Time=2279130 X=-3294.47 Y=-16329.8
Time=2280154 X=-3476.3 Y=-16415
Time=2281157 X=-3606.87 Y=-16070.7
Time=2282206 X=-3749.35 Y=-15695
Time=2283236 X=-3862.86 Y=-15318.8
Time=2284235 X=-3925.77 Y=-14941.4
Time=2285243 X=-3881.39 Y=-14560.6
Time=2286291 X=-3813.73 Y=-14164.9
Time=2287305 X=-3748.27 Y=-13782.1
Time=2288305 X=-3683.71 Y=-13404.5
Time=2289363 X=-3631.78 Y=-13100.8
Time=2290330 X=-3584.85 Y=-12826.3
Time=2291365 X=-3569.06 Y=-12743
Time=2292400 X=-3636.15 Y=-13133.8
Time=2293448 X=-3704.09 Y=-13529.4
Time=2294486 X=-3771.38 Y=-13921.3
Time=2295438 X=-3833.09 Y=-14280.7
Time=2296517 X=-3903.03 Y=-14688
Time=2297526 X=-3904.39 Y=-15069.6
Time=2298548 X=-3839.03 Y=-15458.5
Time=2299555 X=-3699.44 Y=-15818.1
Time=2300594 X=-3555.42 Y=-16189.1
Time=2301581 X=-3418.6 Y=-16541.5
Time=2302591 X=-3278.6 Y=-16902.2
Time=2303706 X=-3112.33 Y=-17127.6
Time=2304704 X=-2730.19 Y=-17137.7
Time=2305744 X=-2361.04 Y=-17147.5
Time=2306729 X=-1983.88 Y=-17157.5
Time=2307733 X=-1599.44 Y=-17167.7
Time=2308835 X=-1177.48 Y=-17178.8
Time=2309791 X=-811.421 Y=-17188.5
Time=2310883 X=-413.733 Y=-17185.8
Time=2311863 X=-94.3894 Y=-17093.5
Time=2312913 X=289.495 Y=-16973.5
Time=2313970 X=675.938 Y=-16852.8
Time=2314963 X=1038.98 Y=-16739.3
Time=2316005 X=1429.59 Y=-16661.9
Time=2317001 X=1807.99 Y=-16612
Time=2318037 X=2201.9 Y=-16564
Time=2319041 X=2577.31 Y=-16570.9
Time=2320101 X=2883.69 Y=-16686.9
Time=2321087 X=3234.39 Y=-16819.8
Time=2322088 X=3574.22 Y=-16987
Time=2323153 X=3662.17 Y=-17079.5
Time=2324191 X=3662.17 Y=-17079.5
Time=2325205 X=3662.17 Y=-17079.5
Time=2326217 X=3662.17 Y=-17079.5
Time=2327287 X=3662.17 Y=-17079.5
Time=2328215 X=3662.17 Y=-17079.5
Time=2329323 X=3662.17 Y=-17079.5
Time=2330359 X=3662.17 Y=-17079.5
Time=2331386 X=3662.17 Y=-17079.5
Time=2332428 X=3662.17 Y=-17079.5
Time=2333438 X=3662.17 Y=-17079.5
Time=2334410 X=3657.07 Y=-17043.7
Time=2335498 X=3909.07 Y=-17375.6
Time=2336450 X=4129.9 Y=-17665.9
Time=2337531 X=4351.59 Y=-17887.6
Time=2338494 X=4482 Y=-18018
Time=2339553 X=4616.82 Y=-18100.3
Time=2340577 X=4616.82 Y=-18100.3
Time=2341611 X=4616.82 Y=-18100.3
Time=2342584 X=4616.82 Y=-18100.3
Time=2344003 X=4616.82 Y=-18100.3
Time=2345006 X=4616.82 Y=-18100.3
Time=2346029 X=4616.82 Y=-18100.3
Time=2347046 X=4616.82 Y=-18100.3
Time=2348073 X=4616.82 Y=-18100.3
Time=2349121 X=4616.82 Y=-18100.3
Time=2350135 X=4466.5 Y=-18002.5
Time=2351162 X=4188.33 Y=-17724.3
Time=2352205 X=3938.18 Y=-17413.3
Time=2353214 X=3709.48 Y=-17101.6
Time=2354231 X=3495 Y=-16802
Time=2355278 X=3623.66 Y=-17005.7
Time=2356317 X=3656.78 Y=-17154.3
Time=2357297 X=3760.27 Y=-17266.2
Time=2358300 X=3971.27 Y=-17494.5
Time=2359324 X=4242.3 Y=-17778.3
Time=2360373 X=4530.44 Y=-18057.4
Time=2361409 X=4632.35 Y=-18109.1
Time=2362416 X=4373.75 Y=-18153.5
Time=2363483 X=4491.51 Y=-18190.7
Time=2364499 X=4857.95 Y=-18321.8
Time=2365439 X=5113 Y=-18413
Time=2366532 X=5380.98 Y=-18184.5
Time=2367519 X=5682.48 Y=-17977.3
Time=2368561 X=6011.44 Y=-17751.3
Time=2369538 X=6319.89 Y=-17539.4
Time=2370660 X=6674.11 Y=-17296
Time=2371647 X=7007.07 Y=-17132.3
Time=2372657 X=7334.73 Y=-17102.7
Time=2373660 X=7718.33 Y=-17078.2
Time=2374703 X=8117.82 Y=-17077
Time=2375694 X=8497.41 Y=-17078.1
Time=2376694 X=8761.33 Y=-17078.8
Time=2377785 X=8761.33 Y=-17078.8
Time=2378760 X=8761.33 Y=-17078.8
Time=2379782 X=8761.33 Y=-17078.8
Time=2380751 X=8761.33 Y=-17078.8
Time=2381785 X=8761.33 Y=-17078.8
Time=2382866 X=8761.33 Y=-17078.8
Time=2383848 X=8761.33 Y=-17078.8
Time=2384845 X=8761.33 Y=-17078.8
Time=2385869 X=8761.33 Y=-17078.8
Time=2386896 X=8761.33 Y=-17078.8
Time=2387881 X=8761.33 Y=-17078.8
Time=2388929 X=8761.33 Y=-17078.8
Time=2390009 X=9088.26 Y=-16955.4
Time=2391013 X=9347.8 Y=-16874.2
Time=2392035 X=9181.73 Y=-16894.4
Time=2393077 X=9055.99 Y=-16896.9
Time=2394038 X=9403.97 Y=-16776.9
Time=2395144 X=9701.53 Y=-16487.7
Time=2396140 X=9921.44 Y=-16175.6
Time=2397164 X=10145.6 Y=-15853.7
Time=2398163 X=10236.4 Y=-15723.2
Time=2399204 X=10322.1 Y=-15600.2
Time=2400231 X=10402 Y=-15475.8
Time=2401329 X=10403.8 Y=-15472.9
Time=2402348 X=10403.8 Y=-15472.9
Time=2403317 X=10403.8 Y=-15472.9
Time=2404320 X=10403.8 Y=-15472.9
Time=2405334 X=10403.8 Y=-15472.9
Time=2406375 X=10403.8 Y=-15472.9
Time=2407380 X=10403.8 Y=-15472.9
Time=2408338 X=10403.8 Y=-15472.9
Time=2409434 X=10403.8 Y=-15472.9
Time=2410431 X=10403.8 Y=-15472.9
Time=2411444 X=10403.8 Y=-15472.9
Time=2412430 X=10403.8 Y=-15472.9
Time=2413445 X=10403.8 Y=-15472.9
Time=2414481 X=10403.8 Y=-15472.9
Time=2415443 X=10403.8 Y=-15472.9
Time=2416557 X=10397.6 Y=-15483.3
Time=2417575 X=10225.6 Y=-15721.9
Time=2418605 X=10006.9 Y=-16050.2
Time=2419632 X=9783.22 Y=-16373.8
Time=2420639 X=9552.05 Y=-16681.9
Time=2421632 X=9206.73 Y=-16823.5
Time=2422637 X=8833.45 Y=-16918.7
Time=2423728 X=8427.54 Y=-17018.1
Time=2424732 X=8150 Y=-17086
Time=2425673 X=8418.61 Y=-17054.1
Time=2426747 X=8756.08 Y=-17014.2
Time=2427746 X=9073.21 Y=-16976.7
Time=2428812 X=9100.5 Y=-16961.1
Time=2429793 X=9426.87 Y=-16774.9
Time=2430938 X=9707.61 Y=-16479.3
Time=2431891 X=9915.97 Y=-16183.4
Time=2432911 X=10139.2 Y=-15862.8
Time=2433935 X=10363.4 Y=-15540.9
Time=2434974 X=10518.4 Y=-15253.7
Time=2435979 X=10598.3 Y=-15032.8
Time=2436998 X=10578.6 Y=-15129.2
Time=2438035 X=10472.4 Y=-15495.2
Time=2439090 X=10358.8 Y=-15886.1
Time=2440134 X=10246.3 Y=-16273
Time=2441174 X=10155 Y=-16587
Time=2442233 X=10241.6 Y=-16218.7
Time=2443255 X=10358.3 Y=-15841.9
Time=2444248 X=10471.6 Y=-15475.9
Time=2445308 X=10571.7 Y=-15152.4
Time=2446296 X=10621.1 Y=-14872.3
Time=2447301 X=10682 Y=-14505.4
Time=2448300 X=10744.7 Y=-14127.9
Time=2449380 X=10812.5 Y=-13719.8
Time=2450436 X=10764.9 Y=-13424.8
Time=2451426 X=10434.3 Y=-13239.4
Time=2452442 X=10088.5 Y=-13061.1
Time=2453447 X=9744.49 Y=-12888.4
Time=2454505 X=9380.99 Y=-12718.1
Time=2455526 X=9105.95 Y=-12614.3
Time=2456514 X=8838.18 Y=-12518
Time=2457579 X=8549.54 Y=-12414.2
Time=2458574 X=8388.02 Y=-12356.2
Time=2459625 X=8388.02 Y=-12356.2
Time=2460630 X=8388.02 Y=-12356.2
Time=2461612 X=8388.02 Y=-12356.2
Time=2462652 X=8388.02 Y=-12356.2
Time=2463756 X=8388.02 Y=-12356.2
Time=2464738 X=8388.02 Y=-12356.2
Time=2465785 X=8360.75 Y=-12272.2
Time=2466773 X=8287.58 Y=-12199.1
Time=2467799 X=8007.44 Y=-11919.3
Time=2468834 X=7844 Y=-11756
Time=2469890 X=7844 Y=-11756
Time=2470916 X=7993.63 Y=-11572.9
Time=2471926 X=8213.37 Y=-11382.3
Time=2472907 X=8426.79 Y=-11197.2
Time=2473868 X=8635.87 Y=-11015.8
Time=2474955 X=8872.35 Y=-10810.7
Time=2475956 X=9090.13 Y=-10621.8
Time=2477000 X=9317.26 Y=-10424.8
Time=2478031 X=9541.57 Y=-10230.2
Time=2479075 X=9816.08 Y=-9992.1
Time=2480118 X=10117.9 Y=-9730.32
Time=2481146 X=10435.2 Y=-9504.99
Time=2482141 X=10789.6 Y=-9364.77
Time=2483186 X=11172.8 Y=-9251.71
Time=2484200 X=11544.5 Y=-9141.89
Time=2485240 X=11837.4 Y=-8951.22
Time=2486268 X=11976.9 Y=-8814.07
Time=2487318 X=12056.9 Y=-8682.18
Time=2488360 X=12192.3 Y=-8617.44
Time=2489332 X=12327 Y=-8553
Time=2490376 X=12159.7 Y=-8578.98
Time=2491436 X=11920.4 Y=-8716.36
Time=2492418 X=11826.3 Y=-8836.97
Time=2493447 X=11738.6 Y=-8837.33
Time=2494512 X=11382.4 Y=-8942.21
Time=2495512 X=11002.8 Y=-8993.37
Time=2496523 X=10961 Y=-8999
Time=2497616 X=10961 Y=-8999
Time=2498605 X=11077.3 Y=-9048.46
Time=2499633 X=11439.5 Y=-9203.1
Time=2500656 X=11767.1 Y=-9374.35
Time=2501676 X=12111.2 Y=-9559.37
Time=2502716 X=12410 Y=-9720
Time=2503727 X=12410 Y=-9720
Time=2504792 X=12410 Y=-9720
Time=2505815 X=12410 Y=-9720
Time=2506853 X=12695.7 Y=-9781.74
Time=2507788 X=12695.7 Y=-9781.74
Time=2508901 X=12695.7 Y=-9781.74
Time=2509937 X=12695.7 Y=-9781.74
Time=2510954 X=12695.7 Y=-9781.74
Time=2512040 X=12695.7 Y=-9781.74
Time=2513064 X=12695.7 Y=-9781.74
Time=2514113 X=12616.8 Y=-9610.71
Time=2515119 X=12477.2 Y=-9269.15
Time=2516216 X=12404.2 Y=-8898.52
Time=2517211 X=12689.3 Y=-8646.48
Time=2518232 X=13022.4 Y=-8441.59
Time=2519244 X=13360.4 Y=-8251.91
Time=2520323 X=13720.9 Y=-8049.66
Time=2521340 X=14006.1 Y=-7805.12
Time=2522398 X=13950 Y=-7412.05
Time=2523382 X=13842.6 Y=-7188.68
Time=2524418 X=13923 Y=-7016
Time=2525383 X=13923 Y=-7016
Time=2526462 X=13923 Y=-7016
Time=2527458 X=13923 Y=-7016
Time=2528498 X=13923 Y=-7016
Time=2529593 X=13923 Y=-7016
Time=2530568 X=13923 Y=-7016
Time=2531587 X=13923 Y=-7016
Time=2532684 X=13923 Y=-7016
Time=2533730 X=13923 Y=-7016
Time=2534739 X=13923 Y=-7016
Time=2535717 X=13923 Y=-7016
Time=2536806 X=13923 Y=-7016
Time=2537801 X=13923 Y=-7016
Time=2538836 X=13923 Y=-7016
Time=2539862 X=13923 Y=-7016
Time=2540887 X=13869.5 Y=-7054.8
Time=2541911 X=13886.3 Y=-7283.38
Time=2542915 X=13983.1 Y=-7650.23
Time=2543962 X=13847.1 Y=-7978.08
Time=2544943 X=13509.9 Y=-8144.01
Time=2546013 X=13126.5 Y=-8246.24
Time=2546998 X=12764.3 Y=-8317.94
Time=2548065 X=12384.9 Y=-8182.48
Time=2549094 X=12067.4 Y=-7955.63
Time=2550180 X=11787.1 Y=-7688.49
Time=2551196 X=11542.2 Y=-7409.34
Time=2552216 X=11412.5 Y=-7248.95
Time=2553245 X=11288.8 Y=-7095.55
Time=2554235 X=11214.3 Y=-7002.39
Time=2555237 X=11154.9 Y=-6997.78
Time=2556269 X=11113.1 Y=-6919.02
Time=2557344 X=11085.1 Y=-6877.45
Time=2558371 X=11130.1 Y=-6953.64
Time=2559313 X=11176.8 Y=-7020.3
Time=2560415 X=11299.2 Y=-7195.04
Time=2561426 X=11488 Y=-7464.54
Time=2562473 X=11528.1 Y=-7521.79
Time=2563435 X=11528.1 Y=-7521.79
Time=2564523 X=11528.1 Y=-7521.79
Time=2565560 X=11528.1 Y=-7521.79
Time=2566598 X=11555.2 Y=-7559.46
Time=2567588 X=11656.8 Y=-7719.54
Time=2568646 X=11830.6 Y=-7993.3
Time=2569710 X=12022.3 Y=-8295.35
Time=2570733 X=12182 Y=-8547
Time=2571763 X=12258.1 Y=-8320.02
Time=2572773 X=12231.2 Y=-8289.66
Time=2573786 X=11973.3 Y=-7999.7
Time=2574795 X=11716.5 Y=-7710.88
Time=2575848 X=11609.2 Y=-7590.25
Time=2576847 X=11582.2 Y=-7600.09
Time=2577877 X=11653.8 Y=-7767.76
Time=2578920 X=11810.7 Y=-8135.17
Time=2579906 X=11959.1 Y=-8482.5
Time=2580963 X=12118.1 Y=-8854.85
Time=2582005 X=12274.8 Y=-9221.91
Time=2583027 X=12404.2 Y=-9524.84
Time=2584079 X=12523.2 Y=-9803.47
Time=2585078 X=12548.4 Y=-9862.54
Time=2586080 X=12842.1 Y=-9840.96
Time=2587113 X=13239.7 Y=-9811.73
Time=2588169 X=13646.1 Y=-9781.86
Time=2589209 X=14046.4 Y=-9752.44
Time=2590192 X=14058.6 Y=-9651.53
Time=2591220 X=13721 Y=-9443.15
Time=2592258 X=13380.1 Y=-9232.75
Time=2593242 X=13070.7 Y=-9041.78
Time=2594226 X=12829.6 Y=-8892.93
Time=2595281 X=12592.4 Y=-8706.42
Time=2596357 X=12375.4 Y=-8485.17
Time=2597323 X=12180.6 Y=-8286.53
Time=2598317 X=11966.4 Y=-8068.09
Time=2599315 X=11698.8 Y=-7795.16
Time=2600335 X=11425.2 Y=-7516.2
Time=2601365 X=11149 Y=-7234.52
Time=2602336 X=10888.5 Y=-6968.97
Time=2603338 X=10619.8 Y=-6694.94
Time=2604413 X=10331.5 Y=-6400.94
Time=2605388 X=10107 Y=-6172
Time=2606404 X=10402.9 Y=-6149.31
Time=2607459 X=10806.7 Y=-6133.23
Time=2608460 X=11189.8 Y=-6117.98
Time=2609476 X=11578.7 Y=-6102.49
Time=2610550 X=11989.7 Y=-6086.12
Time=2611554 X=12374 Y=-6070.82
Time=2612611 X=12778.6 Y=-6054.71
Time=2613623 X=13005.6 Y=-6055.46
Time=2614659 X=13373 Y=-6131.14
Time=2615685 X=13721.7 Y=-6202.97
Time=2616679 X=14094.6 Y=-6279.79
Time=2617804 X=14516.6 Y=-6366.74
Time=2618831 X=14464.2 Y=-6197.53
Time=2619809 X=14284.2 Y=-5869.02
Time=2620869 X=14120.2 Y=-5565.92
Time=2621838 X=13959.4 Y=-5231.39
Time=2622881 X=13811.8 Y=-4861.08
Time=2623937 X=13733.7 Y=-4464.55
Time=2624944 X=13678.5 Y=-4082.81
Time=2625985 X=13606.8 Y=-3692.07
Time=2627023 X=13534.9 Y=-3455.77
Time=2627999 X=13501 Y=-3216.38
Time=2629130 X=13610.7 Y=-2979.53
Time=2630159 X=13577.6 Y=-2805.52
Time=2631168 X=13496 Y=-2630
Time=2632249 X=13430.7 Y=-2896.66
Time=2633299 X=13411.1 Y=-3163.39
Time=2634285 X=13399.5 Y=-3320.9
Time=2635318 X=13399.5 Y=-3320.9
Time=2636348 X=13399.5 Y=-3320.9
Time=2637349 X=13399.5 Y=-3320.9
Time=2638374 X=13399.5 Y=-3320.9
Time=2639433 X=13508.3 Y=-3562.9
Time=2640510 X=13638.2 Y=-3313.47
Time=2641454 X=13825.6 Y=-3004.21
Time=2642603 X=14059.5 Y=-2631.42
Time=2643623 X=14267.2 Y=-2300.48
Time=2644655 X=14445.4 Y=-2016.45
Time=2645688 X=14711 Y=-1815
Time=2646727 X=14905.3 Y=-1779.36
Time=2647760 X=15101.3 Y=-1752.62
Time=2648774 X=15293.7 Y=-1726.37
Time=2649859 X=15462.4 Y=-1703.36
Time=2650854 X=15462.4 Y=-1703.36
Time=2651852 X=15462.4 Y=-1703.36
Time=2652879 X=15462.4 Y=-1703.36
Time=2653878 X=15462.4 Y=-1703.36
Time=2654944 X=15462.4 Y=-1703.36
Time=2655934 X=15462.4 Y=-1703.36
Time=2656992 X=15462.4 Y=-1703.36
Time=2658033 X=15462.4 Y=-1703.36
Time=2659033 X=15335.7 Y=-1494.47
Time=2660090 X=15155.8 Y=-1133.32
Time=2661137 X=15032.2 Y=-1011.53
Time=2662219 X=15032.2 Y=-1011.53
Time=2663232 X=15032.2 Y=-1011.53
Time=2664276 X=15024.6 Y=-1031.75
Time=2665304 X=14958 Y=-1136.75
Time=2666386 X=14674.2 Y=-1437.12
Time=2667399 X=14428.7 Y=-1666.4
Time=2668460 X=14696.2 Y=-1657.96
Time=2669430 X=15067.6 Y=-1650.66
Time=2670563 X=15303.5 Y=-1362.02
Time=2671554 X=15427.9 Y=-1001.54
Time=2672622 X=15559.7 Y=-611.052
Time=2673586 X=15622.6 Y=-389.175
Time=2674643 X=15646.6 Y=-189.392
Time=2675700 X=15632.1 Y=12.5225
Time=2676706 X=15628 Y=69
Time=2677818 X=15628 Y=69
Time=2678868 X=15628 Y=69
Time=2679883 X=15628 Y=69
Time=2680956 X=15628 Y=69
Time=2681927 X=15628 Y=69
Time=2682998 X=15628 Y=69
Time=2683978 X=15628 Y=69
Time=2685004 X=15628 Y=69
Time=2686053 X=15628 Y=69
Time=2687080 X=15628 Y=69
Time=2688067 X=15628 Y=69
Time=2689135 X=15628 Y=69
Time=2690149 X=15628 Y=69
Time=2691166 X=15628 Y=69
Time=2692199 X=15658.2 Y=-16.4661
Time=2693233 X=15534.1 Y=-287.176
Time=2694251 X=15476 Y=-414
Time=2695300 X=15476 Y=-414
Time=2696336 X=15476 Y=-414
Time=2697361 X=15476 Y=-414
Time=2698385 X=15476 Y=-414
Time=2699412 X=15476 Y=-414
Time=2700420 X=15588 Y=-589.656
Time=2701463 X=15741.4 Y=-806.562
Time=2702582 X=15957.8 Y=-1112.43
Time=2703567 X=16177.3 Y=-1422.78
Time=2704607 X=16288.8 Y=-1602.45
Time=2705582 X=16147.2 Y=-1256.7
Time=2706640 X=15993.6 Y=-881.688
Time=2707687 X=15867.3 Y=-573.279
Time=2708687 X=15788.3 Y=-200.78
Time=2709803 X=15728.6 Y=222.497
Time=2710780 X=15690.6 Y=139.53
Time=2711824 X=15603.3 Y=-250.721
Time=2712834 X=15518.9 Y=-628.262
Time=2713864 X=15432.8 Y=-1013.28
Time=2714928 X=15343.8 Y=-1411.01
Time=2715989 X=15261.2 Y=-1780.25
Time=2717038 X=15261.2 Y=-1780.25
Time=2718029 X=15344.2 Y=-1519.25
Time=2719026 X=15459.9 Y=-1155.32
Time=2720109 X=15585.6 Y=-759.987
Time=2721122 X=15703.2 Y=-390.21
Time=2722172 X=15825.1 Y=-6.92712
Time=2723205 X=16026 Y=331.901
Time=2724245 X=16234.6 Y=671.254
Time=2725247 X=16417.3 Y=968.354
Time=2726289 X=16571.2 Y=1218.6
Time=2727356 X=16562.8 Y=1445.04
Time=2728368 X=16225.9 Y=1636.87
Time=2729363 X=15891 Y=1819.1
Time=2730435 X=15523.9 Y=2003.01
Time=2731499 X=15136.8 Y=2128.46
Time=2732556 X=14749.1 Y=2244.91
Time=2733526 X=14390.6 Y=2342.14
Time=2734554 X=14327.4 Y=2356.27
Time=2735596 X=14327.4 Y=2356.27
Time=2736656 X=14327.4 Y=2356.27
Time=2737790 X=14327.4 Y=2356.27
Time=2738777 X=14327.4 Y=2356.27
Time=2739843 X=14327.4 Y=2356.27
Time=2740807 X=14327.4 Y=2356.27
Time=2741874 X=14327.4 Y=2356.27
Time=2742967 X=14327.4 Y=2356.27
Time=2744007 X=14327.4 Y=2356.27
Time=2745060 X=14327.4 Y=2356.27
Time=2746064 X=14327.4 Y=2356.27
Time=2747122 X=14327.4 Y=2356.27
Time=2748091 X=14385.8 Y=2578.55
Time=2749147 X=14485.9 Y=2970.45
Time=2750226 X=14588.2 Y=3370.89
Time=2751264 X=14686.6 Y=3756.11
Time=2752290 X=14759.4 Y=4047.03
Time=2753306 X=14754.2 Y=4056.87
Time=2754315 X=14754.2 Y=4056.87
Time=2755372 X=14754.2 Y=4056.87
Time=2756392 X=14754.2 Y=4056.87
Time=2757425 X=14741.6 Y=3995.44
Time=2758451 X=14751.9 Y=3700.16
Time=2759470 X=14754.1 Y=3623.01
Time=2760502 X=14754.1 Y=3623.01
Time=2761462 X=14849.3 Y=3406.97
Time=2762592 X=14764.1 Y=3129.9
Time=2763552 X=14785 Y=2922.97
Time=2764567 X=14785 Y=2922.97
Time=2765598 X=14498.8 Y=2879.04
Time=2766627 X=14105.9 Y=2863.57
Time=2767665 X=13748.9 Y=2864.93
Time=2768664 X=13366.3 Y=2866.39
Time=2769779 X=12938.9 Y=2868.12
Time=2770745 X=12672.1 Y=2781.67
Time=2771815 X=12562 Y=2876
Time=2772922 X=12562 Y=2876
Time=2773976 X=12562 Y=2876
Time=2774951 X=12562 Y=2876
Time=2775978 X=12562 Y=2876
Time=2777065 X=12562 Y=2876
Time=2778071 X=12562 Y=2876
Time=2779106 X=12562 Y=2876
Time=2780143 X=12562 Y=2876
Time=2781159 X=12562 Y=2876
Time=2782282 X=12562 Y=2876
Time=2783307 X=12297.8 Y=2931.52
Time=2784392 X=11912.1 Y=3084.33
Time=2785384 X=11594.6 Y=3286.48
Time=2786416 X=11387.4 Y=3574.36
Time=2787425 X=11287.3 Y=3713.37
Time=2788536 X=11226.3 Y=3761.25
Time=2789494 X=11176.8 Y=3776.28
Time=2790584 X=11155.4 Y=3842.34
Time=2791582 X=11222.8 Y=3788.65
Time=2792573 X=11340.5 Y=3695.05
Time=2793641 X=11426 Y=3627
Time=2794628 X=11512.7 Y=3459.78
Time=2795670 X=11596.9 Y=3297.42
Time=2796713 X=11596.9 Y=3297.42
Time=2797770 X=11596.9 Y=3297.42
Time=2798825 X=11596.9 Y=3297.42
Time=2799819 X=11658.8 Y=3226.34
Time=2800814 X=11992.1 Y=3040.61
Time=2801882 X=12377.4 Y=2903.13
Time=2802859 X=12739.9 Y=2811.19
Time=2803851 X=13110.2 Y=2726.05
Time=2804952 X=13214.5 Y=2701.04
Time=2805948 X=12841.1 Y=2779.01
Time=2806907 X=12481.5 Y=2854.08
Time=2807898 X=12374.8 Y=2876.35
Time=2809024 X=12374.8 Y=2876.35
Time=2810045 X=12613.3 Y=2811.77
Time=2811058 X=12987.8 Y=2710.34
Time=2811987 X=13298.3 Y=2626.26
Time=2813068 X=13624.5 Y=2537.92
Time=2814078 X=13998 Y=2436.8
Time=2815162 X=14293.9 Y=2356.65
Time=2816174 X=14333 Y=2393.41
Time=2817192 X=14616 Y=2661.67
Time=2818227 X=14820.1 Y=2855.16
Time=2819239 X=14786.7 Y=2942.45
Time=2820258 X=14647.3 Y=3307.02
Time=2821242 X=14554.4 Y=3549.94
Time=2822300 X=14530.8 Y=3577.31
Time=2823293 X=14723.2 Y=3903.54
Time=2824331 X=14796.3 Y=4293.98
Time=2825353 X=14848.4 Y=4681.96
Time=2826399 X=14918.2 Y=5076.46
Time=2827366 X=15020.8 Y=5357.67
Time=2828381 X=14982 Y=5503
Time=2829477 X=14982 Y=5503
Time=2830514 X=14859 Y=5487.92
Time=2831553 X=14690 Y=5502.92
Time=2832598 X=14690 Y=5502.92
Time=2833647 X=14724.3 Y=5385.23
Time=2834680 X=14834.9 Y=5005.33
Time=2835661 X=14949.4 Y=4679.38
Time=2836726 X=14987 Y=4483
Time=2837753 X=14987 Y=4483
Time=2838767 X=14987 Y=4483
Time=2839741 X=14987 Y=4483
Time=2840753 X=14987 Y=4483
Time=2841771 X=14865.5 Y=4652.92
Time=2842753 X=14676.2 Y=4956.32
Time=2843782 X=14675.7 Y=4957.18
Time=2844791 X=14535.4 Y=5250.91
Time=2845838 X=14388.5 Y=5624.05
Time=2846857 X=14245.4 Y=5987.22
Time=2847875 X=14133.8 Y=6270.62
Time=2848857 X=14008.5 Y=6524.21
Time=2849907 X=13895.5 Y=6804.38
Time=2850957 X=13748.8 Y=7067.99
Time=2851983 X=13574.1 Y=7350.04
Time=2853006 X=13377.8 Y=7687.93
Time=2854076 X=13216.2 Y=8064.57
Time=2855050 X=13023.5 Y=8365.45
Time=2856128 X=12648.4 Y=8537.73
Time=2857202 X=12413 Y=8614
Time=2858163 X=12413 Y=8614
Time=2859216 X=12413 Y=8614
Time=2860188 X=12413 Y=8614
Time=2861238 X=12413 Y=8614
Time=2862253 X=12413 Y=8614
Time=2863259 X=12413 Y=8614
Time=2864284 X=12413 Y=8614
Time=2865302 X=12413 Y=8614
Time=2866363 X=12413 Y=8614
Time=2867327 X=12739.5 Y=8499.27
Time=2868298 X=12893 Y=8456
Time=2869451 X=12893 Y=8456
Time=2870491 X=12893 Y=8456
Time=2871516 X=12893 Y=8456
Time=2872562 X=12893 Y=8456
Time=2873547 X=12893 Y=8456
Time=2874565 X=12893 Y=8456
Time=2875667 X=13048 Y=8240.76
Time=2876687 X=13276.2 Y=7923.69
Time=2877716 X=13366 Y=7799
Time=2878772 X=13316.6 Y=7839.63
Time=2879757 X=13077.9 Y=8035.99
Time=2880764 X=13077.9 Y=8035.99
Time=2881794 X=13077.9 Y=8035.99
Time=2882821 X=13077.9 Y=8035.99
Time=2883844 X=13077.9 Y=8035.99
Time=2884861 X=13077.9 Y=8035.99
Time=2885900 X=12872.5 Y=8248.26
Time=2886916 X=12602 Y=8527.99
Time=2887945 X=12322.2 Y=8805.55
Time=2888939 X=12028.5 Y=9047.48
Time=2890027 X=11684.4 Y=9282.57
Time=2891060 X=11462.9 Y=9494.84
Time=2892135 X=11418 Y=9547
Time=2893100 X=11418 Y=9547
Time=2894133 X=11418 Y=9547
Time=2895094 X=11418 Y=9547
Time=2896208 X=11418 Y=9547
Time=2897186 X=11418 Y=9547
Time=2898182 X=11418 Y=9547
Time=2899234 X=11418 Y=9547
Time=2900289 X=11566.9 Y=9382.31
Time=2901297 X=11812 Y=9111.39
Time=2902347 X=11957.7 Y=9019.33
Time=2903386 X=12336.1 Y=8896.03
Time=2904413 X=12718.5 Y=8818.92
Time=2905479 X=13129.9 Y=8818.18
Time=2906478 X=13515.4 Y=8820.57
Time=2907514 X=13915.2 Y=8818.26
Time=2908576 X=14262.9 Y=8813.89
Time=2909603 X=14262.9 Y=8813.89
Time=2910715 X=14262.9 Y=8813.89
Time=2911737 X=14262.9 Y=8813.89
Time=2912703 X=14262.9 Y=8813.89
Time=2913723 X=14262.9 Y=8813.89
Time=2914780 X=14262.9 Y=8813.89
Time=2915813 X=14262.9 Y=8813.89
Time=2916719 X=14262.9 Y=8813.89
Time=2917830 X=14262.9 Y=8813.89
Time=2918907 X=14262.9 Y=8813.89
Time=2919866 X=14138.1 Y=8808.91
Time=2920880 X=13749.8 Y=8807.04
Time=2921899 X=13359.6 Y=8798.25
Time=2922921 X=12968.2 Y=8789.43
Time=2923955 X=12683 Y=8783
Time=2925002 X=12503.1 Y=8531.14
Time=2925986 X=12420.5 Y=8415.49
Time=2927055 X=12253.7 Y=8588.8
Time=2928064 X=12003.5 Y=8848.67
Time=2929169 X=11710 Y=9153.59
Time=2930198 X=11436.6 Y=9437.54
Time=2931196 X=11390.1 Y=9485.83
Time=2932265 X=11684.4 Y=9417.13
Time=2933280 X=12063 Y=9328.7
Time=2934329 X=12454.3 Y=9237.3
Time=2935345 X=12833.3 Y=9148.79
Time=2936353 X=13189.2 Y=9065.66
Time=2937356 X=13563.3 Y=8978.27
Time=2938415 X=13958.3 Y=8886.01
Time=2939388 X=14267.8 Y=8813.72
Time=2940419 X=14267.8 Y=8813.72
Time=2941471 X=14627.2 Y=8774.28
Time=2942506 X=15003 Y=8732.47
Time=2943539 X=15007.5 Y=8724.85
Time=2944535 X=15312.6 Y=8693.79
Time=2945533 X=14937.5 Y=8767.74
Time=2946593 X=14539.2 Y=8846.3
Time=2947596 X=14162.2 Y=8920.62
Time=2948521 X=13814.6 Y=8989.17
Time=2949608 X=13477.3 Y=9161.15
Time=2950625 X=13281.7 Y=9429.7
Time=2951650 X=13326.7 Y=9811.28
Time=2952622 X=13531.3 Y=10112.5
Time=2953695 X=13814.9 Y=10409.8
Time=2954751 X=14117.3 Y=10678.2
Time=2955707 X=14414.5 Y=10891.9
Time=2956804 X=14661.8 Y=11216.6
Time=2957808 X=14798.9 Y=11474.7
Time=2958859 X=14798.9 Y=11474.7
Time=2959892 X=14798.9 Y=11474.7
Time=2960918 X=14798.9 Y=11474.7
Time=2961878 X=14798.9 Y=11474.7
Time=2963008 X=14798.9 Y=11474.7
Time=2963970 X=14798.9 Y=11474.7
Time=2965025 X=14798.9 Y=11474.7
Time=2966095 X=14798.9 Y=11474.7
Time=2967103 X=14798.9 Y=11474.7
Time=2968079 X=14798.9 Y=11474.7
Time=2969176 X=14798.9 Y=11474.7
Time=2970155 X=14798.9 Y=11474.7
Time=2971164 X=14798.9 Y=11474.7
Time=2972237 X=14798.9 Y=11474.7
Time=2973201 X=14798.9 Y=11474.7
Time=2974267 X=14798.9 Y=11474.7
Time=2975298 X=14798.9 Y=11474.7
Time=2976274 X=14798.9 Y=11474.7
Time=2977339 X=14798.9 Y=11474.7
Time=2978397 X=14606.5 Y=11270.6
Time=2979410 X=14344.5 Y=10984.4
Time=2980467 X=14071.2 Y=10685.7
Time=2981443 X=13818.7 Y=10410
Time=2982531 X=13537.3 Y=10102.6
Time=2983502 X=13326.2 Y=9808.15
Time=2984576 X=13294.7 Y=9411.89
Time=2985579 X=13520.9 Y=9101.35
Time=2986538 X=13852.3 Y=8990.55
Time=2987538 X=14230.1 Y=8927.71
Time=2988588 X=14626.9 Y=8861.73
Time=2989690 X=15043.3 Y=8792.48
Time=2990711 X=15429 Y=8728.31
Time=2991743 X=15819 Y=8663.46
Time=2992784 X=16151.7 Y=8608.13
Time=2993730 X=16509.1 Y=8548.68
Time=2994736 X=16886 Y=8486
Time=2995797 X=16634.7 Y=8527.79
Time=2996815 X=16250.1 Y=8591.76
Time=2997782 X=15884.7 Y=8652.53
Time=2998861 X=15477 Y=8720.34
Time=2999874 X=15094.2 Y=8784
Time=3000894 X=14729.3 Y=8844.7
Time=3001920 X=14437.8 Y=8893.17
Time=3002944 X=14146.9 Y=8941.56
Time=3003950 X=13779.3 Y=9002.69
Time=3005020 X=13452.2 Y=9195.59
Time=3005956 X=13270.8 Y=9492.48
Time=3007018 X=13344.6 Y=9891.57
Time=3008075 X=13640.8 Y=10167.3
Time=3009037 X=13856.1 Y=10346.7
Time=3010102 X=14179.5 Y=10595.4
Time=3011106 X=14490.7 Y=10821.2
Time=3012161 X=14817.8 Y=11058.5
Time=3013175 X=14808.2 Y=11051.5
Time=3014194 X=14808.2 Y=11051.5
Time=3015229 X=14624.7 Y=11311.6
Time=3016272 X=14575.6 Y=11321.1
Time=3017262 X=14575.6 Y=11321.1
Time=3018293 X=14414.6 Y=10977
Time=3019303 X=14376.4 Y=10895.5
Time=3020320 X=14150.1 Y=10729.4
Time=3021336 X=13836.1 Y=10499.5
Time=3022361 X=13519.4 Y=10267.5
Time=3023404 X=13197 Y=10031.5
Time=3024372 X=12897.9 Y=9812.41
Time=3025407 X=12604.2 Y=9597.39
Time=3026450 X=12676.1 Y=9672.63
Time=3027457 X=12962.2 Y=9931.27
Time=3028457 X=13246.4 Y=10188.1
Time=3029438 X=13525.1 Y=10440.1
Time=3030562 X=13844.5 Y=10728.8
Time=3031488 X=14107.7 Y=10966.6
Time=3032555 X=14410.9 Y=11240.7
Time=3033556 X=14689.4 Y=11336
Time=3034619 X=15028 Y=11419.6
Time=3035641 X=15401.1 Y=11536.4
Time=3036624 X=15709.6 Y=11757.5
Time=3037733 X=15657.7 Y=11719.8
Time=3038743 X=15339 Y=11494.8
Time=3039758 X=14983.6 Y=11330
Time=3040795 X=14620.5 Y=11161.7
Time=3041832 X=14257.4 Y=10993.4
Time=3042822 X=13926.8 Y=10840.2
Time=3043847 X=13570.6 Y=10675.1
Time=3044945 X=13189 Y=10498.3
Time=3045993 X=12824.8 Y=10329.4
Time=3046967 X=12486.3 Y=10172.6
Time=3047936 X=12149.6 Y=10016.5
Time=3049066 X=11756.9 Y=9834.46
Time=3050110 X=11394.1 Y=9666.29
Time=3051062 X=11141 Y=9549
Time=3052134 X=11335.9 Y=9800.68
Time=3053157 X=11578.9 Y=10108.1
Time=3054187 X=11648.4 Y=10493.9
Time=3055217 X=11613.5 Y=10886.9
Time=3056251 X=11576.1 Y=11281
Time=3057273 X=11588.9 Y=11672.1
Time=3058318 X=11643.4 Y=12068.6
Time=3059323 X=11639.6 Y=12371.5
Time=3060342 X=11719 Y=12489
Time=3061354 X=11719 Y=12489
Time=3062428 X=11719 Y=12489
Time=3063413 X=11719 Y=12489
Time=3064415 X=11719 Y=12489
Time=3065521 X=11719 Y=12489
Time=3066502 X=11719 Y=12489
Time=3067526 X=11526.9 Y=12453.8
Time=3068576 X=11466.3 Y=12362.2
Time=3069662 X=11327.7 Y=12081.8
Time=3070670 X=11249 Y=11925
Time=3071724 X=11249 Y=11925
Time=3072768 X=11249 Y=11925
Time=3073754 X=11376.4 Y=11857.8
Time=3074793 X=11584.3 Y=11748.6
Time=3075830 X=11552 Y=12086
Time=3076833 X=11540.7 Y=12470
Time=3077823 X=11534.5 Y=12849.2
Time=3078842 X=11535.9 Y=13241.8
Time=3079840 X=11524.2 Y=13626.7
Time=3080881 X=11489.8 Y=14026.9
Time=3081875 X=11477.1 Y=14154.2
Time=3082959 X=11477.1 Y=14154.2
Time=3083875 X=11477.1 Y=14154.2
Time=3084967 X=11477.1 Y=14154.2
Time=3085980 X=11477.1 Y=14154.2
Time=3086980 X=11477.1 Y=14154.2
Time=3087984 X=11302.9 Y=13847.4
Time=3089015 X=11263.8 Y=13778.5
Time=3090062 X=11263.8 Y=13778.5
Time=3091067 X=11282.6 Y=13736.8
Time=3092067 X=11282.6 Y=13736.8
Time=3093100 X=11294.1 Y=13766.8
Time=3094144 X=11051.8 Y=13959.6
Time=3095159 X=10687.6 Y=14102.5
Time=3096203 X=10315.3 Y=14248.5
Time=3097178 X=9967.63 Y=14384.9
Time=3098199 X=9591.32 Y=14472.4
Time=3099187 X=9356.99 Y=14481.8
Time=3100220 X=9356.99 Y=14481.8
Time=3101199 X=9356.99 Y=14481.8
Time=3102293 X=9356.99 Y=14481.8
Time=3103285 X=9356.99 Y=14481.8
Time=3104358 X=9356.99 Y=14481.8
Time=3105293 X=9342.06 Y=14480.6
Time=3106366 X=9644.63 Y=14543.4
Time=3107400 X=10022.6 Y=14621.9
Time=3108415 X=10403.2 Y=14701
Time=3109482 X=10796.3 Y=14810
Time=3110551 X=11183.4 Y=14943.3
Time=3111521 X=11534.7 Y=15064.3
Time=3112527 X=11899.1 Y=15189.8
Time=3113557 X=12272.1 Y=15318.2
Time=3114525 X=12366 Y=15338.3
Time=3115601 X=12132.7 Y=15120.9
Time=3116568 X=11885 Y=14847.8
Time=3117605 X=11654.9 Y=14524
Time=3118648 X=11490.2 Y=14292.4
Time=3119623 X=11380.5 Y=14318.8
Time=3120632 X=11026.7 Y=14474.4
Time=3121641 X=10748.2 Y=14467
Time=3122752 X=10322.7 Y=14465.2
Time=3123757 X=9959.84 Y=14463.8
Time=3124752 X=9623.1 Y=14462.4
Time=3125746 X=9242.62 Y=14457.2
Time=3126806 X=8868.45 Y=14342.3
Time=3127799 X=8602.15 Y=14070.6
Time=3128800 X=8344.58 Y=13786.5
Time=3129921 X=8056.14 Y=13468.5
Time=3130896 X=7805.26 Y=13191.8
Time=3131970 X=7647.9 Y=12911.8
Time=3132964 X=7682.92 Y=12602.6
Time=3134030 X=7727.87 Y=12205.4
Time=3135061 X=7772.29 Y=11813
Time=3136097 X=7813.84 Y=11418.5
Time=3137073 X=7817.35 Y=11044.7
Time=3138095 X=7817.4 Y=11039.3
Time=3139110 X=7817.4 Y=11039.3
Time=3140124 X=7817.4 Y=11039.3
Time=3141095 X=7817.4 Y=11039.3
Time=3142134 X=7817.4 Y=11039.3
Time=3143201 X=7817.4 Y=11039.3
Time=3144204 X=7817.4 Y=11039.3
Time=3145205 X=7817.4 Y=11039.3
Time=3146244 X=7817.4 Y=11039.3
Time=3147261 X=7817.4 Y=11039.3
Time=3148299 X=7817.4 Y=11039.3
Time=3149259 X=7817.4 Y=11039.3
Time=3150348 X=7871 Y=10941
Time=3151342 X=7865.17 Y=10891.2
Time=3152402 X=7771.14 Y=10666.9
Time=3153392 X=7624.54 Y=10317.2
Time=3154424 X=7471.73 Y=9952.64
Time=3155419 X=7324.4 Y=9601.14
Time=3156442 X=7282 Y=9500
Time=3157548 X=7282 Y=9500
Time=3158556 X=7282 Y=9500
Time=3159549 X=7282 Y=9500
Time=3160593 X=7282 Y=9500
Time=3161641 X=7282 Y=9500
Time=3162658 X=7093.05 Y=9282.59
Time=3163628 X=7093.05 Y=9282.59
Time=3164707 X=7093.05 Y=9282.59
Time=3165705 X=7093.05 Y=9282.59
Time=3166724 X=7093.05 Y=9282.59
Time=3167673 X=7093.05 Y=9282.59
Time=3168756 X=7093.05 Y=9282.59
Time=3169793 X=7093.05 Y=9282.59
Time=3170855 X=7093.05 Y=9282.59
Time=3171787 X=7093.05 Y=9282.59
Time=3172861 X=7093.05 Y=9282.59
Time=3173874 X=7093.05 Y=9282.59
Time=3174831 X=7093.05 Y=9282.59
Time=3175931 X=7046.55 Y=9192.19
Time=3176929 X=6886.29 Y=8853.63
Time=3177926 X=6722.91 Y=8508.45
Time=3178970 X=6551.82 Y=8147
Time=3179982 X=6566.06 Y=7768.76
Time=3181041 X=6657.75 Y=7380.68
Time=3182033 X=6788.92 Y=7093.91
Time=3183068 X=6953.82 Y=6733.38
Time=3184135 X=7268.16 Y=6528.77
Time=3185136 X=7631.47 Y=6406.76
Time=3186125 X=7975.51 Y=6248.44
Time=3187126 X=8337.75 Y=6124.39
Time=3188163 X=8383 Y=6111
Time=3189249 X=8141.29 Y=6195.96
Time=3190232 X=7845.12 Y=6343.74
Time=3191190 X=7768.12 Y=6379.64
Time=3192272 X=7768.12 Y=6379.64
Time=3193305 X=7768.12 Y=6379.64
Time=3194300 X=7768.12 Y=6379.64
Time=3195276 X=7768.12 Y=6379.64
Time=3196330 X=7768.12 Y=6379.64
Time=3197335 X=7768.12 Y=6379.64
Time=3198380 X=7768.12 Y=6379.64
Time=3199346 X=7768.12 Y=6379.64
Time=3200376 X=7749.61 Y=6389.2
Time=3201401 X=7933.44 Y=6391.5
Time=3202447 X=8263.81 Y=6348.33
Time=3203513 X=7981.01 Y=6490.09
Time=3204560 X=7960.8 Y=6473.66
Time=3205572 X=7574.67 Y=6507.88
Time=3206645 X=7166.86 Y=6552.44
Time=3207661 X=6918.52 Y=6810.56
Time=3208722 X=6749.47 Y=7180.14
Time=3209649 X=6615.3 Y=7473.48
Time=3210761 X=6563.66 Y=7788.87
Time=3211763 X=6523.32 Y=8074.62
Time=3212757 X=6635.63 Y=8336.68
Time=3213800 X=6758.82 Y=8610.64
Time=3214819 X=6879.18 Y=8878.3
Time=3215854 X=7001.42 Y=9150.16
Time=3216872 X=7017.37 Y=9185.62
Time=3217825 X=6895.18 Y=8921.04
Time=3218882 X=6730.32 Y=8551.26
Time=3219891 X=6572.94 Y=8198.26
Time=3220919 X=6559.22 Y=7817.69
Time=3221885 X=6610.44 Y=7451.24
Time=3222988 X=6668.92 Y=7032.81
Time=3224000 X=6707.12 Y=6763.59
Time=3224994 X=7047.14 Y=6592.56
Time=3226002 X=7425.04 Y=6544.98
Time=3227101 X=7845.94 Y=6552.45
Time=3228076 X=8219.34 Y=6559.07
Time=3229176 X=8640.62 Y=6566.55
Time=3230223 X=8789.31 Y=6476.48
Time=3231248 X=8672.38 Y=6139.3
Time=3232258 X=8545.61 Y=5773.79
Time=3233267 X=8418.98 Y=5408.63
Time=3234276 X=8497.36 Y=5075.05
Time=3235313 X=8734.42 Y=4756.33
Time=3236348 X=8971.03 Y=4438.23
Time=3237350 X=9303.34 Y=4253.55
Time=3238389 X=9660.1 Y=4077.16
Time=3239431 X=9979.18 Y=3993.16
Time=3240434 X=10362.2 Y=3963.23
Time=3241416 X=10737.2 Y=3933.94
Time=3242528 X=11161.8 Y=3900.76
Time=3243526 X=11322.7 Y=3696.32
Time=3244579 X=11546.8 Y=3360.98
Time=3245584 X=11839.2 Y=3124.36
Time=3246615 X=12199.9 Y=2966.47
Time=3247666 X=12538.6 Y=2848.33
Time=3248669 X=12813.1 Y=2758.38
Time=3249734 X=13104.6 Y=2662.87
Time=3250740 X=13079.3 Y=2658.87
Time=3251761 X=12711.2 Y=2769.3
Time=3252763 X=12343.5 Y=2879.58
Time=3253755 X=11979.6 Y=2988.76
Time=3254808 X=11593.2 Y=3104.66
Time=3255770 X=11240.3 Y=3210.53
Time=3256852 X=10843.3 Y=3329.62
Time=3257847 X=10478.3 Y=3439.13
Time=3258885 X=10096.3 Y=3553.73
Time=3259906 X=9721.66 Y=3666.11
Time=3260952 X=9336.18 Y=3774.44
Time=3261983 X=8953.98 Y=3755.61
Time=3263005 X=8731.3 Y=3587.98
Time=3264067 X=8563.57 Y=3288.77
Time=3265022 X=8395.94 Y=3020.38
Time=3266123 X=8236.35 Y=2634.34
Time=3267112 X=8232.47 Y=2255.53
Time=3268185 X=8229.37 Y=1844.54
Time=3269183 X=8231.41 Y=1462.61
Time=3270207 X=8220.37 Y=1251.27
Time=3271218 X=8251.32 Y=1180.31
Time=3272233 X=8251.32 Y=1180.31
Time=3273255 X=8251.32 Y=1180.31
Time=3274286 X=8251.32 Y=1180.31
Time=3275310 X=8251.32 Y=1180.31
Time=3276311 X=8251.32 Y=1180.31
Time=3277368 X=8251.32 Y=1180.31
Time=3278412 X=8251.32 Y=1180.31
Time=3279415 X=8251.32 Y=1180.31
Time=3280488 X=8251.32 Y=1180.31
Time=3281485 X=8192.6 Y=1117.23
Time=3282482 X=7948.66 Y=1109.37
Time=3283434 X=7625.16 Y=1098.94
Time=3284536 X=7625.16 Y=1098.94
Time=3285549 X=7475.59 Y=1078.81
Time=3286563 X=7090.66 Y=1027
Time=3287551 X=6715.6 Y=976.517
Time=3288654 X=6497.35 Y=947.158
Time=3289689 X=6497.35 Y=947.158
Time=3290761 X=6497.35 Y=947.158
Time=3291768 X=6497.35 Y=947.158
Time=3292807 X=6497.35 Y=947.158
Time=3293850 X=6497.35 Y=947.158
Time=3294865 X=6497.35 Y=947.158
Time=3295928 X=6497.35 Y=947.158
Time=3296929 X=6497.35 Y=947.158
Time=3297972 X=6161.38 Y=962.133
Time=3298956 X=5984.2 Y=970.03
Time=3300010 X=5984.2 Y=970.03
Time=3301070 X=5984.2 Y=970.03
Time=3302166 X=5984.2 Y=970.03
Time=3303134 X=5733.2 Y=783.646
Time=3304192 X=5457.48 Y=654.347
Time=3305191 X=5324.23 Y=586.965
Time=3306248 X=5187.4 Y=524.104
Time=3307293 X=5065.15 Y=524.773
Time=3308281 X=4979.9 Y=529.284
Time=3309283 X=4893.45 Y=533.859
Time=3310336 X=4853 Y=536
Time=3311275 X=4853 Y=536
Time=3312367 X=4853 Y=536
Time=3313370 X=4853 Y=536
Time=3314381 X=4853 Y=536
Time=3315322 X=4853 Y=536
Time=3316413 X=4983.12 Y=489.788
Time=3317388 X=5272 Y=412
Time=3318393 X=5272 Y=412
Time=3319436 X=5272 Y=412
Time=3320439 X=5272 Y=412
Time=3321458 X=5272 Y=412
Time=3322459 X=5272 Y=412
Time=3323526 X=5272 Y=412
Time=3324585 X=5225.94 Y=400.299
Time=3325667 X=4863.47 Y=308.21
Time=3326652 X=4591.71 Y=239.171
Time=3327716 X=4591.71 Y=239.171
Time=3328655 X=4591.71 Y=239.171
Time=3329690 X=4670.03 Y=271.58
Time=3330755 X=5059.19 Y=393.924
Time=3331805 X=5442.86 Y=514.546
Time=3332850 X=5824.71 Y=634.592
Time=3333865 X=6136.67 Y=732.666
Time=3334943 X=6459 Y=834
Time=3335938 X=6332.71 Y=981.077
Time=3336929 X=6311 Y=972.455
Time=3337987 X=5934.42 Y=822.715
Time=3339029 X=5563.54 Y=675.227
Time=3340095 X=5184.12 Y=524.343
Time=3341121 X=4818.94 Y=379.12
Time=3342128 X=4519.75 Y=260.141
Time=3343123 X=4519.75 Y=260.141
Time=3344197 X=4900.24 Y=348.878
Time=3345181 X=5267.3 Y=434.475
Time=3346187 X=5642.57 Y=521.986
Time=3347245 X=6037.24 Y=614.021
Time=3348268 X=6418.85 Y=703.011
Time=3349329 X=6814.64 Y=795.307
Time=3350331 X=7188.41 Y=882.47
Time=3351373 X=7551.1 Y=967.048
Time=3352447 X=7951.74 Y=1060.47
Time=3353444 X=8298.51 Y=1141.34
Time=3354406 X=8298.51 Y=1141.34
Time=3355484 X=8499.34 Y=780.574
Time=3356563 X=8664.82 Y=473.045
Time=3357557 X=8900.31 Y=177.836
Time=3358597 X=9161.48 Y=-100.761
Time=3359575 X=9247.36 Y=-267.216
Time=3360577 X=9367.65 Y=-416.741
Time=3361621 X=9513.15 Y=-597.603
Time=3362671 X=9513.15 Y=-597.603
Time=3363670 X=9513.15 Y=-597.603
Time=3364722 X=9513.15 Y=-597.603
Time=3365728 X=9513.15 Y=-597.603
Time=3366749 X=9513.15 Y=-597.603
Time=3367773 X=9513.15 Y=-597.603
Time=3368733 X=9513.15 Y=-597.603
Time=3369833 X=9513.15 Y=-597.603
Time=3370862 X=9513.15 Y=-597.603
Time=3371875 X=9513.15 Y=-597.603
Time=3372882 X=9513.15 Y=-597.603
Time=3373874 X=9339.48 Y=-697.175
Time=3374847 X=9119.34 Y=-870.563
Time=3375907 X=9003.5 Y=-961.801
Time=3376942 X=9003.5 Y=-961.801
Time=3377972 X=9003.5 Y=-961.801
Time=3379053 X=9003.5 Y=-961.801
Time=3380076 X=9080.08 Y=-1172.04
Time=3381077 X=9026.59 Y=-1455.32
Time=3382135 X=8952.25 Y=-1849.05
Time=3383184 X=8877.69 Y=-2243.89
Time=3384192 X=8806.05 Y=-2623.29
Time=3385250 X=8627.34 Y=-2985.06
Time=3386331 X=8441.78 Y=-3332.65
Time=3387325 X=8286.07 Y=-3624.34
Time=3388365 X=8056.38 Y=-3941.8
Time=3389374 X=8010.68 Y=-4081.29
Time=3390460 X=8010.68 Y=-4081.29
Time=3391391 X=8010.68 Y=-4081.29
Time=3392377 X=8010.68 Y=-4081.29
Time=3393455 X=8010.68 Y=-4081.29
Time=3394488 X=8010.68 Y=-4081.29
Time=3395584 X=8074.59 Y=-3986.13
Time=3396574 X=8204.89 Y=-3734.89
Time=3397640 X=8208 Y=-3725.91
Time=3398649 X=8208 Y=-3725.91
Time=3399636 X=8208 Y=-3725.91
Time=3400701 X=8208 Y=-3725.91
Time=3401667 X=8208 Y=-3725.91
Time=3402700 X=8216.16 Y=-3746.98
Time=3403721 X=8357.29 Y=-4111.71
Time=3404784 X=8451.49 Y=-4398.1
Time=3405847 X=8059.31 Y=-4290.37
Time=3406868 X=7674.29 Y=-4238.79
Time=3407812 X=7325.07 Y=-4238.69
Time=3408931 X=6929.76 Y=-4244.85
Time=3409948 X=6540.25 Y=-4244.11
Time=3410962 X=6183.56 Y=-4266.93
Time=3412002 X=6048 Y=-4326
Time=3413036 X=6048 Y=-4326
Time=3414073 X=6048 Y=-4326
Time=3415042 X=6048 Y=-4326
Time=3416176 X=6048 Y=-4326
Time=3417182 X=6048 Y=-4326
Time=3418163 X=6048 Y=-4326
Time=3419163 X=6048 Y=-4326
Time=3420204 X=6048 Y=-4326
Time=3421252 X=6048 Y=-4326
Time=3422299 X=6048 Y=-4326
Time=3423278 X=6048 Y=-4326
Time=3424277 X=6029.91 Y=-4298.04
Time=3425328 X=5940.7 Y=-3905.48
Time=3426313 X=5899 Y=-3722
Time=3427347 X=5621.14 Y=-3612.14
Time=3428368 X=5255.62 Y=-3473.07
Time=3429408 X=4883.29 Y=-3331.4
Time=3430376 X=4536.75 Y=-3199.55
Time=3431443 X=4152.58 Y=-3060.9
Time=3432450 X=3816.91 Y=-3012.55
Time=3433468 X=3478.13 Y=-3185.42
Time=3434494 X=3157.33 Y=-3412.44
Time=3435488 X=2846.53 Y=-3632.37
Time=3436529 X=2521.04 Y=-3862.71
Time=3437517 X=2229.81 Y=-4068.8
Time=3438556 X=2310.89 Y=-4011.42
Time=3439556 X=2623.56 Y=-3790.16
Time=3440593 X=2947.8 Y=-3560.71
Time=3441657 X=3280.48 Y=-3325.29
Time=3442627 X=3583.77 Y=-3110.67
Time=3443657 X=3949.14 Y=-3023.29
Time=3444681 X=4313.65 Y=-3147.96
Time=3445690 X=4630.19 Y=-3369.71
Time=3446739 X=4920.67 Y=-3573.2
Time=3447722 X=5152.54 Y=-3735.64
Time=3448759 X=5454.9 Y=-3947.46
Time=3449715 X=5754.82 Y=-4157.56
Time=3450807 X=5940.71 Y=-4287.79
Time=3451799 X=6085.55 Y=-4208.57
Time=3452843 X=6423 Y=-4024
Time=3453875 X=6714.52 Y=-4034.63
Time=3454842 X=7084.27 Y=-4056.64
Time=3455902 X=7489.57 Y=-4080.78
Time=3456893 X=7805.12 Y=-4099.57
Time=3457873 X=8110.86 Y=-3897.1
Time=3458914 X=8254.47 Y=-3538.23
Time=3459906 X=8242.3 Y=-3155.92
Time=3460901 X=8212.27 Y=-2772.96
Time=3461918 X=8140.33 Y=-2387.64
Time=3462970 X=8066.38 Y=-1991.53
Time=3463993 X=7994.47 Y=-1606.33
Time=3465027 X=7903.13 Y=-1323.8
Time=3466037 X=7569.31 Y=-1128.28
Time=3467029 X=7245.28 Y=-938.509
Time=3468038 X=6972.47 Y=-778.728
Time=3469104 X=6620.13 Y=-572.37
Time=3470126 X=6282.34 Y=-374.529
Time=3471154 X=5942.56 Y=-175.527
Time=3472202 X=5596.17 Y=27.3463
Time=3473153 X=5281.84 Y=211.442
Time=3474229 X=4926.2 Y=419.736
Time=3475210 X=4701.24 Y=715.388
Time=3476238 X=4501.76 Y=1054.78
Time=3477215 X=4362.17 Y=1342.58
Time=3478260 X=4217.92 Y=1719.12
Time=3479307 X=4068.64 Y=2022.29
Time=3480356 X=4058 Y=2030
Time=3481413 X=4058 Y=2030
Time=3482461 X=4058 Y=2030
Time=3483309 X=4058 Y=2030
Time=3484479 X=4058 Y=2030
Time=3485459 X=4058 Y=2030
Time=3486501 X=4058 Y=2030
Time=3487507 X=4058 Y=2030
Time=3488537 X=4058 Y=2030
Time=3489624 X=4194.32 Y=1694.68
Time=3490661 X=4337.04 Y=1323.99
Time=3491668 X=4371.69 Y=1593.16
Time=3492781 X=4372.07 Y=2019.21
Time=3493828 X=4334.78 Y=2418.5
Time=3494863 X=4305 Y=2679
Time=3495863 X=4305 Y=2679
Time=3496917 X=4305 Y=2679
Time=3497970 X=4305 Y=2679
Time=3498922 X=4305 Y=2679
Time=3499945 X=4305 Y=2679
Time=3501016 X=4305 Y=2679
Time=3502090 X=4305 Y=2679
Time=3503021 X=4305 Y=2679
Time=3504091 X=4305 Y=2679
Time=3505116 X=4305 Y=2679
Time=3506091 X=4305 Y=2679
Time=3507208 X=4305 Y=2679
Time=3508151 X=4324.3 Y=2489.3
Time=3509183 X=4384.48 Y=2098.61
Time=3510261 X=4393.02 Y=1734.56
Time=3511233 X=4464.63 Y=1369.2
Time=3512251 X=4539.63 Y=986.542
Time=3513267 X=4614.48 Y=604.64
Time=3514344 X=4646.84 Y=847.386
Time=3515340 X=4673.47 Y=1053.67
Time=3516354 X=4593.48 Y=1169.73
Time=3517475 X=4349.36 Y=1522.97
Time=3518492 X=4127.9 Y=1843.45
Time=3519494 X=4062.87 Y=1937.54
Time=3520506 X=4079.16 Y=1966.62
Time=3521513 X=4136.1 Y=2112.58
Time=3522590 X=4248.99 Y=2401.48
Time=3523551 X=4349.72 Y=2659.27
Time=3524606 X=4340.73 Y=2649.53
Time=3525650 X=4077.87 Y=2375.24
Time=3526706 X=3804.37 Y=2077.23
Time=3527720 X=3541.75 Y=1791.07
Time=3528809 X=3140.83 Y=1675.93
Time=3529888 X=3014.92 Y=1639.77
Time=3530838 X=3014.92 Y=1639.77
Time=3531887 X=3014.92 Y=1639.77
Time=3532882 X=3014.92 Y=1639.77
Time=3533955 X=3014.92 Y=1639.77
Time=3534940 X=3014.92 Y=1639.77
Time=3535980 X=3014.92 Y=1639.77
Time=3537018 X=3014.92 Y=1639.77
Time=3538073 X=3014.92 Y=1639.77
Time=3539052 X=3014.92 Y=1639.77
Time=3540077 X=3207.53 Y=1841.04
Time=3541118 X=3207.53 Y=1841.04
Time=3542146 X=3040.28 Y=1567.96
Time=3543198 X=2850.77 Y=1258.53
Time=3544207 X=2699 Y=1010.72
Time=3545194 X=2550.54 Y=768.318
Time=3546199 X=2445 Y=596
Time=3547201 X=2445 Y=596
Time=3548296 X=2445 Y=596
Time=3549346 X=2445 Y=596
Time=3550359 X=2369.35 Y=597.044
Time=3551407 X=2068.55 Y=621.902
Time=3552433 X=1774.07 Y=646.239
Time=3553403 X=1495.66 Y=669.247
Time=3554470 X=1189.41 Y=694.556
Time=3555437 X=1052.24 Y=739.325
Time=3556530 X=1428.53 Y=914.11
Time=3557496 X=1695.21 Y=1158.92
Time=3558570 X=1784.85 Y=1519.25
Time=3559593 X=1630.48 Y=1877.23
Time=3560612 X=1412.94 Y=2201.31
Time=3561640 X=1141.88 Y=2483.66
Time=3562583 X=900.572 Y=2704.35
Time=3563691 X=850 Y=2789
Time=3564699 X=850 Y=2789
Time=3565717 X=850 Y=2789
Time=3566729 X=850 Y=2789
Time=3567734 X=850 Y=2789
Time=3568759 X=850 Y=2789
Time=3569768 X=850 Y=2789
Time=3570830 X=897.321 Y=2754.3
Time=3571896 X=1243.82 Y=2552.84
Time=3572901 X=1285.14 Y=2521.75
Time=3573907 X=1285.14 Y=2521.75
Time=3574882 X=1285.14 Y=2521.75
Time=3575909 X=1355.41 Y=2394.09
Time=3576968 X=1521.7 Y=2092.02
Time=3577998 X=1703.99 Y=1741.34
Time=3578979 X=1833.51 Y=1385.6
Time=3579963 X=1634.82 Y=1066.47
Time=3581014 X=1305.1 Y=835.715
Time=3582044 X=919.228 Y=787.583
Time=3583032 X=537.699 Y=779.885
Time=3584040 X=149.621 Y=787.45
Time=3585104 X=-252.516 Y=862.874
Time=3586132 X=-590.399 Y=926.247
Time=3587145 X=-845 Y=974
Time=3588069 X=-523.866 Y=913.769
Time=3589207 X=-95.4376 Y=833.413
Time=3590158 X=263.491 Y=775.721
Time=3591169 X=650.7 Y=781.601
Time=3592200 X=1045.77 Y=790.5
Time=3593201 X=1400.08 Y=896.038
Time=3594268 X=1697.93 Y=1163.09
Time=3595290 X=1789.96 Y=1505.21
Time=3596279 X=1672.41 Y=1814.78
Time=3597307 X=1493.14 Y=2081.82
Time=3598367 X=1249.77 Y=2405.72
Time=3599384 X=985.024 Y=2691.48
Time=3600423 X=848.979 Y=2838.33
Time=3601418 X=973.204 Y=2807.75
Time=3602473 X=1365.54 Y=2710.91
Time=3603518 X=1377.84 Y=2707.87
Time=3604558 X=1355.42 Y=2578.41
Time=3605590 X=1467.04 Y=2453.51
Time=3606607 X=1678.6 Y=2250.95
Time=3607619 X=1889.12 Y=2049.39
Time=3608600 X=2134.18 Y=1925.71
Time=3609700 X=2439.43 Y=1840.98
Time=3610703 X=2725.8 Y=1854.07
Time=3611719 X=3017.02 Y=1882.47
Time=3612755 X=3050.23 Y=1885.71
Time=3613699 X=3203.91 Y=1880.69
Time=3614792 X=3118.61 Y=1832.44
Time=3615719 X=2930.57 Y=1624.97
Time=3616809 X=2991.89 Y=1545.04
Time=3617826 X=3179.9 Y=1300.91
Time=3618849 X=3102.51 Y=1343.8
Time=3619888 X=2754.43 Y=1536.74
Time=3620894 X=2417.41 Y=1723.56
Time=3621918 X=2074.35 Y=1913.71
Time=3622985 X=1753.09 Y=2163.45
Time=3624010 X=1458.8 Y=2423.34
Time=3625025 X=1167.39 Y=2680.69
Time=3626006 X=935.528 Y=2885.45
Time=3627059 X=715.156 Y=3103.42
Time=3628065 X=553.626 Y=3453.27
Time=3629068 X=396.642 Y=3803.69
Time=3630166 X=387.231 Y=4223.52
Time=3631131 X=385.932 Y=4593.14
Time=3632184 X=366.672 Y=4995.96
Time=3633181 X=307.741 Y=5372.28
Time=3634222 X=292 Y=5440
Time=3635234 X=292 Y=5440
Time=3636261 X=292 Y=5440
Time=3637249 X=292 Y=5440
Time=3638280 X=292 Y=5440
Time=3639312 X=292 Y=5440
Time=3640355 X=292 Y=5440
Time=3641309 X=292 Y=5440
Time=3642406 X=292 Y=5440
Time=3643374 X=292 Y=5440
Time=3644437 X=292 Y=5440
Time=3645438 X=292 Y=5440
Time=3646467 X=292 Y=5440
Time=3647420 X=292 Y=5440
Time=3648450 X=292 Y=5440
Time=3649529 X=477.854 Y=5606.6
Time=3650538 X=744.05 Y=5886.8
Time=3651570 X=1016.31 Y=6173.39
Time=3652571 X=1157.68 Y=6322.87
Time=3653577 X=1413.83 Y=6610.75
Time=3654592 X=1643.46 Y=6868.83
Time=3655677 X=1919.72 Y=7179.31
Time=3656656 X=2162.91 Y=7464.43
Time=3657698 X=2172.92 Y=7831.24
Time=3658710 X=2015.52 Y=8161.5
Time=3659719 X=1670.63 Y=8335.82
Time=3660757 X=1306.68 Y=8495.89
Time=3661760 X=955.006 Y=8650.57
Time=3662783 X=621.632 Y=8797.19
Time=3663786 X=286.832 Y=8944.45
Time=3664855 X=-87.986 Y=9109.3
Time=3665887 X=-375.951 Y=9235.95
Time=3666840 X=-391.224 Y=9220.38
Time=3667863 X=-780.455 Y=9265.6
Time=3668930 X=-1186.43 Y=9312.77
Time=3669944 X=-1572.24 Y=9357.6
Time=3670961 X=-1956.43 Y=9419.48
Time=3671977 X=-2267.25 Y=9520.82
Time=3672980 X=-2533.61 Y=9607.66
Time=3674064 X=-2149.43 Y=9475.76
Time=3675026 X=-1792.3 Y=9387.02
Time=3676075 X=-1391.72 Y=9368.44
Time=3677146 X=-981.495 Y=9366.21
Time=3678134 X=-603.057 Y=9364.16
Time=3679175 X=-204.318 Y=9361.99
Time=3680236 X=163 Y=9360
Time=3681224 X=444.969 Y=9165.04
Time=3682233 X=771.333 Y=8958.01
Time=3683273 X=1112.95 Y=8753.66
Time=3684279 X=1454.33 Y=8574.93
Time=3685277 X=1792.99 Y=8397.62
Time=3686281 X=2133.7 Y=8219.24
Time=3687341 X=2482.48 Y=8036.49
Time=3688356 X=2741.38 Y=7900.75
Time=3689330 X=2862.53 Y=7837.23
Time=3690406 X=2862.53 Y=7837.23
Time=3691413 X=2862.53 Y=7837.23
Time=3692381 X=2862.53 Y=7837.23
Time=3693375 X=2862.53 Y=7837.23
Time=3694448 X=2862.53 Y=7837.23
Time=3695481 X=2862.53 Y=7837.23
Time=3696503 X=2862.53 Y=7837.23
Time=3697597 X=2862.53 Y=7837.23
Time=3698628 X=2862.53 Y=7837.23
Time=3699642 X=3003.9 Y=7660.4
Time=3700669 X=3018.25 Y=7618.22
Time=3701658 X=2781.93 Y=7815.03
Time=3702763 X=2728.01 Y=7840.2
Time=3703718 X=2985.47 Y=7580.34
Time=3704867 X=3295.23 Y=7267.69
Time=3705816 X=3502 Y=7059
Time=3706896 X=3318.09 Y=7251.2
Time=3707883 X=3121.62 Y=7456.63
Time=3708990 X=2901.27 Y=7687.04
Time=3709955 X=2705.97 Y=7891.26
Time=3711024 X=2680.55 Y=7917.85
Time=3711992 X=2879.96 Y=7642.29
Time=3713022 X=3111.26 Y=7322.68
Time=3714094 X=3352 Y=6990.03
Time=3715139 X=3580.3 Y=6675.86
Time=3716185 X=3816.71 Y=6348.66
Time=3717200 X=4046.12 Y=6031.15
Time=3718229 X=4256.68 Y=5715.93
Time=3719249 X=4393.87 Y=5361.75
Time=3720260 X=4481.95 Y=4984.64
Time=3721312 X=4573.59 Y=4592.24
Time=3722360 X=4664.37 Y=4203.57
Time=3723356 X=4737.15 Y=3891.94
Time=3724408 X=4824.25 Y=3519.02
Time=3725427 X=4913 Y=3139
Time=3726452 X=4913 Y=3139
Time=3727489 X=4913 Y=3139
Time=3728471 X=4913 Y=3139
Time=3729524 X=4913 Y=3139
Time=3730485 X=4913 Y=3139
Time=3731535 X=4913 Y=3139
Time=3732567 X=4913 Y=3139
Time=3733571 X=4913 Y=3139
Time=3734555 X=4913 Y=3139
Time=3735607 X=4913 Y=3139
Time=3736621 X=4913 Y=3139
Time=3737679 X=4867.27 Y=3348.96
Time=3738700 X=4788.36 Y=3711.31
Time=3739724 X=4709.72 Y=4072.46
Time=3740750 X=4626.09 Y=4456.46
Time=3741762 X=4543.6 Y=4835.22
Time=3742797 X=4459.17 Y=5222.57
Time=3743833 X=4352.83 Y=5604.46
Time=3744860 X=4211.21 Y=5971.4
Time=3745880 X=4034.23 Y=6318.86
Time=3746882 X=3822.69 Y=6639.08
Time=3747894 X=3630.17 Y=6909.43
Time=3748952 X=3363.26 Y=7213.96
Time=3749966 X=3080.14 Y=7479.75
Time=3750989 X=2769.82 Y=7718.71
Time=3751960 X=2465.35 Y=7932.27
Time=3753024 X=2119.95 Y=8148.49
Time=3754021 X=2035.07 Y=8199.1
Time=3755054 X=2035.07 Y=8199.1
Time=3756133 X=2035.07 Y=8199.1
Time=3757133 X=2035.07 Y=8199.1
Time=3758101 X=2035.07 Y=8199.1
Time=3759131 X=2035.07 Y=8199.1
Time=3760147 X=2035.07 Y=8199.1
Time=3761165 X=2035.07 Y=8199.1
Time=3762176 X=2035.07 Y=8199.1
Time=3763201 X=2035.07 Y=8199.1
Time=3764243 X=2035.07 Y=8199.1
Time=3765255 X=2035.07 Y=8199.1
Time=3766245 X=2035.07 Y=8199.1
Time=3767265 X=2035.07 Y=8199.1
Time=3768240 X=1723.12 Y=8378.13
Time=3769330 X=1361 Y=8585.95
Time=3770342 X=1024.8 Y=8778.9
Time=3771318 X=687.814 Y=8903.74
Time=3772264 X=373.648 Y=8987.7
Time=3773283 X=-0.531021 Y=9098.71
Time=3774352 X=-146.297 Y=9143.35
Time=3775384 X=-146.297 Y=9143.35
Time=3776418 X=-402.177 Y=9199.65
Time=3777424 X=-531.613 Y=9228.13
Time=3778426 X=-531.613 Y=9228.13
Time=3779439 X=-531.613 Y=9228.13
Time=3780436 X=-531.613 Y=9228.13
Time=3781449 X=-531.613 Y=9228.13
Time=3782498 X=-531.613 Y=9228.13
Time=3783510 X=-531.613 Y=9228.13
Time=3784531 X=-531.613 Y=9228.13
Time=3785554 X=-531.613 Y=9228.13
Time=3786566 X=-531.613 Y=9228.13
Time=3787589 X=-531.613 Y=9228.13
Time=3788596 X=-531.613 Y=9228.13
Time=3789623 X=-531.613 Y=9228.13
Time=3790641 X=-531.613 Y=9228.13
Time=3791661 X=-531.613 Y=9228.13
Time=3792700 X=-531.613 Y=9228.13
Time=3793734 X=-531.613 Y=9228.13
Time=3794739 X=-531.613 Y=9228.13
Time=3795773 X=-531.613 Y=9228.13
Time=3796789 X=-531.613 Y=9228.13
Time=3797803 X=-531.613 Y=9228.13
Time=3798796 X=-531.613 Y=9228.13
Time=3799826 X=-531.613 Y=9228.13
Time=3800832 X=-531.613 Y=9228.13
Time=3801839 X=-531.613 Y=9228.13
Time=3802861 X=-531.613 Y=9228.13
Time=3803874 X=-531.613 Y=9228.13
Time=3804855 X=-531.613 Y=9228.13
Time=3805867 X=-531.613 Y=9228.13
Time=3806883 X=-531.613 Y=9228.13
Time=3807896 X=-531.613 Y=9228.13
Time=3808924 X=-531.613 Y=9228.13
Time=3809929 X=-531.613 Y=9228.13
Time=3810959 X=-531.613 Y=9228.13
Time=3811957 X=-531.613 Y=9228.13
Time=3812984 X=-531.613 Y=9228.13
Time=3814007 X=-531.613 Y=9228.13
