Time=6900 X=-25000 Y=-3996
Time=8340 X=-25000 Y=-3996
Time=9400 X=-24936.5 Y=-4136.18
Time=10395 X=-24779.1 Y=-4483.31
Time=11439 X=-24614 Y=-4847.53
Time=12425 X=-24458.1 Y=-5191.52
Time=13426 X=-24327.7 Y=-5532.27
Time=14546 X=-24147 Y=-5651.26
Time=15561 X=-24041.1 Y=-5717.47
Time=16584 X=-23650.5 Y=-5748.81
Time=17616 X=-23256.5 Y=-5780.43
Time=18632 X=-22867.3 Y=-5784.19
Time=19646 X=-22590 Y=-5784.03
Time=20689 X=-22989.2 Y=-5768.59
Time=21706 X=-23378.8 Y=-5753.53
Time=22711 X=-23763.4 Y=-5738.66
Time=23736 X=-24092.5 Y=-5725.94
Time=24773 X=-24174.3 Y=-5720.49
Time=25807 X=-24174.3 Y=-5720.49
Time=26829 X=-24174.3 Y=-5720.49
Time=27825 X=-23957.4 Y=-5727.04
Time=28881 X=-23553.1 Y=-5739.26
Time=29930 X=-23153.7 Y=-5751.32
Time=30921 X=-22774.2 Y=-5761.42
Time=31994 X=-22378.7 Y=-5752.02
Time=33016 X=-22006.2 Y=-5750.27
Time=33954 X=-21647.2 Y=-5746.98
Time=35104 X=-21490.5 Y=-5725.05
Time=36096 X=-21490.5 Y=-5725.05
Time=37013 X=-21490.5 Y=-5725.05
Time=38170 X=-21490.5 Y=-5725.05
Time=39196 X=-21490.5 Y=-5725.05
Time=40244 X=-21490.5 Y=-5725.05
Time=41289 X=-21490.5 Y=-5725.05
Time=42317 X=-21490.5 Y=-5725.05
Time=43304 X=-21490.5 Y=-5725.05
Time=44339 X=-21490.5 Y=-5725.05
Time=45386 X=-21490.5 Y=-5725.05
Time=46360 X=-21490.5 Y=-5725.05
Time=47487 X=-21490.5 Y=-5725.05
Time=48504 X=-21490.5 Y=-5725.05
Time=49521 X=-21490.5 Y=-5725.05
Time=50589 X=-21490.5 Y=-5725.05
Time=51610 X=-21490.5 Y=-5725.05
Time=52666 X=-21490.5 Y=-5725.05
Time=53718 X=-21490.5 Y=-5725.05
Time=54701 X=-21638.7 Y=-5750.49
Time=55728 X=-21807.7 Y=-5621.99
Time=56799 X=-21841.7 Y=-5419.48
Time=57879 X=-21848.8 Y=-5514.21
Time=58811 X=-21821.7 Y=-5825.3
Time=59894 X=-21481.3 Y=-6062.2
Time=60938 X=-21135.7 Y=-6263.34
Time=62043 X=-20767.2 Y=-6471.4
Time=63068 X=-20425.2 Y=-6664.39
Time=64086 X=-20078.7 Y=-6842.75
Time=65092 X=-19782.4 Y=-6974.35
Time=66059 X=-19752.8 Y=-6864.31
Time=67120 X=-19752.8 Y=-6864.31
Time=68175 X=-19752.8 Y=-6864.31
Time=69171 X=-19752.8 Y=-6864.31
Time=70160 X=-19752.8 Y=-6864.31
Time=71236 X=-19752.8 Y=-6864.31
Time=72226 X=-19752.8 Y=-6864.31
Time=73306 X=-19752.8 Y=-6864.31
Time=74348 X=-19752.8 Y=-6864.31
Time=75343 X=-19752.8 Y=-6864.31
Time=76408 X=-19752.8 Y=-6864.31
Time=77455 X=-19752.8 Y=-6864.31
Time=78513 X=-19752.8 Y=-6864.31
Time=79488 X=-19752.8 Y=-6864.31
Time=80570 X=-19752.8 Y=-6864.31
Time=81576 X=-19752.8 Y=-6864.31
Time=82633 X=-19752.8 Y=-6864.31
Time=83666 X=-19752.8 Y=-6864.31
Time=84715 X=-19752.8 Y=-6864.31
Time=85650 X=-19752.8 Y=-6864.31
Time=86735 X=-19752.8 Y=-6864.31
Time=87787 X=-19752.8 Y=-6864.31
Time=88793 X=-19752.8 Y=-6864.31
Time=89786 X=-19752.8 Y=-6864.31
Time=90801 X=-19752.8 Y=-6864.31
Time=91858 X=-19780.2 Y=-6820.69
Time=92953 X=-20041.9 Y=-6691.62
Time=94002 X=-20297.3 Y=-6596.98
Time=95025 X=-20559.5 Y=-6462.46
Time=96103 X=-20835.7 Y=-6320.7
Time=97153 X=-20748.2 Y=-6459.18
Time=98217 X=-20515.6 Y=-6721.45
Time=99173 X=-20379.9 Y=-6874.49
Time=100238 X=-20379.9 Y=-6874.49
Time=101186 X=-20379.9 Y=-6874.49
Time=102283 X=-20379.9 Y=-6874.49
Time=103292 X=-20511.9 Y=-6756.91
Time=104263 X=-20814.8 Y=-6541.17
Time=105466 X=-21190.2 Y=-6273.88
Time=106458 X=-21499.7 Y=-6053.47
Time=107566 X=-21845.4 Y=-5807.28
Time=108467 X=-21637.3 Y=-5727.4
Time=109545 X=-21237.7 Y=-5619.29
Time=110628 X=-20837.3 Y=-5510.96
Time=111701 X=-20446 Y=-5387.99
Time=112749 X=-20080.9 Y=-5221.2
Time=113750 X=-19732.1 Y=-5061.9
Time=114778 X=-19427 Y=-4922.54
Time=115802 X=-19070.3 Y=-4759.57
Time=116797 X=-18723.6 Y=-4601.22
Time=117851 X=-18406.9 Y=-4456.59
Time=118874 X=-18073.4 Y=-4372.54
Time=119864 X=-17705.7 Y=-4279.63
Time=120961 X=-17298.4 Y=-4176.68
Time=121961 X=-16927 Y=-4082.83
Time=122865 X=-16585.2 Y=-4040.94
Time=124027 X=-16140.4 Y=-4026.58
Time=125028 X=-15757.1 Y=-4014.21
Time=126058 X=-15434.7 Y=-3976.03
Time=127069 X=-15404 Y=-3986.91
Time=128156 X=-15404 Y=-3986.91
Time=129220 X=-15404 Y=-3986.91
Time=130223 X=-15404 Y=-3986.91
Time=131254 X=-15404 Y=-3986.91
Time=132234 X=-15404 Y=-3986.91
Time=133294 X=-15404 Y=-3986.91
Time=134254 X=-15404 Y=-3986.91
Time=135313 X=-15404 Y=-3986.91
Time=136309 X=-15404 Y=-3986.91
Time=137378 X=-15404 Y=-3986.91
Time=138389 X=-15301.8 Y=-3896.79
Time=139425 X=-15077.2 Y=-3615.35
Time=140505 X=-15077.2 Y=-3615.35
Time=141511 X=-15350.5 Y=-3735.35
Time=142544 X=-15706.1 Y=-3909.01
Time=143604 X=-15810.4 Y=-3959.94
Time=144615 X=-15810.4 Y=-3959.94
Time=145599 X=-15810.4 Y=-3959.94
Time=146688 X=-16152.1 Y=-4008.11
Time=147706 X=-16224.5 Y=-4018.32
Time=148706 X=-16224.5 Y=-4018.32
Time=149735 X=-16224.5 Y=-4018.32
Time=150777 X=-15975.4 Y=-4010.01
Time=151851 X=-15582.4 Y=-4003.46
Time=152893 X=-15188 Y=-4024.38
Time=153901 X=-14828.7 Y=-4165.83
Time=155186 X=-14370.7 Y=-4346.14
Time=156223 X=-14001.1 Y=-4491.66
Time=157262 X=-13630.8 Y=-4637.46
Time=158249 X=-13279.1 Y=-4775.96
Time=159298 X=-12936.8 Y=-4910.73
Time=160389 X=-12556.9 Y=-5036.03
Time=161387 X=-12194.1 Y=-5156.53
Time=162430 X=-11818.1 Y=-5290.75
Time=163476 X=-11648.6 Y=-5320.01
Time=164486 X=-11648.6 Y=-5320.01
Time=165563 X=-11648.6 Y=-5320.01
Time=166568 X=-11648.6 Y=-5320.01
Time=167609 X=-11648.6 Y=-5320.01
Time=168739 X=-11648.6 Y=-5320.01
Time=169689 X=-11648.6 Y=-5320.01
Time=170753 X=-11648.6 Y=-5320.01
Time=171747 X=-11648.6 Y=-5320.01
Time=172758 X=-11648.6 Y=-5320.01
Time=173751 X=-11648.6 Y=-5320.01
Time=174763 X=-11648.6 Y=-5320.01
Time=175828 X=-11843.9 Y=-5355.91
Time=176915 X=-11965.9 Y=-5340.8
Time=177938 X=-11965.9 Y=-5340.8
Time=179041 X=-11965.9 Y=-5340.8
Time=180021 X=-11965.9 Y=-5340.8
Time=181029 X=-11965.9 Y=-5340.8
Time=182050 X=-11965.9 Y=-5340.8
Time=183144 X=-11965.9 Y=-5340.8
Time=184157 X=-11965.9 Y=-5340.8
Time=185177 X=-11965.9 Y=-5340.8
Time=186316 X=-11965.9 Y=-5340.8
Time=187336 X=-11965.9 Y=-5340.8
Time=188363 X=-11965.9 Y=-5340.8
Time=189346 X=-11965.9 Y=-5340.8
Time=190312 X=-11965.9 Y=-5340.8
Time=191327 X=-11914.7 Y=-5652.6
Time=192448 X=-11869.7 Y=-6079.51
Time=193539 X=-11839.1 Y=-6496.29
Time=194530 X=-11811.3 Y=-6874.86
Time=195568 X=-11808.7 Y=-6910.39
Time=196584 X=-11808.7 Y=-6910.39
Time=197661 X=-11808.7 Y=-6910.39
Time=198592 X=-11808.7 Y=-6910.39
Time=199716 X=-11808.7 Y=-6910.39
Time=200683 X=-11808.7 Y=-6910.39
Time=201720 X=-11808.7 Y=-6910.39
Time=202732 X=-11808.7 Y=-6910.39
Time=203807 X=-11808.7 Y=-6910.39
Time=204803 X=-11808.7 Y=-6910.39
Time=205835 X=-11808.7 Y=-6910.39
Time=206846 X=-11808.7 Y=-6910.39
Time=207905 X=-11808.7 Y=-6910.39
Time=208880 X=-11808.7 Y=-6910.39
Time=209903 X=-11808.7 Y=-6910.39
Time=210959 X=-11808.7 Y=-6910.39
Time=211922 X=-11808.7 Y=-6910.39
Time=213007 X=-11556.1 Y=-6642.16
Time=213978 X=-11307.1 Y=-6365.84
Time=215118 X=-11277.4 Y=-6142.39
Time=216082 X=-11644.7 Y=-6104.31
Time=217167 X=-11661.8 Y=-6102.53
Time=218253 X=-11661.8 Y=-6102.53
Time=219311 X=-11661.8 Y=-6102.53
Time=220305 X=-11661.8 Y=-6102.53
Time=221351 X=-11661.8 Y=-6102.53
Time=222301 X=-11661.8 Y=-6102.53
Time=223406 X=-11661.8 Y=-6102.53
Time=224422 X=-11661.8 Y=-6102.53
Time=225432 X=-11726.6 Y=-6036.7
Time=226428 X=-11928.1 Y=-5968.07
Time=227496 X=-11848.4 Y=-5974.52
Time=228442 X=-11492.6 Y=-5905.77
Time=229591 X=-11060.5 Y=-5822.26
Time=230553 X=-10766.1 Y=-5765.36
Time=231554 X=-10766.1 Y=-5765.36
Time=232572 X=-10991.3 Y=-5919.12
Time=233647 X=-11331.3 Y=-6151.42
Time=234611 X=-11583.5 Y=-6323.7
Time=235776 X=-11758.4 Y=-6443.21
Time=236802 X=-11825.4 Y=-6313.56
Time=237832 X=-11993.2 Y=-5987.38
Time=238998 X=-11993.2 Y=-5987.38
Time=240005 X=-12159.7 Y=-5665.95
Time=241027 X=-12277.8 Y=-5437.84
Time=242034 X=-12287.4 Y=-5346.8
Time=243079 X=-12305.8 Y=-5170.91
Time=244008 X=-12240.4 Y=-5187.16
Time=245174 X=-12069.3 Y=-5232.24
Time=246144 X=-12053.1 Y=-5373.42
Time=247075 X=-12012.3 Y=-5727.69
Time=248195 X=-11963.3 Y=-6153.89
Time=249152 X=-11929.4 Y=-6448.47
Time=250204 X=-11894.7 Y=-6749.46
Time=251204 X=-11861.8 Y=-7035.57
Time=252278 X=-11859.9 Y=-7052.68
Time=253278 X=-11499.4 Y=-6990.65
Time=254376 X=-11084.9 Y=-6919.33
Time=255338 X=-10721.7 Y=-6856.84
Time=256319 X=-10351.4 Y=-6793.12
Time=257439 X=-9928.61 Y=-6720.37
Time=258442 X=-9549.98 Y=-6655.22
Time=259573 X=-9123.04 Y=-6581.76
Time=260584 X=-8761.91 Y=-6519.62
Time=261599 X=-8378.75 Y=-6453.69
Time=262625 X=-7991.45 Y=-6387.05
Time=263674 X=-7595.46 Y=-6318.91
Time=264721 X=-7394.42 Y=-6464.51
Time=265676 X=-7175.89 Y=-6750.02
Time=266752 X=-6865.57 Y=-7021.26
Time=267806 X=-6552.77 Y=-7276.14
Time=268822 X=-6325.01 Y=-7444.21
Time=269828 X=-6283.48 Y=-7487.19
Time=270837 X=-6283.48 Y=-7487.19
Time=271861 X=-6283.48 Y=-7487.19
Time=272859 X=-6283.48 Y=-7487.19
Time=273884 X=-6283.48 Y=-7487.19
Time=274918 X=-6283.48 Y=-7487.19
Time=275989 X=-6283.48 Y=-7487.19
Time=277021 X=-6283.48 Y=-7487.19
Time=277971 X=-6283.48 Y=-7487.19
Time=279048 X=-6283.48 Y=-7487.19
Time=280041 X=-6283.48 Y=-7487.19
Time=281068 X=-6283.48 Y=-7487.19
Time=282113 X=-6283.48 Y=-7487.19
Time=283115 X=-6283.48 Y=-7487.19
Time=284120 X=-6283.48 Y=-7487.19
Time=285144 X=-6274.46 Y=-7501.59
Time=286227 X=-6251.7 Y=-7806.67
Time=287217 X=-6024.91 Y=-8110.07
Time=288220 X=-5915 Y=-8280
Time=289290 X=-5915 Y=-8280
Time=290332 X=-5915 Y=-8280
Time=291368 X=-5915 Y=-8280
Time=292328 X=-5915 Y=-8280
Time=293407 X=-5915 Y=-8280
Time=294421 X=-5915 Y=-8280
Time=295430 X=-5915 Y=-8280
Time=296418 X=-5915 Y=-8280
Time=297571 X=-5915 Y=-8280
Time=298721 X=-6119.51 Y=-8635.62
Time=299843 X=-6254.91 Y=-8850.17
Time=300808 X=-6258.1 Y=-8509.23
Time=301694 X=-6268.06 Y=-8170.38
Time=302872 X=-6276.26 Y=-8023.13
Time=303849 X=-6276.26 Y=-8023.13
Time=304875 X=-6276.26 Y=-8023.13
Time=305855 X=-6391.94 Y=-8063.03
Time=306896 X=-6668.59 Y=-8178.56
Time=307939 X=-6945.78 Y=-8294.31
Time=308959 X=-7245.53 Y=-8419.48
Time=310020 X=-7620.55 Y=-8576.09
Time=311099 X=-8001.94 Y=-8735.35
Time=312083 X=-8349.74 Y=-8880.59
Time=313102 X=-8709.91 Y=-9030.99
Time=314163 X=-9084.93 Y=-9187.6
Time=315206 X=-9453.59 Y=-9341.55
Time=316210 X=-9808.46 Y=-9489.74
Time=317222 X=-10117.7 Y=-9618.86
Time=318284 X=-10476.8 Y=-9768.84
Time=319344 X=-10832.8 Y=-9881.64
Time=320393 X=-11198.6 Y=-10047.7
Time=321420 X=-11556.9 Y=-10210.2
Time=322451 X=-11822.6 Y=-10330.8
Time=323458 X=-12166.2 Y=-10252.1
Time=324502 X=-12559.7 Y=-10181
Time=325541 X=-12940 Y=-10112.2
Time=326590 X=-13257.4 Y=-10054.8
Time=327622 X=-13632 Y=-10102.3
Time=328632 X=-13963.5 Y=-10300.6
Time=329680 X=-14306.8 Y=-10501.5
Time=330728 X=-14640.4 Y=-10669.4
Time=331818 X=-14968.4 Y=-10846.3
Time=332810 X=-14986 Y=-10850
Time=333834 X=-14986 Y=-10850
Time=334861 X=-14986 Y=-10850
Time=335864 X=-14986 Y=-10850
Time=336927 X=-14986 Y=-10850
Time=337922 X=-14986 Y=-10850
Time=338932 X=-14986 Y=-10850
Time=339928 X=-14986 Y=-10850
Time=340964 X=-14986 Y=-10850
Time=342015 X=-14986 Y=-10850
Time=343019 X=-14986 Y=-10850
Time=344024 X=-14986 Y=-10850
Time=344962 X=-14986 Y=-10850
Time=346170 X=-14986 Y=-10850
Time=347372 X=-14986 Y=-10850
Time=348657 X=-14986 Y=-10850
Time=349596 X=-14986 Y=-10850
Time=350549 X=-14986 Y=-10850
Time=351533 X=-14986 Y=-10850
Time=352578 X=-14986 Y=-10850
Time=353492 X=-14986 Y=-10850
Time=354638 X=-14986 Y=-10850
Time=355717 X=-14986 Y=-10850
Time=356680 X=-14986 Y=-10850
Time=357992 X=-14986 Y=-10850
Time=359123 X=-14986 Y=-10850
Time=360125 X=-14986 Y=-10850
Time=361300 X=-14951.7 Y=-10822.9
Time=362219 X=-14855.3 Y=-10746.7
Time=363158 X=-14573.2 Y=-10523.6
Time=364223 X=-14253.2 Y=-10270.6
Time=365211 X=-13956.3 Y=-10035.9
Time=366264 X=-13845.7 Y=-9948.42
Time=367315 X=-14026.6 Y=-10274.3
Time=368339 X=-14209.8 Y=-10604.4
Time=369678 X=-14333.3 Y=-10827
Time=370635 X=-14393.8 Y=-10818.3
Time=371608 X=-14671.1 Y=-10778.4
Time=372644 X=-14990.9 Y=-10732.4
Time=373688 X=-14990.9 Y=-10732.4
Time=374704 X=-15034 Y=-10725.4
Time=375719 X=-15417.8 Y=-10663.2
Time=376698 X=-15788 Y=-10603.2
Time=377775 X=-16058.2 Y=-10589.8
Time=378777 X=-16416.8 Y=-10721.1
Time=379857 X=-16756.7 Y=-10925.3
Time=380900 X=-17080.4 Y=-11147.6
Time=381932 X=-17432.3 Y=-11320.5
Time=382904 X=-17647.8 Y=-11465.6
Time=383962 X=-17722.9 Y=-11325.2
Time=384965 X=-17722.9 Y=-11325.2
Time=385983 X=-17722.9 Y=-11325.2
Time=386994 X=-17722.9 Y=-11325.2
Time=388010 X=-17722.9 Y=-11325.2
Time=389019 X=-17722.9 Y=-11325.2
Time=390029 X=-17722.9 Y=-11325.2
Time=391081 X=-17722.9 Y=-11325.2
Time=392266 X=-17722.9 Y=-11325.2
Time=393262 X=-17722.9 Y=-11325.2
Time=394305 X=-17722.9 Y=-11325.2
Time=395319 X=-17722.9 Y=-11325.2
Time=396369 X=-17722.9 Y=-11325.2
Time=397373 X=-17722.9 Y=-11325.2
Time=398367 X=-17664.6 Y=-11297.6
Time=399474 X=-17758.2 Y=-11304.8
Time=400454 X=-17875 Y=-11303.6
Time=401473 X=-17555.8 Y=-11239.9
Time=402473 X=-17180.2 Y=-11165
Time=403544 X=-17315 Y=-11247
Time=404602 X=-17528.9 Y=-11353
Time=405603 X=-17593.1 Y=-11349.3
Time=406661 X=-17997.7 Y=-11325.9
Time=407698 X=-18157.5 Y=-11386.9
Time=408695 X=-18495.6 Y=-11564.1
Time=409722 X=-18777.4 Y=-11750.3
Time=410688 X=-18986.4 Y=-11849.8
Time=411758 X=-19083 Y=-12010
Time=412728 X=-19083 Y=-12010
Time=413836 X=-19083 Y=-12010
Time=414840 X=-19083 Y=-12010
Time=415851 X=-19083 Y=-12010
Time=416887 X=-19306.3 Y=-11851.4
Time=417864 X=-19611.3 Y=-11634.6
Time=419028 X=-19957 Y=-11389
Time=420082 X=-20180.8 Y=-11281
Time=421068 X=-20281 Y=-11132
Time=422090 X=-20281 Y=-11132
Time=423143 X=-20281 Y=-11132
Time=424138 X=-20281 Y=-11132
Time=425125 X=-20281 Y=-11132
Time=426183 X=-20281 Y=-11132
Time=427261 X=-20281 Y=-11132
Time=428241 X=-20266.5 Y=-11507.1
Time=429320 X=-20249.2 Y=-11878.9
Time=430403 X=-20170 Y=-12162
Time=431383 X=-20329.3 Y=-12078.8
Time=432403 X=-20342.7 Y=-12071.4
Time=433428 X=-20342.7 Y=-12071.4
Time=434506 X=-20342.7 Y=-12071.4
Time=435527 X=-20342.7 Y=-12071.4
Time=436562 X=-20342.7 Y=-12071.4
Time=437667 X=-20342.7 Y=-12071.4
Time=438604 X=-20342.7 Y=-12071.4
Time=439677 X=-20342.7 Y=-12071.4
Time=440643 X=-20342.7 Y=-12071.4
Time=441691 X=-20241.3 Y=-12053.9
Time=442808 X=-19884.3 Y=-11866.2
Time=443930 X=-19734.9 Y=-11776.4
Time=444983 X=-19734.9 Y=-11776.4
Time=445909 X=-19734.9 Y=-11776.4
Time=446814 X=-19734.9 Y=-11776.4
Time=448092 X=-19734.9 Y=-11776.4
Time=448977 X=-19734.9 Y=-11776.4
Time=450159 X=-19734.9 Y=-11776.4
Time=451232 X=-19734.9 Y=-11776.4
Time=452251 X=-19734.9 Y=-11776.4
Time=453363 X=-19734.9 Y=-11776.4
Time=454391 X=-19687.4 Y=-11747.7
Time=455464 X=-19419.2 Y=-11583.4
Time=456440 X=-19100.4 Y=-11388.1
Time=457394 X=-18910 Y=-11271.5
Time=458396 X=-19186.6 Y=-11461.5
Time=459481 X=-19522.6 Y=-11706
Time=460491 X=-19835.4 Y=-11933.6
Time=461466 X=-20137.4 Y=-12153.3
Time=462516 X=-20155.6 Y=-12166.5
Time=463479 X=-20380.7 Y=-12231.4
Time=464646 X=-20797.7 Y=-12327.5
Time=465708 X=-21197.1 Y=-12404.7
Time=466685 X=-21564.5 Y=-12475.8
Time=467836 X=-21613.4 Y=-12485.2
Time=468809 X=-21613.4 Y=-12485.2
Time=469774 X=-21613.4 Y=-12485.2
Time=470821 X=-21613.4 Y=-12485.2
Time=471792 X=-21810.1 Y=-12503.2
Time=472892 X=-22189.6 Y=-12371.1
Time=473770 X=-22451.6 Y=-12160.4
Time=474963 X=-22807.4 Y=-11873.6
Time=476097 X=-23022 Y=-11699
Time=477280 X=-23022 Y=-11699
Time=478276 X=-23022 Y=-11699
Time=479279 X=-23022 Y=-11699
Time=480363 X=-23022 Y=-11699
Time=481335 X=-23022 Y=-11699
Time=482360 X=-23022 Y=-11699
Time=483431 X=-23022 Y=-11699
Time=484509 X=-23070.6 Y=-11852.8
Time=485500 X=-23104.1 Y=-11958.7
Time=486561 X=-23104.1 Y=-11958.7
Time=487504 X=-23104.1 Y=-11958.7
Time=488586 X=-23104.1 Y=-11958.7
Time=489635 X=-22868.1 Y=-12066.2
Time=490639 X=-22836 Y=-12080.8
Time=491643 X=-22836 Y=-12080.8
Time=492702 X=-22616.3 Y=-11984.8
Time=493713 X=-22534 Y=-11953
Time=494674 X=-22534 Y=-11953
Time=495764 X=-22534 Y=-11953
Time=496769 X=-22534 Y=-11953
Time=497802 X=-22534 Y=-11953
Time=498803 X=-22534 Y=-11953
Time=499827 X=-22534 Y=-11953
Time=500877 X=-22534 Y=-11953
Time=501882 X=-22461.8 Y=-11919.1
Time=502902 X=-22107.3 Y=-11761.2
Time=503877 X=-21775.5 Y=-11585.6
Time=504943 X=-21429.5 Y=-11362.9
Time=505952 X=-21102.1 Y=-11152.2
Time=506996 X=-20763.3 Y=-10934.2
Time=507963 X=-20450.7 Y=-10733
Time=508998 X=-20079.7 Y=-10638
Time=510072 X=-20004.5 Y=-10635.2
Time=511057 X=-20288 Y=-10645.9
Time=512109 X=-20547.6 Y=-10795.4
Time=513139 X=-20875 Y=-11006.1
Time=514169 X=-21206.8 Y=-11219.6
Time=515190 X=-21535.7 Y=-11431.2
Time=516239 X=-21873.5 Y=-11648.7
Time=517260 X=-22243.3 Y=-11771.5
Time=518294 X=-22623.5 Y=-11882.4
Time=519291 X=-22963.9 Y=-11981.8
Time=520324 X=-22963.9 Y=-11981.8
Time=521342 X=-23062.6 Y=-12094.1
Time=522358 X=-22944 Y=-12088.8
Time=523321 X=-22575.5 Y=-12072.4
Time=524365 X=-22176 Y=-12054.6
Time=525434 X=-21766.9 Y=-12036.3
Time=526462 X=-21373.6 Y=-12018.8
Time=527410 X=-21010.8 Y=-12002.6
Time=528459 X=-20772.3 Y=-11997.3
Time=529476 X=-21116.1 Y=-12180.4
Time=530485 X=-21408.2 Y=-12336
Time=531523 X=-21762.8 Y=-12512.7
Time=532546 X=-22028.1 Y=-12495.5
Time=533549 X=-22318.2 Y=-12244.5
Time=534590 X=-22616.3 Y=-11979.7
Time=535607 X=-22710.2 Y=-11825.3
Time=536586 X=-22342 Y=-11764.5
Time=537640 X=-21946.7 Y=-11682.4
Time=538726 X=-21722.9 Y=-11388
Time=539796 X=-21558.9 Y=-11037.3
Time=540789 X=-21397.8 Y=-10692.7
Time=541829 X=-21229.1 Y=-10331.9
Time=542866 X=-21060.8 Y=-9972.07
Time=543839 X=-20902.9 Y=-9634.46
Time=544869 X=-20735.8 Y=-9277.08
Time=545915 X=-20687.6 Y=-9157.31
Time=546911 X=-20609.3 Y=-8783.92
Time=547925 X=-20397.1 Y=-8554.39
Time=548934 X=-20088.4 Y=-8322.46
Time=549958 X=-19760.5 Y=-8107.14
Time=550985 X=-19431.7 Y=-7891.18
Time=552030 X=-19117 Y=-7684.49
Time=553017 X=-18886.5 Y=-7504.53
Time=553998 X=-18661.2 Y=-7203.76
Time=555048 X=-18420.1 Y=-6881.85
Time=556107 X=-18199.5 Y=-6587.22
Time=557132 X=-18022.5 Y=-6350.94
Time=558122 X=-17851.6 Y=-6122.72
Time=559132 X=-17677.2 Y=-5889.9
Time=560135 X=-17500.5 Y=-5653.9
Time=561139 X=-17270 Y=-5346.09
Time=562176 X=-17031.8 Y=-5028.15
Time=563228 X=-16790.3 Y=-4705.62
Time=564255 X=-16554.5 Y=-4390.76
Time=565268 X=-16336.6 Y=-4099.81
Time=566307 X=-16262.5 Y=-4000.89
Time=567312 X=-16244.2 Y=-4145.45
Time=568319 X=-16249.7 Y=-4531.13
Time=569260 X=-16254.9 Y=-4891.53
Time=570359 X=-16158.5 Y=-5294.16
Time=571331 X=-15969 Y=-5614.7
Time=572375 X=-15765.6 Y=-5958.98
Time=573444 X=-15557.3 Y=-6311.5
Time=574431 X=-15365 Y=-6636.98
Time=575462 X=-15183.1 Y=-6944.82
Time=576463 X=-15002.7 Y=-7250.13
Time=577497 X=-14801.2 Y=-7591.11
Time=578513 X=-14603.2 Y=-7926.16
Time=579521 X=-14406.8 Y=-8258.57
Time=580566 X=-14203.2 Y=-8603.18
Time=581629 X=-13996 Y=-8953.72
Time=582642 X=-13798.4 Y=-9171.33
Time=583679 X=-13430.6 Y=-9321.46
Time=584686 X=-13106.5 Y=-9453.79
Time=585738 X=-12733.5 Y=-9606.09
Time=586776 X=-12365.4 Y=-9756.38
Time=587803 X=-12001.2 Y=-9905.07
Time=588794 X=-11649.7 Y=-10048.5
Time=589840 X=-11329.6 Y=-10179.3
Time=590861 X=-10967.5 Y=-10327.1
Time=591882 X=-10605.4 Y=-10474.9
Time=592915 X=-10239.1 Y=-10624.5
Time=593929 X=-9879.5 Y=-10771.3
Time=594947 X=-9518.49 Y=-10918.6
Time=595968 X=-9156.42 Y=-11066.5
Time=597025 X=-8781.58 Y=-11219.5
Time=598044 X=-8446.69 Y=-11354.8
Time=599035 X=-8177.18 Y=-11448.8
Time=600049 X=-8039.51 Y=-11479.5
Time=601083 X=-8275.07 Y=-11321.2
Time=602067 X=-8343.79 Y=-10950.6
Time=603119 X=-8247.28 Y=-10578.5
Time=604144 X=-7944.69 Y=-10328.3
Time=605151 X=-7647.41 Y=-10082.5
Time=606155 X=-7351.01 Y=-9837.48
Time=607208 X=-6967.73 Y=-9741.71
Time=608205 X=-6590.25 Y=-9683.87
Time=609228 X=-6202.92 Y=-9624.53
Time=610243 X=-5818.62 Y=-9565.65
Time=611271 X=-5606.97 Y=-9551.72
Time=612196 X=-5333.92 Y=-9777.51
Time=613310 X=-5005.07 Y=-10049.4
Time=614293 X=-4704.77 Y=-9998.87
Time=615300 X=-4391.12 Y=-9774.36
Time=616334 X=-4069.06 Y=-9543.83
Time=617327 X=-3870.82 Y=-9307.08
Time=618390 X=-3870.82 Y=-9307.08
Time=619376 X=-3870.82 Y=-9307.08
Time=620395 X=-3870.82 Y=-9307.08
Time=621412 X=-3870.82 Y=-9307.08
Time=622435 X=-3870.82 Y=-9307.08
Time=623476 X=-3870.82 Y=-9307.08
Time=624488 X=-3870.82 Y=-9307.08
Time=625464 X=-3870.82 Y=-9307.08
Time=626489 X=-3870.82 Y=-9307.08
Time=627518 X=-3870.82 Y=-9307.08
Time=628550 X=-3870.82 Y=-9307.08
Time=629610 X=-3870.82 Y=-9307.08
Time=630603 X=-3870.82 Y=-9307.08
Time=631633 X=-3870.82 Y=-9307.08
Time=632711 X=-3870.82 Y=-9307.08
Time=633671 X=-3870.82 Y=-9307.08
Time=634740 X=-3870.82 Y=-9307.08
Time=635735 X=-3876.43 Y=-9378.1
Time=636735 X=-3906.63 Y=-9759.95
Time=637778 X=-3938.12 Y=-10158.2
Time=638785 X=-3968.52 Y=-10542.7
Time=639803 X=-3995.52 Y=-10884.2
Time=640814 X=-3899.71 Y=-10514.2
Time=641835 X=-3841.34 Y=-10127.5
Time=642892 X=-3780.92 Y=-9727.15
Time=643894 X=-3774.93 Y=-9687.51
Time=644886 X=-3589.82 Y=-9432.73
Time=645884 X=-3654.08 Y=-9254.03
Time=646937 X=-3789.41 Y=-9164.13
Time=648001 X=-3756.15 Y=-9135.25
Time=649007 X=-3465.18 Y=-8882.62
Time=650055 X=-3162.06 Y=-8619.44
Time=651109 X=-2857.21 Y=-8354.76
Time=652086 X=-2574.63 Y=-8109.41
Time=653123 X=-2274.69 Y=-7848.99
Time=654143 X=-2220.08 Y=-7540.94
Time=655155 X=-2180.53 Y=-7155.33
Time=656163 X=-2142.36 Y=-6783.25
Time=657233 X=-2093.78 Y=-6376.38
Time=658365 X=-2030.21 Y=-5947.46
Time=659451 X=-1975.63 Y=-5535.11
Time=660420 X=-1942.32 Y=-5164.29
Time=661406 X=-1905.24 Y=-4788.25
Time=662393 X=-1753.64 Y=-4573.72
Time=663461 X=-1753.64 Y=-4573.72
Time=664477 X=-1753.64 Y=-4573.72
Time=665447 X=-1753.64 Y=-4573.72
Time=666477 X=-1753.64 Y=-4573.72
Time=667521 X=-1753.64 Y=-4573.72
Time=668567 X=-1753.64 Y=-4573.72
Time=669583 X=-1753.64 Y=-4573.72
Time=670604 X=-1753.64 Y=-4573.72
Time=671614 X=-1753.64 Y=-4573.72
Time=672626 X=-1753.64 Y=-4573.72
Time=673651 X=-1753.64 Y=-4573.72
Time=674665 X=-1753.64 Y=-4573.72
Time=675656 X=-1747.21 Y=-4592.38
Time=676664 X=-1766.73 Y=-4656.75
Time=677729 X=-1863.23 Y=-5053.27
Time=678668 X=-1923.23 Y=-5261.46
Time=679783 X=-1923.23 Y=-5261.46
Time=680751 X=-1923.23 Y=-5261.46
Time=681757 X=-1923.23 Y=-5261.46
Time=682793 X=-1923.23 Y=-5261.46
Time=683787 X=-1923.23 Y=-5261.46
Time=684811 X=-1923.23 Y=-5261.46
Time=685780 X=-1923.23 Y=-5261.46
Time=686899 X=-1923.23 Y=-5261.46
Time=687889 X=-1923.23 Y=-5261.46
Time=688915 X=-1923.23 Y=-5261.46
Time=689944 X=-1923.23 Y=-5261.46
Time=690940 X=-1923.23 Y=-5261.46
Time=691950 X=-1923.23 Y=-5261.46
Time=692955 X=-1923.23 Y=-5261.46
Time=693993 X=-1923.23 Y=-5261.46
Time=695000 X=-1923.23 Y=-5261.46
Time=696007 X=-1923.23 Y=-5261.46
Time=697021 X=-1923.23 Y=-5261.46
Time=698048 X=-1923.23 Y=-5261.46
Time=699064 X=-1923.23 Y=-5261.46
Time=700068 X=-1923.23 Y=-5261.46
Time=701085 X=-1923.23 Y=-5261.46
Time=702113 X=-1923.23 Y=-5261.46
Time=703132 X=-1923.23 Y=-5261.46
Time=704166 X=-1923.23 Y=-5261.46
Time=705195 X=-1923.23 Y=-5261.46
Time=706203 X=-1923.23 Y=-5261.46
Time=707239 X=-1923.23 Y=-5261.46
Time=708259 X=-1923.23 Y=-5261.46
Time=709245 X=-1923.23 Y=-5261.46
Time=710249 X=-1923.23 Y=-5261.46
Time=711311 X=-1923.23 Y=-5261.46
Time=712332 X=-1923.23 Y=-5261.46
Time=713334 X=-2060.18 Y=-5297.34
Time=714376 X=-2060.18 Y=-5297.34
Time=715421 X=-2046.75 Y=-5600.03
Time=716424 X=-2043.56 Y=-5671.97
Time=717463 X=-2074.56 Y=-5576.76
Time=718462 X=-2115.27 Y=-5352.88
Time=719463 X=-2127.53 Y=-5054.84
Time=720505 X=-2138.94 Y=-4652.87
Time=721516 X=-2153.24 Y=-4263
Time=722532 X=-2193.38 Y=-3873.05
Time=723564 X=-2258.8 Y=-3480.24
Time=724562 X=-2387.62 Y=-3119.46
Time=725584 X=-2565.82 Y=-2778.06
Time=726625 X=-2562.52 Y=-2696.8
Time=727650 X=-2562.52 Y=-2696.8
Time=728641 X=-2562.52 Y=-2696.8
Time=729656 X=-2562.52 Y=-2696.8
Time=730664 X=-2562.52 Y=-2696.8
Time=731672 X=-2562.52 Y=-2696.8
Time=732728 X=-2562.52 Y=-2696.8
Time=733742 X=-2562.52 Y=-2696.8
Time=734753 X=-2562.52 Y=-2696.8
Time=735789 X=-2562.52 Y=-2696.8
Time=736790 X=-2562.52 Y=-2696.8
Time=737867 X=-2518.06 Y=-2958.24
Time=738869 X=-2689.99 Y=-2748.77
Time=739890 X=-2947.83 Y=-2454.72
Time=740916 X=-3202.36 Y=-2164.45
Time=741905 X=-3390.15 Y=-1950.29
Time=742957 X=-3589.9 Y=-1722.49
Time=743948 X=-3388.08 Y=-1974.16
Time=744968 X=-3390.96 Y=-1969.31
Time=745972 X=-3637.21 Y=-1673.91
Time=746982 X=-2990.54 Y=-2462.64
Time=747986 X=-3236.5 Y=-2163.25
Time=748961 X=-3475.36 Y=-1872.52
Time=750007 X=-3731.41 Y=-1560.33
Time=751008 X=-3764.15 Y=-1197.03
Time=752013 X=-3613.07 Y=-842.76
Time=753026 X=-3398.4 Y=-623.868
Time=754062 X=-3201.55 Y=-520.945
Time=755072 X=-3469.47 Y=-663.982
Time=756157 X=-3689.94 Y=-1010.33
Time=757085 X=-3794.89 Y=-1347.66
Time=758102 X=-3624.82 Y=-1675.66
Time=759253 X=-3324.15 Y=-1998.11
Time=760227 X=-3069.73 Y=-2270.98
Time=761271 X=-2797.01 Y=-2563.45
Time=762201 X=-2647.42 Y=-2723.88
Time=763396 X=-2640.66 Y=-2757.77
Time=764396 X=-2640.66 Y=-2757.77
Time=765354 X=-2640.66 Y=-2757.77
Time=766383 X=-2605.31 Y=-2935.08
Time=767467 X=-2524.11 Y=-3342.28
Time=768487 X=-2447.71 Y=-3725.44
Time=769511 X=-2371.01 Y=-4110.1
Time=770543 X=-2293.71 Y=-4497.76
Time=771563 X=-2217.31 Y=-4880.92
Time=772587 X=-2140.61 Y=-5265.58
Time=773559 X=-2072.6 Y=-5606.65
Time=774603 X=-1971.53 Y=-5682.69
Time=775619 X=-1728.89 Y=-5378.42
Time=776663 X=-1479.56 Y=-5065.77
Time=777695 X=-1233.1 Y=-4756.71
Time=778677 X=-1131.52 Y=-4476.11
Time=779744 X=-1001.14 Y=-4088.76
Time=780766 X=-876.261 Y=-3717.74
Time=781779 X=-752.483 Y=-3349.99
Time=782836 X=-970.764 Y=-3249.91
Time=783844 X=-1350.34 Y=-3179.22
Time=784866 X=-1735.19 Y=-3107.54
Time=785861 X=-2109.87 Y=-3037.75
Time=786876 X=-2492.08 Y=-2966.57
Time=787892 X=-2874.67 Y=-2895.31
Time=788914 X=-3259.52 Y=-2823.63
Time=789923 X=-3639.48 Y=-2752.87
Time=790958 X=-4008.57 Y=-2684.12
Time=791976 X=-4278.23 Y=-2633.9
Time=792970 X=-4158.34 Y=-2337.53
Time=794040 X=-4026.24 Y=-1949.55
Time=795140 X=-3890.43 Y=-1550.69
Time=796091 X=-3773.02 Y=-1205.86
Time=797116 X=-3614.9 Y=-846.752
Time=798100 X=-3346.41 Y=-594.678
Time=799160 X=-3138.83 Y=-448.094
Time=800267 X=-3367.38 Y=-188.11
Time=801271 X=-3651.95 Y=70.5666
Time=802307 X=-3945.6 Y=337.487
Time=803255 X=-4214.3 Y=581.736
Time=804391 X=-4577.69 Y=816.633
Time=805397 X=-4916.53 Y=1000.13
Time=806401 X=-5234.48 Y=1172.31
Time=807446 X=-5465.95 Y=1233.52
Time=808497 X=-5868.38 Y=1244.51
Time=809526 X=-6262.38 Y=1255.28
Time=810534 X=-6645.45 Y=1302.55
Time=811567 X=-7040.13 Y=1329.63
Time=812617 X=-7442.21 Y=1327.8
Time=813591 X=-7813.74 Y=1295.1
Time=814639 X=-8208.97 Y=1225.31
Time=815609 X=-8450.89 Y=1220.34
Time=816150 X=-8562.62 Y=1163.26
Time=817563 X=-8625 Y=1116
Time=818764 X=-8625 Y=1116
Time=819791 X=-8625 Y=1116
Time=820786 X=-8625 Y=1116
Time=821831 X=-8625 Y=1116
Time=822756 X=-8625 Y=1116
Time=824031 X=-8726.27 Y=1120.39
Time=824968 X=-8758.81 Y=1131.15
Time=826006 X=-8941.83 Y=1218.69
Time=827034 X=-9293.64 Y=1395.55
Time=828037 X=-9636.89 Y=1568.11
Time=828969 X=-9955.85 Y=1728.46
Time=830091 X=-10339.8 Y=1921.49
Time=831145 X=-10648.3 Y=2076.57
Time=832142 X=-10963.7 Y=2235.13
Time=833203 X=-11273.7 Y=2390.97
Time=834210 X=-11576.7 Y=2556.74
Time=835183 X=-11919.7 Y=2702.59
Time=836217 X=-12286.6 Y=2851.71
Time=837253 X=-12661.9 Y=2980.28
Time=838335 X=-12982.7 Y=3067.31
Time=839296 X=-13040 Y=3120
Time=840335 X=-13040 Y=3120
Time=841348 X=-13040 Y=3120
Time=842461 X=-13040 Y=3120
Time=843449 X=-13040 Y=3120
Time=844521 X=-13040 Y=3120
Time=845563 X=-13040 Y=3120
Time=846574 X=-13040 Y=3120
Time=847547 X=-13040 Y=3120
Time=848609 X=-13040 Y=3120
Time=849626 X=-13040 Y=3120
Time=850623 X=-13040 Y=3120
Time=851631 X=-13040 Y=3120
Time=852674 X=-13136.6 Y=3201.71
Time=853725 X=-13342.9 Y=3356.75
Time=854857 X=-13053.4 Y=3206.79
Time=855844 X=-12801 Y=3076.03
Time=856884 X=-12535.1 Y=2938.26
Time=857859 X=-12532.2 Y=2936.8
Time=858950 X=-12532.2 Y=2936.8
Time=859958 X=-12758.2 Y=3113.4
Time=860891 X=-13050.9 Y=3318.38
Time=861907 X=-13369.7 Y=3541.59
Time=863087 X=-13740 Y=3800.83
Time=864026 X=-14030.1 Y=4013.68
Time=865066 X=-14337.1 Y=4267.44
Time=866091 X=-14611.9 Y=4494.47
Time=867073 X=-14451.3 Y=4358.51
Time=868069 X=-14160 Y=4112.14
Time=869099 X=-13858.2 Y=3856.87
Time=870151 X=-13548.2 Y=3594.69
Time=871158 X=-13252.2 Y=3344.32
Time=872181 X=-13122.1 Y=3234.26
Time=873218 X=-13226.3 Y=3324
Time=874242 X=-13523.4 Y=3579.99
Time=875264 X=-13820 Y=3835.48
Time=876291 X=-14077.1 Y=4127.75
Time=877316 X=-14238.9 Y=4396.89
Time=878218 X=-14300.6 Y=4720.48
Time=879349 X=-14381.7 Y=5146.02
Time=880409 X=-14457.8 Y=5544.86
Time=881384 X=-14527.8 Y=5911.71
Time=882408 X=-14601.3 Y=6297
Time=883418 X=-14673.7 Y=6677.02
Time=884435 X=-14746.7 Y=7059.67
Time=885476 X=-14821.4 Y=7451.36
Time=886539 X=-14886.7 Y=7793.53
Time=887576 X=-14956.8 Y=8161.18
Time=888607 X=-15101.5 Y=8398.24
Time=889634 X=-15436.1 Y=8608.49
Time=890640 X=-15764.8 Y=8815.06
Time=891639 X=-16034.5 Y=9074.72
Time=892731 X=-16182.4 Y=9421.31
Time=893715 X=-16363.5 Y=9753.83
Time=894721 X=-16383.1 Y=9896.71
Time=895725 X=-16612.5 Y=10066.1
Time=896745 X=-16825.7 Y=10268.6
Time=897747 X=-17031.2 Y=10471.5
Time=898739 X=-17271.2 Y=10744
Time=900014 X=-17588.4 Y=11115.3
Time=901044 X=-17840 Y=11419.1
Time=902045 X=-17803.9 Y=11676.7
Time=903062 X=-17755.6 Y=12063.2
Time=904096 X=-17706.5 Y=12456.2
Time=905105 X=-17669.2 Y=12840.9
Time=906127 X=-17609.7 Y=13216.2
Time=907024 X=-17540.8 Y=13500.9
Time=908254 X=-17387.9 Y=13946.1
Time=909302 X=-17303.5 Y=14240.1
Time=910336 X=-17312.2 Y=14341.1
Time=911381 X=-17321 Y=14443
Time=912395 X=-17322.4 Y=14459.6
Time=913412 X=-17322.4 Y=14459.6
Time=914454 X=-17322.4 Y=14459.6
Time=915454 X=-17322.4 Y=14459.6
Time=916467 X=-17322.4 Y=14459.6
Time=917476 X=-17322.4 Y=14459.6
Time=918828 X=-17322.4 Y=14459.6
Time=919857 X=-17322.4 Y=14459.6
Time=920883 X=-17322.4 Y=14459.6
Time=921881 X=-17322.4 Y=14459.6
Time=922915 X=-17322.4 Y=14459.6
Time=923932 X=-17322.4 Y=14459.6
Time=924971 X=-17322.4 Y=14459.6
Time=925996 X=-17322.4 Y=14459.6
Time=927014 X=-17322.4 Y=14459.6
Time=928060 X=-17322.4 Y=14459.6
Time=929049 X=-17322.4 Y=14459.6
Time=930078 X=-17336 Y=14386.3
Time=931090 X=-17359.3 Y=14290
Time=932077 X=-17382 Y=14196.1
Time=933220 X=-17408.3 Y=14087.3
Time=934204 X=-17443.2 Y=13943
Time=935245 X=-17537.6 Y=13552.5
Time=936277 X=-17603.4 Y=13280.4
Time=937283 X=-17418.9 Y=13436.8
Time=938326 X=-17407 Y=13503.6
Time=939338 X=-17339.8 Y=13881
Time=940340 X=-17292.3 Y=14147.4
Time=941384 X=-16918.4 Y=14240.1
Time=942405 X=-16539.6 Y=14331.1
Time=943408 X=-16157.2 Y=14326.3
Time=944452 X=-15808.2 Y=14130.9
Time=945489 X=-15510.2 Y=13964.1
Time=946521 X=-15224.9 Y=13804.4
Time=947553 X=-14864 Y=13851.4
Time=948565 X=-14484.8 Y=13931.6
Time=949637 X=-14080.3 Y=13974.6
Time=950651 X=-13693.3 Y=13941
Time=951760 X=-13270.1 Y=13904.3
Time=952736 X=-12897.7 Y=13872
Time=953781 X=-12569.1 Y=13785
Time=954772 X=-12204.9 Y=13694.7
Time=955615 X=-11888 Y=13632.8
Time=957032 X=-11392.7 Y=13429.6
Time=958134 X=-11238.7 Y=13337.6
Time=959198 X=-11238.7 Y=13337.6
Time=960226 X=-11238.7 Y=13337.6
Time=961218 X=-11238.7 Y=13337.6
Time=962282 X=-11238.7 Y=13337.6
Time=963294 X=-11238.7 Y=13337.6
Time=964308 X=-11238.7 Y=13337.6
Time=965253 X=-11238.7 Y=13337.6
Time=966316 X=-11238.7 Y=13337.6
Time=967326 X=-11157.8 Y=13339.7
Time=968385 X=-10762 Y=13428.3
Time=969352 X=-10400.5 Y=13509.2
Time=970424 X=-10707.3 Y=13495
Time=971483 X=-11115.3 Y=13472.2
Time=972467 X=-11420.7 Y=13391.9
Time=973451 X=-11494.7 Y=13419
Time=974552 X=-11494.7 Y=13419
Time=975565 X=-11494.7 Y=13419
Time=976548 X=-11494.7 Y=13419
Time=977616 X=-11332.8 Y=13439.2
Time=978680 X=-11331.4 Y=13450.2
Time=979645 X=-11688.9 Y=13544.2
Time=980737 X=-11784.5 Y=13569.4
Time=981741 X=-11784.5 Y=13569.4
Time=982767 X=-11481.9 Y=13570.7
Time=983809 X=-11159.1 Y=13528.4
Time=984807 X=-11136.9 Y=13530
Time=985793 X=-10768.6 Y=13543
Time=986873 X=-10356.4 Y=13578.1
Time=987977 X=-9935.06 Y=13614
Time=988848 X=-9941.61 Y=13350.2
Time=990015 X=-9974.61 Y=12967.5
Time=990975 X=-10006.2 Y=12601.2
Time=991972 X=-10021 Y=12221
Time=993007 X=-9975.76 Y=11827.2
Time=994006 X=-9959.56 Y=11445.3
Time=995016 X=-9992.52 Y=11059.9
Time=996022 X=-10059.8 Y=10680.7
Time=997014 X=-10083 Y=10304.9
Time=998126 X=-10035.5 Y=10098.7
Time=999140 X=-10035.5 Y=10098.7
Time=1000148 X=-10035.5 Y=10098.7
Time=1001228 X=-10035.5 Y=10098.7
Time=1002136 X=-10035.5 Y=10098.7
Time=1003269 X=-10035.5 Y=10098.7
Time=1004395 X=-10035.5 Y=10098.7
Time=1005419 X=-10035.5 Y=10098.7
Time=1006399 X=-10035.5 Y=10098.7
Time=1007419 X=-10035.5 Y=10098.7
Time=1008454 X=-10035.5 Y=10098.7
Time=1009494 X=-10035.5 Y=10098.7
Time=1010514 X=-10035.5 Y=10098.7
Time=1011491 X=-10035.5 Y=10098.7
Time=1012587 X=-10035.5 Y=10098.7
Time=1013683 X=-10035.5 Y=10098.7
Time=1014661 X=-10035.5 Y=10098.7
Time=1015687 X=-10035.5 Y=10098.7
Time=1016720 X=-10082.6 Y=9865.45
Time=1017731 X=-10164.1 Y=9585.92
Time=1018695 X=-10241.8 Y=9319.39
Time=1019787 X=-10304.3 Y=9007.23
Time=1020795 X=-10325.2 Y=8811.57
Time=1021842 X=-10286.7 Y=9209.3
Time=1022886 X=-10219.5 Y=9603.19
Time=1023884 X=-10123.4 Y=9973.17
Time=1024921 X=-10023.1 Y=10357.5
Time=1025939 X=-9924.59 Y=10734.8
Time=1026977 X=-9912.17 Y=10736.6
Time=1027955 X=-10038.2 Y=10383.8
Time=1029065 X=-10070.3 Y=10294
Time=1030066 X=-10109.4 Y=10026.9
Time=1031103 X=-10187.5 Y=9637.41
Time=1032126 X=-10256.1 Y=9295.05
Time=1033137 X=-10319 Y=8912.8
Time=1034161 X=-10244.1 Y=8534.51
Time=1035185 X=-10082.7 Y=8176.9
Time=1036220 X=-9916.62 Y=7816.88
Time=1037293 X=-9741.97 Y=7444.7
Time=1038327 X=-9573.72 Y=7086.15
Time=1039331 X=-9446.92 Y=6815.96
Time=1040342 X=-9462.06 Y=6748.67
Time=1041320 X=-9341.44 Y=6566.18
Time=1042391 X=-9337.79 Y=6560.65
Time=1043319 X=-9337.79 Y=6560.65
Time=1044391 X=-9337.79 Y=6560.65
Time=1045540 X=-9337.79 Y=6560.65
Time=1046513 X=-9337.79 Y=6560.65
Time=1047499 X=-9337.79 Y=6560.65
Time=1048511 X=-9337.79 Y=6560.65
Time=1049573 X=-9337.79 Y=6560.65
Time=1050581 X=-9337.79 Y=6560.65
Time=1051616 X=-9337.79 Y=6560.65
Time=1052619 X=-9337.79 Y=6560.65
Time=1053655 X=-9337.79 Y=6560.65
Time=1054673 X=-9337.79 Y=6560.65
Time=1055726 X=-9428.77 Y=6673.76
Time=1056742 X=-9617.61 Y=6897.27
Time=1057748 X=-9804.59 Y=7118.58
Time=1058776 X=-9785.34 Y=7140.39
Time=1059789 X=-9527.56 Y=6956.52
Time=1060813 X=-9208.23 Y=6728.75
Time=1061852 X=-8884.23 Y=6497.64
Time=1062901 X=-8557.11 Y=6264.31
Time=1063924 X=-8238.1 Y=6036.77
Time=1064934 X=-7931.87 Y=5818.34
Time=1065974 X=-8102.49 Y=5926.93
Time=1067076 X=-8458.6 Y=6153.57
Time=1068070 X=-8742.68 Y=6334.37
Time=1069093 X=-9073.26 Y=6544.76
Time=1070179 X=-9412.61 Y=6760.74
Time=1071144 X=-9412.61 Y=6760.74
Time=1072150 X=-9171.23 Y=6625.27
Time=1073202 X=-8817.99 Y=6431.36
Time=1074237 X=-8470.47 Y=6240.59
Time=1075229 X=-8105.23 Y=6144
Time=1076231 X=-7740.81 Y=6144
Time=1077233 X=-7427.62 Y=6144
Time=1078318 X=-7012.02 Y=6144
Time=1079276 X=-6663.61 Y=6259.78
Time=1080371 X=-6562.44 Y=6295.27
Time=1081388 X=-6468.58 Y=6328.71
Time=1082423 X=-6377.94 Y=6374.03
Time=1083445 X=-6288.43 Y=6418.79
Time=1084482 X=-6197.6 Y=6464.2
Time=1085460 X=-6141.81 Y=6492.09
Time=1086506 X=-6141.81 Y=6492.09
Time=1087498 X=-6110.72 Y=6549.74
Time=1088692 X=-5877 Y=6700.8
Time=1089709 X=-5877 Y=6700.8
Time=1090693 X=-5877 Y=6700.8
Time=1091716 X=-5877 Y=6700.8
Time=1092778 X=-5877 Y=6700.8
Time=1093811 X=-5877 Y=6700.8
Time=1094819 X=-5877 Y=6700.8
Time=1095851 X=-5877 Y=6700.8
Time=1096893 X=-5808.11 Y=6836.38
Time=1097953 X=-5675.02 Y=7219.97
Time=1098977 X=-5546.45 Y=7590.53
Time=1099979 X=-5297.98 Y=7879.5
Time=1101002 X=-5031.65 Y=8166.92
Time=1102010 X=-4769.22 Y=8450.14
Time=1103040 X=-4505.2 Y=8735.07
Time=1104132 X=-4275.94 Y=8982.48
Time=1105144 X=-4000.03 Y=9254.14
Time=1106190 X=-3606.17 Y=9299.86
Time=1107260 X=-3426 Y=9311
Time=1108242 X=-3426 Y=9311
Time=1109280 X=-3710.02 Y=9299.49
Time=1110331 X=-3975.06 Y=9268.53
Time=1111292 X=-3975.06 Y=9268.53
Time=1112354 X=-3975.06 Y=9268.53
Time=1113408 X=-3975.06 Y=9268.53
Time=1114479 X=-3975.06 Y=9268.53
Time=1115519 X=-3975.06 Y=9268.53
Time=1116555 X=-4299.04 Y=9165.22
Time=1117652 X=-4318.11 Y=9159.47
Time=1118625 X=-4318.11 Y=9159.47
Time=1119676 X=-4318.11 Y=9159.47
Time=1120690 X=-4077.37 Y=9228.78
Time=1121722 X=-3692.14 Y=9283.81
Time=1122718 X=-3665.89 Y=9280.73
Time=1123865 X=-3665.89 Y=9280.73
Time=1124814 X=-3719.53 Y=9287.03
Time=1125891 X=-4114.34 Y=9201.93
Time=1126913 X=-4244.37 Y=9136.51
Time=1127931 X=-4370.59 Y=9024.6
Time=1128937 X=-4665.05 Y=8776.05
Time=1129985 X=-4971.81 Y=8517.12
Time=1130998 X=-5268.32 Y=8266.84
Time=1131990 X=-5376.34 Y=8091.68
Time=1133018 X=-5515.41 Y=7723.29
Time=1134001 X=-5669.92 Y=7380.15
Time=1135077 X=-5868.59 Y=7019.02
Time=1136062 X=-6063.31 Y=6695.69
Time=1137138 X=-6282.95 Y=6346.94
Time=1138225 X=-6387.5 Y=6180.93
Time=1139220 X=-6301.25 Y=6293.87
Time=1140263 X=-6058.77 Y=6611.38
Time=1141199 X=-5840.37 Y=6897.35
Time=1142292 X=-5584.36 Y=7232.59
Time=1143294 X=-5349.66 Y=7539.91
Time=1144369 X=-5097.86 Y=7869.62
Time=1145446 X=-4845.6 Y=8199.95
Time=1146409 X=-4636.34 Y=8473.96
Time=1147459 X=-4450.77 Y=8716.95
Time=1148496 X=-4209.69 Y=9032.63
Time=1149533 X=-3914.58 Y=9277.8
Time=1150507 X=-3608.72 Y=9125.61
Time=1151582 X=-3493.99 Y=9096.36
Time=1152558 X=-3443.34 Y=9466.76
Time=1153607 X=-3393.34 Y=9385.28
Time=1154646 X=-3349.76 Y=9780.86
Time=1155629 X=-3329 Y=8664.85
Time=1156657 X=-3303.45 Y=8356.96
Time=1157679 X=-3271.06 Y=7966.83
Time=1158708 X=-3233.95 Y=7788.18
Time=1159725 X=-3156.21 Y=7428.46
Time=1160779 X=-2998.34 Y=7056.89
Time=1161760 X=-2931.5 Y=7150.43
Time=1162817 X=-2533.76 Y=7305.58
Time=1163816 X=-2508.27 Y=7219.22
Time=1164822 X=-2475.94 Y=7126.17
Time=1165899 X=-2441.33 Y=7026.55
Time=1166916 X=-2408.64 Y=6932.48
Time=1167891 X=-2371.92 Y=6921.86
Time=1168929 X=-2359.12 Y=6884.5
Time=1169934 X=-2359.12 Y=6884.5
Time=1171020 X=-2388.91 Y=6912.64
Time=1172002 X=-2390.03 Y=6913.69
Time=1173036 X=-2403.47 Y=6925.12
Time=1174108 X=-2415.01 Y=6926.02
Time=1175136 X=-2425.34 Y=6933.37
Time=1176129 X=-2431.5 Y=6927.32
Time=1177180 X=-2446.07 Y=6937.89
Time=1178241 X=-2457.8 Y=6930.03
Time=1179312 X=-2436.48 Y=6927.72
Time=1180312 X=-2447.35 Y=6928.57
Time=1181346 X=-2455.97 Y=6929.25
Time=1182366 X=-2470.08 Y=6930.36
Time=1183313 X=-2484.67 Y=6931.51
Time=1184505 X=-2498.33 Y=6942.1
Time=1185515 X=-2504.25 Y=6933.06
Time=1186485 X=-2482.48 Y=6932.49
Time=1187540 X=-2498.93 Y=6932.64
Time=1188562 X=-2506.91 Y=6933.27
Time=1189548 X=-2514.65 Y=6933.88
Time=1190562 X=-2522.97 Y=6934.53
Time=1191592 X=-2531.36 Y=6935.19
Time=1192507 X=-2531.36 Y=6935.19
Time=1193683 X=-2531.36 Y=6935.19
Time=1194701 X=-2531.36 Y=6935.19
Time=1195658 X=-2531.36 Y=6935.19
Time=1196734 X=-2531.36 Y=6935.19
Time=1197768 X=-2531.36 Y=6935.19
Time=1198818 X=-2531.36 Y=6935.19
Time=1199828 X=-2531.36 Y=6935.19
Time=1200816 X=-2531.36 Y=6935.19
Time=1201746 X=-2531.36 Y=6935.19
Time=1202858 X=-2531.36 Y=6935.19
Time=1203925 X=-2531.36 Y=6935.19
Time=1204925 X=-2531.36 Y=6935.19
Time=1205831 X=-2531.36 Y=6935.19
Time=1207038 X=-2531.36 Y=6935.19
Time=1207961 X=-2531.36 Y=6935.19
Time=1209160 X=-2531.36 Y=6935.19
Time=1210109 X=-2531.36 Y=6935.19
Time=1211216 X=-2531.36 Y=6935.19
Time=1212237 X=-2532.59 Y=6935.29
Time=1213187 X=-2546.35 Y=6936.37
Time=1214171 X=-2567.72 Y=6938.06
Time=1215339 X=-2564.99 Y=6937.84
Time=1216349 X=-2553.27 Y=6942.21
Time=1217350 X=-2551.26 Y=6936.76
Time=1218374 X=-2567.55 Y=6938.04
Time=1219453 X=-2578.77 Y=6961.36
Time=1220494 X=-2578.77 Y=6961.36
Time=1221527 X=-2578.77 Y=6961.36
Time=1222558 X=-2578.77 Y=6961.36
Time=1223662 X=-2578.77 Y=6961.36
Time=1224652 X=-2578.77 Y=6961.36
Time=1225666 X=-2578.77 Y=6961.36
Time=1226705 X=-2578.77 Y=6961.36
Time=1227681 X=-2578.77 Y=6961.36
Time=1228719 X=-2578.77 Y=6961.36
Time=1229775 X=-2578.77 Y=6961.36
Time=1230818 X=-2578.77 Y=6961.36
Time=1231841 X=-2578.77 Y=6961.36
Time=1232893 X=-2578.77 Y=6961.36
Time=1233921 X=-2570.22 Y=6938.25
Time=1234960 X=-2588.68 Y=6954.38
Time=1235997 X=-2562.66 Y=6937.66
Time=1237036 X=-2562.66 Y=6937.66
Time=1238060 X=-2562.66 Y=6937.66
Time=1239134 X=-2562.66 Y=6937.66
Time=1240165 X=-2562.66 Y=6937.66
Time=1241176 X=-2562.66 Y=6937.66
Time=1242177 X=-2562.66 Y=6937.66
Time=1243251 X=-2577.47 Y=6938.82
Time=1244300 X=-2595.27 Y=6954.55
Time=1245312 X=-2589.76 Y=6939.79
Time=1246382 X=-2605.13 Y=6953.63
Time=1247406 X=-2600.26 Y=6940.62
Time=1248446 X=-2592.78 Y=6940.03
Time=1249492 X=-2610.68 Y=6956.22
Time=1250511 X=-2604.96 Y=6940.99
Time=1251533 X=-2592.78 Y=6940.03
Time=1252518 X=-2605.38 Y=6951.43
Time=1253598 X=-2601.37 Y=6940.71
Time=1254552 X=-2612.62 Y=6951.02
Time=1255662 X=-2617.11 Y=6941.95
Time=1256693 X=-2605.43 Y=6941.03
Time=1257706 X=-2620.45 Y=6954.9
Time=1258754 X=-2615.53 Y=6941.82
Time=1259776 X=-2623.77 Y=6942.47
Time=1260788 X=-2614.82 Y=6941.77
Time=1261765 X=-2630.19 Y=6956.17
Time=1262819 X=-2625.05 Y=6942.57
Time=1263840 X=-2614.82 Y=6941.77
Time=1264869 X=-2622.93 Y=6942.41
Time=1265938 X=-2635.88 Y=6954.7
Time=1266976 X=-2639.71 Y=6943.73
Time=1268011 X=-2646.9 Y=6944.3
Time=1269018 X=-2661.44 Y=6958.68
Time=1270028 X=-2656.22 Y=6945.03
Time=1271082 X=-2643.39 Y=6944.02
Time=1272042 X=-2659.23 Y=6959.6
Time=1273112 X=-2653.58 Y=6944.82
Time=1274119 X=-2643.39 Y=6944.02
Time=1275161 X=-2643.39 Y=6944.02
Time=1276215 X=-2643.39 Y=6944.02
Time=1277215 X=-2643.39 Y=6944.02
Time=1278219 X=-2660.02 Y=6960.38
Time=1279293 X=-2654.09 Y=6944.86
Time=1280330 X=-2643.39 Y=6944.02
Time=1281336 X=-2652.83 Y=6953.31
Time=1282426 X=-2649.47 Y=6944.5
Time=1283452 X=-2656 Y=6945.01
Time=1284475 X=-2670.85 Y=6959.95
Time=1285522 X=-2665.4 Y=6945.75
Time=1286598 X=-2675.28 Y=6946.53
Time=1287659 X=-2684.92 Y=6947.29
Time=1288721 X=-2698.58 Y=6961.78
Time=1289740 X=-2693.79 Y=6949.43
Time=1290788 X=-2693.22 Y=6947.94
Time=1291822 X=-2680.75 Y=6946.96
Time=1292788 X=-2688.33 Y=6947.56
Time=1293877 X=-2704.3 Y=6964.61
Time=1294919 X=-2697.97 Y=6948.32
Time=1295901 X=-2689.94 Y=6947.69
Time=1296931 X=-2699.07 Y=6948.41
Time=1298000 X=-2715.13 Y=6965.91
Time=1298961 X=-2709.27 Y=6950.88
Time=1299999 X=-2708.6 Y=6949.16
Time=1301063 X=-2715.46 Y=6949.7
Time=1302063 X=-2725.78 Y=6961.33
Time=1303072 X=-2721.41 Y=6950.17
Time=1304133 X=-2727.69 Y=6950.66
Time=1305143 X=-2713.08 Y=6949.51
Time=1306208 X=-2719.41 Y=6950.01
Time=1307172 X=-2730.06 Y=6962.11
Time=1308235 X=-2735.5 Y=6960.12
Time=1309259 X=-2731.91 Y=6950.99
Time=1310253 X=-2719.94 Y=6950.05
Time=1311331 X=-2732.11 Y=6963.89
Time=1312364 X=-2732.14 Y=6950.86
Time=1313339 X=-2741.7 Y=6962.01
Time=1314362 X=-2736.64 Y=6949.15
Time=1315386 X=-2735.89 Y=6947.26
Time=1316422 X=-2746.48 Y=6959.81
Time=1317448 X=-2743.55 Y=6939.91
Time=1318455 X=-2734.14 Y=6948.95
Time=1319569 X=-2739.63 Y=6943.67
Time=1320612 X=-2744.56 Y=6938.94
Time=1321651 X=-2748.97 Y=6934.71
Time=1322716 X=-2762.84 Y=6952.07
Time=1323732 X=-2758.94 Y=6925.13
Time=1324755 X=-2772.46 Y=6942.76
Time=1325808 X=-2766.69 Y=6928.32
Time=1326813 X=-2763.62 Y=6920.64
Time=1327804 X=-2772.1 Y=6931.92
Time=1328849 X=-2766.49 Y=6917.89
Time=1329849 X=-2769.63 Y=6914.87
Time=1330938 X=-2780.35 Y=6929.51
Time=1331951 X=-2774.88 Y=6915.87
Time=1332947 X=-2775.85 Y=6908.9
Time=1333960 X=-2783.88 Y=6920.15
Time=1334980 X=-2781.34 Y=6904.26
Time=1336016 X=-2783.96 Y=6901.11
Time=1337033 X=-2792.79 Y=6913.91
Time=1338057 X=-2786.59 Y=6898.58
Time=1339127 X=-2789.16 Y=6896.12
Time=1340143 X=-2770.8 Y=6913.74
Time=1341116 X=-2773.81 Y=6910.86
Time=1342140 X=-2776.94 Y=6907.85
Time=1343196 X=-2788.26 Y=6923.77
Time=1344162 X=-2781.25 Y=6906.36
Time=1345244 X=-2780.48 Y=6904.45
Time=1346267 X=-2789.04 Y=6916.69
Time=1347274 X=-2783.09 Y=6901.94
Time=1348347 X=-2795.08 Y=6919.27
Time=1349410 X=-2790.05 Y=6903.22
Time=1350425 X=-2789.77 Y=6895.53
Time=1351394 X=-2792.77 Y=6892.66
Time=1352451 X=-2780.35 Y=6904.58
Time=1353522 X=-2769.26 Y=6915.22
Time=1354509 X=-2784.02 Y=6901.05
Time=1355541 X=-2787 Y=6898.19
Time=1356557 X=-2790.09 Y=6895.23
Time=1357603 X=-2785.65 Y=6899.49
Time=1358621 X=-2796.68 Y=6915.61
Time=1359671 X=-2793.25 Y=6899.58
Time=1360704 X=-2791.1 Y=6894.26
Time=1361766 X=-2799.74 Y=6907.19
Time=1362794 X=-2802.53 Y=6905.38
Time=1363798 X=-2786.5 Y=6901.01
Time=1364847 X=-2785.82 Y=6899.33
Time=1365882 X=-2845.45 Y=6842.07
Time=1366886 X=-2788.38 Y=6896.86
Time=1367862 X=-2788.38 Y=6896.86
Time=1368877 X=-2803.17 Y=6882.67
Time=1369947 X=-2803.17 Y=6882.67
Time=1370998 X=-2803.17 Y=6882.67
Time=1371986 X=-2806.75 Y=6899.6
Time=1373021 X=-2805.57 Y=6897.64
Time=1374009 X=-2793.98 Y=6891.49
Time=1375021 X=-2806.99 Y=6902.8
Time=1376019 X=-2806.99 Y=6902.8
Time=1377054 X=-2806.99 Y=6902.8
Time=1378145 X=-2806.99 Y=6902.8
Time=1379154 X=-2806.99 Y=6902.8
Time=1380117 X=-2803.3 Y=6893.73
Time=1381155 X=-2803.3 Y=6893.73
Time=1382182 X=-2810.25 Y=6887.08
Time=1383182 X=-2806.96 Y=6879.03
Time=1384203 X=-2787.45 Y=6897.76
Time=1385214 X=-2784.17 Y=6900.91
Time=1386253 X=-2780.73 Y=6915.81
Time=1387301 X=-2775.35 Y=6909.37
Time=1388335 X=-2775.35 Y=6909.37
Time=1389337 X=-2775.35 Y=6909.37
Time=1390370 X=-2789 Y=7050.65
Time=1391363 X=-2806.04 Y=7227
Time=1392358 X=-2736.05 Y=7293.48
Time=1393374 X=-2536.1 Y=7483.43
Time=1394374 X=-2536.1 Y=7483.43
Time=1395376 X=-2499.86 Y=7380.86
Time=1396415 X=-2367.26 Y=7005.62
Time=1397421 X=-2307.1 Y=6835.38
Time=1398403 X=-2307.1 Y=6835.38
Time=1399426 X=-2307.1 Y=6835.38
Time=1400482 X=-2312.28 Y=6850.2
Time=1401495 X=-2303.41 Y=6836.17
Time=1402519 X=-2290.95 Y=6859.54
Time=1403539 X=-2162.38 Y=7228.48
Time=1404604 X=-2042.38 Y=7097
Time=1405599 X=-1954.14 Y=6790.35
Time=1406644 X=-1856.61 Y=6821.74
Time=1407649 X=-1753.96 Y=6855.47
Time=1408713 X=-1753.96 Y=6855.47
Time=1409707 X=-1753.96 Y=6855.47
Time=1410751 X=-1753.96 Y=6855.47
Time=1411748 X=-1753.96 Y=6855.47
Time=1412762 X=-1753.96 Y=6855.47
Time=1413774 X=-1753.96 Y=6855.47
Time=1414793 X=-1753.96 Y=6855.47
Time=1415802 X=-1753.96 Y=6855.47
Time=1416762 X=-1753.96 Y=6855.47
Time=1417798 X=-1753.96 Y=6855.47
Time=1418847 X=-1753.96 Y=6855.47
Time=1419872 X=-1753.96 Y=6855.47
Time=1420885 X=-1752.28 Y=6893.73
Time=1421926 X=-1723.78 Y=7242.23
Time=1422932 X=-1710.66 Y=7627.35
Time=1423964 X=-1697.2 Y=8022.41
Time=1425006 X=-1915.01 Y=7920.92
Time=1426016 X=-1824.1 Y=7544.88
Time=1427035 X=-1732.37 Y=7165.5
Time=1428041 X=-1671.93 Y=6915.47
Time=1429036 X=-1657.15 Y=6928.82
Time=1430086 X=-1668.36 Y=6936.39
Time=1431098 X=-1668.36 Y=6936.39
Time=1432126 X=-1664.77 Y=6921.45
Time=1433099 X=-1672.39 Y=6915.09
Time=1434107 X=-1656.08 Y=6928.72
Time=1435131 X=-1668.19 Y=6937.47
Time=1436140 X=-1647.81 Y=6935.64
Time=1437200 X=-1656.08 Y=6928.72
Time=1438245 X=-1656.08 Y=6928.72
Time=1439256 X=-1656.08 Y=6928.72
Time=1440282 X=-1650.87 Y=6943.05
Time=1441318 X=-1650.87 Y=6943.05
Time=1442326 X=-1650.87 Y=6943.05
Time=1443364 X=-1650.87 Y=6943.05
Time=1444335 X=-1650.87 Y=6943.05
Time=1445379 X=-1650.87 Y=6943.05
Time=1446437 X=-1650.87 Y=6943.05
Time=1447468 X=-1650.87 Y=6943.05
Time=1448471 X=-1650.87 Y=6943.05
Time=1449490 X=-1650.87 Y=6943.05
Time=1450482 X=-1650.87 Y=6943.05
Time=1451528 X=-1650.87 Y=6943.05
Time=1452538 X=-1650.87 Y=6943.05
Time=1453586 X=-1650.87 Y=6943.05
Time=1454610 X=-1650.87 Y=6943.05
Time=1455614 X=-1650.87 Y=6943.05
Time=1456642 X=-1650.87 Y=6943.05
Time=1457646 X=-1675.98 Y=6937.7
Time=1458724 X=-1681.72 Y=6908.2
Time=1459695 X=-1681.72 Y=6908.2
Time=1460688 X=-1681.72 Y=6908.2
Time=1461715 X=-1691.87 Y=6898.79
Time=1462739 X=-1656.08 Y=6928.72
Time=1463754 X=-1656.08 Y=6928.72
Time=1464780 X=-1657.06 Y=6927.9
Time=1465741 X=-1661.83 Y=6943.26
Time=1466850 X=-1661.83 Y=6943.26
Time=1467857 X=-1661.83 Y=6943.26
Time=1468871 X=-1659.36 Y=6929.25
Time=1469898 X=-1650.81 Y=6941.12
Time=1470852 X=-1645.9 Y=6937.23
Time=1471904 X=-1640.99 Y=6941.34
Time=1472921 X=-1640.99 Y=6941.34
Time=1473927 X=-1640.99 Y=6941.34
Time=1474929 X=-1640.99 Y=6941.34
Time=1475952 X=-1640.99 Y=6941.34
Time=1476976 X=-1640.99 Y=6941.34
Time=1477988 X=-1640.99 Y=6941.34
Time=1479005 X=-1640.99 Y=6941.34
Time=1480013 X=-1640.99 Y=6941.34
Time=1481008 X=-1640.99 Y=6941.34
Time=1482042 X=-1640.99 Y=6941.34
Time=1483051 X=-1640.99 Y=6941.34
Time=1484052 X=-1640.99 Y=6941.34
Time=1485076 X=-1660.71 Y=7017.58
Time=1486097 X=-1685.97 Y=7107.71
Time=1487099 X=-1879.77 Y=7322.49
Time=1488177 X=-2121.58 Y=7465.17
Time=1489233 X=-2121.58 Y=7465.17
Time=1490264 X=-2064.41 Y=7263.99
Time=1491274 X=-1970.11 Y=6932.17
Time=1492286 X=-1930.7 Y=6793.52
Time=1493299 X=-1930.7 Y=6793.52
Time=1494302 X=-1930.7 Y=6793.52
Time=1495346 X=-1930.7 Y=6793.52
Time=1496354 X=-1930.7 Y=6793.52
Time=1497360 X=-2256 Y=6971.82
Time=1498388 X=-2325.11 Y=6992.06
Time=1499391 X=-2325.11 Y=6992.06
Time=1500408 X=-2325.11 Y=6992.06
Time=1501423 X=-2657.57 Y=7056.49
Time=1502439 X=-3033.22 Y=6961.83
Time=1503441 X=-3326.69 Y=6715.48
Time=1504460 X=-3620.59 Y=6458.63
Time=1505496 X=-3748.86 Y=6327.88
Time=1506510 X=-3786.76 Y=6059.74
Time=1507539 X=-3841.92 Y=5669.47
Time=1508572 X=-3828.43 Y=5780.51
Time=1509579 X=-3801.4 Y=6102.46
Time=1510611 X=-3768.33 Y=6496.51
Time=1511612 X=-3736.26 Y=6878.59
Time=1512636 X=-3703.46 Y=7269.45
Time=1513649 X=-3678.23 Y=7546.01
Time=1514668 X=-3678.23 Y=7546.01
Time=1515679 X=-3678.23 Y=7546.01
Time=1516702 X=-3662.37 Y=7738.03
Time=1517641 X=-3636.89 Y=8046.44
Time=1518773 X=-3604.04 Y=8444.07
Time=1519777 X=-3572.38 Y=8827.34
Time=1520796 X=-3546.38 Y=9215.23
Time=1521779 X=-3531.4 Y=9591.46
Time=1522851 X=-3496.53 Y=9848.9
Time=1523874 X=-3419.92 Y=10233.2
Time=1524868 X=-3345.49 Y=10606.6
Time=1525894 X=-3268.67 Y=10992
Time=1526920 X=-3210.9 Y=11281.8
Time=1527949 X=-3156.8 Y=11573.2
Time=1528992 X=-3124.71 Y=11903.8
Time=1530029 X=-3097.03 Y=12300
Time=1531032 X=-3070.26 Y=12683.3
Time=1532081 X=-3080.83 Y=12867.5
Time=1533007 X=-3417.25 Y=12755.1
Time=1534141 X=-3829.24 Y=12617.5
Time=1535115 X=-4183.1 Y=12499.3
Time=1536136 X=-4447.7 Y=12537
Time=1537125 X=-4647.57 Y=12821.7
Time=1538159 X=-4875.14 Y=13145.9
Time=1539177 X=-5099.19 Y=13465
Time=1540228 X=-5330.5 Y=13794.5
Time=1541235 X=-5552.13 Y=14110.2
Time=1542227 X=-5752.3 Y=14395.3
Time=1543287 X=-5752.3 Y=14395.3
Time=1544330 X=-5752.3 Y=14395.3
Time=1545362 X=-5752.3 Y=14395.3
Time=1546403 X=-5752.3 Y=14395.3
Time=1547396 X=-5752.3 Y=14395.3
Time=1548495 X=-5752.3 Y=14395.3
Time=1549482 X=-5752.3 Y=14395.3
Time=1550521 X=-5752.3 Y=14395.3
Time=1551545 X=-5752.3 Y=14395.3
Time=1552580 X=-5752.3 Y=14395.3
Time=1553608 X=-5752.3 Y=14395.3
Time=1554654 X=-5752.3 Y=14395.3
Time=1555563 X=-5752.3 Y=14395.3
Time=1556702 X=-5752.3 Y=14395.3
Time=1557659 X=-5752.3 Y=14395.3
Time=1558695 X=-5752.3 Y=14395.3
Time=1559691 X=-5752.3 Y=14395.3
Time=1560748 X=-5752.3 Y=14395.3
Time=1561780 X=-5843.69 Y=14516.1
Time=1562844 X=-6076.59 Y=14824.1
Time=1563887 X=-6114.26 Y=14873.9
Time=1564914 X=-6114.26 Y=14873.9
Time=1565941 X=-6114.26 Y=14873.9
Time=1566996 X=-6114.26 Y=14873.9
Time=1568006 X=-6114.26 Y=14873.9
Time=1569014 X=-6081.65 Y=14852.2
Time=1570004 X=-5844.29 Y=14694.2
Time=1571049 X=-5593.74 Y=14527.4
Time=1572052 X=-5353.26 Y=14367.4
Time=1573096 X=-5102.95 Y=14200.8
Time=1574114 X=-4858.88 Y=14038.4
Time=1575150 X=-4577.73 Y=13851.3
Time=1576177 X=-4250.24 Y=13633.4
Time=1577084 X=-3961.01 Y=13440.9
Time=1578342 X=-3581.98 Y=13211.8
Time=1579392 X=-3251.23 Y=12980
Time=1580457 X=-3131.89 Y=12945.2
Time=1581434 X=-3246.78 Y=12846.3
Time=1582451 X=-3635.45 Y=12791.7
Time=1583501 X=-4034.65 Y=12735.7
Time=1584555 X=-4386.61 Y=12889.6
Time=1585572 X=-4683.02 Y=13086.9
Time=1586645 X=-4986.45 Y=13288.9
Time=1587698 X=-5322.18 Y=13512.5
Time=1588776 X=-5665.88 Y=13741.3
Time=1589718 X=-5966.23 Y=13941.3
Time=1590779 X=-6081.33 Y=14017.9
Time=1591810 X=-6081.33 Y=14017.9
Time=1592872 X=-6081.33 Y=14017.9
Time=1593880 X=-6081.33 Y=14017.9
Time=1594896 X=-6081.33 Y=14017.9
Time=1595896 X=-6081.33 Y=14017.9
Time=1596926 X=-6081.33 Y=14017.9
Time=1597911 X=-6092.8 Y=13997.1
Time=1598877 X=-6271.56 Y=13673.2
Time=1599979 X=-6475.48 Y=13303.6
Time=1601098 X=-6653.53 Y=12980.9
Time=1602084 X=-6790.71 Y=12732.2
Time=1603155 X=-6939.73 Y=12462.2
Time=1604124 X=-7074.55 Y=12217.8
Time=1605233 X=-7128.92 Y=12140.9
Time=1606218 X=-7048.34 Y=12412.9
Time=1607249 X=-6964.01 Y=12697.6
Time=1608264 X=-6863.62 Y=13036.5
Time=1609286 X=-6752.44 Y=13411.8
Time=1610302 X=-6641.9 Y=13785
Time=1611298 X=-6533.54 Y=14150.7
Time=1612306 X=-6423.88 Y=14521
Time=1613424 X=-6302.25 Y=14931.6
Time=1614483 X=-6236.06 Y=15155
Time=1615454 X=-6236.06 Y=15155
Time=1616449 X=-6236.06 Y=15155
Time=1617526 X=-6236.06 Y=15155
Time=1618553 X=-6236.06 Y=15155
Time=1619615 X=-6236.06 Y=15155
Time=1620679 X=-6236.06 Y=15155
Time=1621691 X=-6236.06 Y=15155
Time=1622683 X=-6236.06 Y=15155
Time=1623715 X=-6236.06 Y=15155
Time=1624725 X=-6236.06 Y=15155
Time=1625788 X=-6236.06 Y=15155
Time=1626849 X=-6236.06 Y=15155
Time=1627864 X=-6236.06 Y=15155
Time=1628976 X=-6236.06 Y=15155
Time=1629963 X=-6236.06 Y=15155
Time=1631031 X=-6236.06 Y=15155
Time=1632089 X=-6199.54 Y=15321.5
Time=1633020 X=-6123.77 Y=15670
Time=1634051 X=-6039.85 Y=16055.9
Time=1635175 X=-6022.61 Y=16135.1
Time=1636143 X=-5990.6 Y=15886.2
Time=1637142 X=-5956.19 Y=15505.1
Time=1638203 X=-5923.42 Y=15142.2
Time=1639270 X=-5890.09 Y=14773
Time=1640316 X=-5854.07 Y=14374
Time=1641323 X=-5830.11 Y=14108.7
Time=1642372 X=-5756.04 Y=14453.4
Time=1643421 X=-5687.98 Y=14849.4
Time=1644470 X=-5619.92 Y=15245.4
Time=1645518 X=-5466.39 Y=15179.3
Time=1646530 X=-5194.32 Y=14903.2
Time=1647497 X=-4977.84 Y=14683.5
Time=1648545 X=-4696.1 Y=14397.5
Time=1649620 X=-4407.1 Y=14104.2
Time=1650650 X=-4130.19 Y=13823.2
Time=1651670 X=-3855.98 Y=13544.9
Time=1652697 X=-3579.88 Y=13264.7
Time=1653703 X=-3309.43 Y=12990.2
Time=1654783 X=-3040.47 Y=12717.2
Time=1655783 X=-3044.66 Y=12408.8
Time=1656808 X=-3059.24 Y=12072.9
Time=1657866 X=-3076.81 Y=11668
Time=1658949 X=-3094.8 Y=11253.5
Time=1659995 X=-3112.18 Y=10853.3
Time=1661046 X=-3129.63 Y=10451.1
Time=1662054 X=-3144.62 Y=10105.9
Time=1663090 X=-3161.82 Y=9709.42
Time=1664065 X=-3178.02 Y=9336.3
Time=1665115 X=-3195.46 Y=8934.49
Time=1666128 X=-3212.29 Y=8546.84
Time=1667146 X=-3229.2 Y=8157.27
Time=1668145 X=-3245.79 Y=7774.97
Time=1669253 X=-3072.78 Y=7442.59
Time=1670238 X=-2732.5 Y=7433.43
Time=1671323 X=-2349.77 Y=7449.44
Time=1672381 X=-2438.16 Y=7418.99
Time=1673399 X=-2831.01 Y=7421.89
Time=1674389 X=-3183.45 Y=7499.24
Time=1675438 X=-3216.16 Y=7891.15
Time=1676439 X=-3128.31 Y=8267.51
Time=1677507 X=-3030.35 Y=8667.86
Time=1678478 X=-2941.28 Y=9031.85
Time=1679512 X=-2807.68 Y=9403
Time=1680549 X=-2499.65 Y=9627.28
Time=1681530 X=-2125.73 Y=9667.73
Time=1682557 X=-1784.81 Y=9703.72
Time=1683607 X=-1384.84 Y=9745.95
Time=1684592 X=-1009.63 Y=9785.56
Time=1685683 X=-707.759 Y=9718.94
Time=1686723 X=-357.384 Y=9529.39
Time=1687736 X=-16.1053 Y=9344.76
Time=1688788 X=338.312 Y=9153.02
Time=1689810 X=682.623 Y=8966.75
Time=1690879 X=981.914 Y=8804.84
Time=1691926 X=1334.65 Y=8614.01
Time=1693047 X=1712.31 Y=8409.7
Time=1693925 X=2031.64 Y=8314.25
Time=1695044 X=2453 Y=8235.74
Time=1696031 X=2823.38 Y=8161.18
Time=1697045 X=3093.59 Y=8075.64
Time=1698110 X=3177.39 Y=8064.65
Time=1699191 X=3269.29 Y=8012.12
Time=1700248 X=3343 Y=7970
Time=1701294 X=3343 Y=7970
Time=1702369 X=3343 Y=7970
Time=1703420 X=3343 Y=7970
Time=1704429 X=3343 Y=7970
Time=1705604 X=3343 Y=7970
Time=1706680 X=3343 Y=7970
Time=1707696 X=3343 Y=7970
Time=1708760 X=3343 Y=7970
Time=1709770 X=3343 Y=7970
Time=1710798 X=3343 Y=7970
Time=1711834 X=3343 Y=7970
Time=1712928 X=3343 Y=7970
Time=1713994 X=3343 Y=7970
Time=1715034 X=3343 Y=7970
Time=1716081 X=3343 Y=7970
Time=1717138 X=3343 Y=7970
Time=1718160 X=3343 Y=7970
Time=1719247 X=3343 Y=7970
Time=1720263 X=3343 Y=7970
Time=1721268 X=3343 Y=7970
Time=1722320 X=3343 Y=7970
Time=1723324 X=3343 Y=7970
Time=1724315 X=3343 Y=7970
Time=1725432 X=3343 Y=7970
Time=1726466 X=3343 Y=7970
Time=1727515 X=3343 Y=7970
Time=1728561 X=3256.2 Y=7989.03
Time=1729540 X=2948.77 Y=8114.38
Time=1730637 X=2948.77 Y=8114.38
Time=1731705 X=2948.77 Y=8114.38
Time=1732766 X=2948.77 Y=8114.38
Time=1733978 X=2948.77 Y=8114.38
Time=1735060 X=2948.77 Y=8114.38
Time=1736159 X=2948.77 Y=8114.38
Time=1737146 X=2936.58 Y=8026.15
Time=1738253 X=2960.31 Y=7734.54
Time=1739258 X=2792.97 Y=7886.42
Time=1740316 X=2711.83 Y=7960.25
Time=1741248 X=2895.58 Y=7907.64
Time=1742374 X=3286.72 Y=7795.65
Time=1743346 X=3611.39 Y=7702.69
Time=1744428 X=4009.82 Y=7588.61
Time=1745618 X=4448.03 Y=7463.14
Time=1746547 X=4790.13 Y=7365.19
Time=1747582 X=5171.26 Y=7256.06
Time=1748712 X=5587.86 Y=7138.64
Time=1749711 X=5950.85 Y=7019.68
Time=1750745 X=6261.88 Y=6886.91
Time=1751778 X=6354.91 Y=6847.2
Time=1752765 X=6670.38 Y=6869.18
Time=1753851 X=6720 Y=6896
Time=1754851 X=6720 Y=6896
Time=1755804 X=6720 Y=6896
Time=1756968 X=6720 Y=6896
Time=1757830 X=6720 Y=6896
Time=1758993 X=6720 Y=6896
Time=1760035 X=6720 Y=6896
Time=1761066 X=6720 Y=6896
Time=1762079 X=6720 Y=6896
Time=1763137 X=6720 Y=6896
Time=1764139 X=6720 Y=6896
Time=1765160 X=6720 Y=6896
Time=1766156 X=6720 Y=6896
Time=1767174 X=6720 Y=6896
Time=1768190 X=6720 Y=6896
Time=1769233 X=6720 Y=6896
Time=1770342 X=6720 Y=6896
Time=1771361 X=6720 Y=6896
Time=1772353 X=6720 Y=6896
Time=1773421 X=6720 Y=6896
Time=1774432 X=6720 Y=6896
Time=1775434 X=6720 Y=6896
Time=1776460 X=6720 Y=6896
Time=1777480 X=6720 Y=6896
Time=1778502 X=6720 Y=6896
Time=1779592 X=6720 Y=6896
Time=1780598 X=6720 Y=6896
Time=1781642 X=6720 Y=6896
Time=1782697 X=6841.76 Y=6715.23
Time=1783726 X=7087.7 Y=6409.15
Time=1784795 X=7143.27 Y=6351.52
Time=1785838 X=7143.27 Y=6351.52
Time=1786832 X=7143.27 Y=6351.52
Time=1787876 X=7143.27 Y=6351.52
Time=1788888 X=7143.27 Y=6351.52
Time=1789935 X=7143.27 Y=6351.52
Time=1791000 X=7143.27 Y=6351.52
Time=1792022 X=7143.27 Y=6351.52
Time=1793070 X=7143.27 Y=6351.52
Time=1794060 X=7143.27 Y=6351.52
Time=1795137 X=7143.27 Y=6351.52
Time=1796069 X=7143.27 Y=6351.52
Time=1797167 X=7143.27 Y=6351.52
Time=1798216 X=7143.27 Y=6351.52
Time=1799201 X=7143.27 Y=6351.52
Time=1800245 X=7143.27 Y=6351.52
Time=1801261 X=7143.27 Y=6351.52
Time=1802307 X=7143.27 Y=6351.52
Time=1803315 X=7143.27 Y=6351.52
Time=1804366 X=7143.27 Y=6351.52
Time=1805393 X=7143.27 Y=6351.52
Time=1806406 X=7143.27 Y=6351.52
Time=1807425 X=7143.27 Y=6351.52
Time=1808455 X=7143.27 Y=6351.52
Time=1809519 X=7143.27 Y=6351.52
Time=1810552 X=7028.01 Y=6429.26
Time=1811559 X=6874.52 Y=6675.33
Time=1812618 X=6831.84 Y=6743.75
Time=1813632 X=6831.84 Y=6743.75
Time=1814660 X=6831.84 Y=6743.75
Time=1815659 X=6831.84 Y=6743.75
Time=1816692 X=6831.84 Y=6743.75
Time=1817701 X=6918.81 Y=6582.61
Time=1818752 X=7147.57 Y=6251.34
Time=1819774 X=7370.01 Y=5929.21
Time=1820823 X=7323.83 Y=5979.31
Time=1821784 X=7095.84 Y=6268.31
Time=1822829 X=6846.38 Y=6584.54
Time=1823789 X=6617.72 Y=6874.4
Time=1824986 X=6582.97 Y=6918.45
Time=1826028 X=6582.97 Y=6918.45
Time=1826915 X=6582.97 Y=6918.45
Time=1828045 X=6582.97 Y=6918.45
Time=1829128 X=6582.97 Y=6918.45
Time=1830078 X=6582.97 Y=6918.45
Time=1831131 X=6582.97 Y=6918.45
Time=1832152 X=6582.97 Y=6918.45
Time=1833224 X=6582.97 Y=6918.45
Time=1834251 X=6582.97 Y=6918.45
Time=1835260 X=6582.97 Y=6918.45
Time=1836291 X=6582.97 Y=6918.45
Time=1837305 X=6264.35 Y=6925.11
Time=1838416 X=6216.48 Y=6926.1
Time=1839432 X=6451.57 Y=6660.42
Time=1840446 X=6723.84 Y=6383.43
Time=1841503 X=7007.66 Y=6094.69
Time=1842494 X=7266.85 Y=5817.75
Time=1843542 X=7521.48 Y=5507.43
Time=1844554 X=7730.37 Y=5252.85
Time=1845581 X=7981.78 Y=4946.45
Time=1846609 X=8315.14 Y=4762.31
Time=1847659 X=8562.31 Y=4629.36
Time=1848633 X=8757.51 Y=4307.98
Time=1849612 X=8963.67 Y=3991.37
Time=1850746 X=9213.47 Y=3954.67
Time=1851836 X=9237.12 Y=3927.83
Time=1852803 X=9240.48 Y=3890.46
Time=1853812 X=9379.33 Y=3584.48
Time=1854838 X=9570.34 Y=3360.6
Time=1855826 X=9582.62 Y=3349.23
Time=1856824 X=9613.64 Y=3155.49
Time=1857780 X=9725.8 Y=2821
Time=1858991 X=9900.78 Y=3074.42
Time=1859964 X=9952.15 Y=3148.82
Time=1860897 X=9952.15 Y=3148.82
Time=1862017 X=9952.15 Y=3148.82
Time=1863129 X=9952.15 Y=3148.82
Time=1864130 X=9952.15 Y=3148.82
Time=1865113 X=9952.15 Y=3148.82
Time=1866184 X=9952.15 Y=3148.82
Time=1867201 X=9952.15 Y=3148.82
Time=1868225 X=9952.15 Y=3148.82
Time=1869270 X=9952.15 Y=3148.82
Time=1870274 X=9952.15 Y=3148.82
Time=1871319 X=9952.15 Y=3148.82
Time=1872333 X=9952.15 Y=3148.82
Time=1873355 X=9952.15 Y=3148.82
Time=1874368 X=9952.15 Y=3148.82
Time=1875370 X=9952.15 Y=3148.82
Time=1876406 X=9952.15 Y=3148.82
Time=1877434 X=9952.15 Y=3148.82
Time=1878459 X=9952.15 Y=3148.82
Time=1879484 X=9952.15 Y=3148.82
Time=1880480 X=9952.15 Y=3148.82
Time=1881470 X=9952.15 Y=3148.82
Time=1882519 X=9952.15 Y=3148.82
Time=1883539 X=9952.15 Y=3148.82
Time=1884551 X=9952.15 Y=3148.82
Time=1885579 X=9952.15 Y=3148.82
Time=1886605 X=9952.15 Y=3148.82
Time=1887618 X=9952.15 Y=3148.82
Time=1888642 X=9952.15 Y=3148.82
Time=1889666 X=9952.15 Y=3148.82
Time=1890665 X=9952.15 Y=3148.82
Time=1891719 X=9952.15 Y=3148.82
Time=1892736 X=9952.15 Y=3148.82
Time=1893728 X=9952.15 Y=3148.82
Time=1894772 X=9952.15 Y=3148.82
Time=1895813 X=9952.15 Y=3148.82
Time=1896817 X=9952.15 Y=3148.82
Time=1897814 X=9952.15 Y=3148.82
Time=1898830 X=9952.15 Y=3148.82
Time=1899826 X=9952.15 Y=3148.82
Time=1900851 X=9952.15 Y=3148.82
Time=1901874 X=9952.15 Y=3148.82
Time=1902903 X=9952.15 Y=3148.82
Time=1903924 X=9952.15 Y=3148.82
Time=1904927 X=9952.15 Y=3148.82
Time=1905953 X=9952.15 Y=3148.82
Time=1906988 X=9952.15 Y=3148.82
Time=1907988 X=9952.15 Y=3148.82
Time=1909005 X=9952.15 Y=3148.82
Time=1910018 X=9952.15 Y=3148.82
Time=1911043 X=9952.15 Y=3148.82
Time=1912054 X=9952.15 Y=3148.82
Time=1913084 X=9952.15 Y=3148.82
Time=1914090 X=9952.15 Y=3148.82
Time=1915129 X=9952.15 Y=3148.82
Time=1916091 X=9952.15 Y=3148.82
Time=1917179 X=9952.15 Y=3148.82
Time=1918117 X=9952.15 Y=3148.82
Time=1919227 X=9952.15 Y=3148.82
Time=1920223 X=9952.15 Y=3148.82
Time=1921229 X=9952.15 Y=3148.82
Time=1922257 X=9952.15 Y=3148.82
Time=1923286 X=9952.15 Y=3148.82
Time=1924304 X=9952.15 Y=3148.82
Time=1925285 X=9952.15 Y=3148.82
Time=1926326 X=9952.15 Y=3148.82
Time=1927452 X=9952.15 Y=3148.82
Time=1928426 X=9952.15 Y=3148.82
Time=1929443 X=9952.15 Y=3148.82
Time=1930450 X=9952.15 Y=3148.82
Time=1931479 X=9952.15 Y=3148.82
Time=1932495 X=9952.15 Y=3148.82
Time=1933515 X=9952.15 Y=3148.82
Time=1934532 X=9952.15 Y=3148.82
Time=1935542 X=9952.15 Y=3148.82
Time=1936549 X=9952.15 Y=3148.82
Time=1937566 X=9952.15 Y=3148.82
Time=1938595 X=9952.15 Y=3148.82
Time=1939606 X=9952.15 Y=3148.82
Time=1940629 X=9952.15 Y=3148.82
Time=1941646 X=9952.15 Y=3148.82
Time=1942669 X=9952.15 Y=3148.82
Time=1943691 X=9952.15 Y=3148.82
Time=1944705 X=9952.15 Y=3148.82
Time=1945701 X=9952.15 Y=3148.82
Time=1946727 X=9952.15 Y=3148.82
Time=1947768 X=9952.15 Y=3148.82
Time=1948791 X=9952.15 Y=3148.82
Time=1949736 X=9952.15 Y=3148.82
Time=1950709 X=9952.15 Y=3148.82
Time=1951811 X=9952.15 Y=3148.82
Time=1953026 X=9952.15 Y=3148.82
Time=1953837 X=9952.15 Y=3148.82
Time=1954966 X=9952.15 Y=3148.82
Time=1955903 X=9952.15 Y=3148.82
Time=1956910 X=9952.15 Y=3148.82
Time=1957918 X=9952.15 Y=3148.82
Time=1958947 X=9952.15 Y=3148.82
Time=1959976 X=9952.15 Y=3148.82
Time=1960974 X=9952.15 Y=3148.82
Time=1961971 X=9952.15 Y=3148.82
Time=1963009 X=9952.15 Y=3148.82
Time=1964010 X=9952.15 Y=3148.82
Time=1965042 X=9952.15 Y=3148.82
Time=1966078 X=9952.15 Y=3148.82
Time=1966902 X=9952.15 Y=3148.82
Time=1968209 X=9952.15 Y=3148.82
Time=1969163 X=9952.15 Y=3148.82
Time=1970179 X=9952.15 Y=3148.82
Time=1971209 X=9952.15 Y=3148.82
Time=1972166 X=9952.15 Y=3148.82
Time=1973247 X=9952.15 Y=3148.82
Time=1974235 X=9952.15 Y=3148.82
Time=1975573 X=9952.15 Y=3148.82
Time=1976625 X=9952.15 Y=3148.82
Time=1977541 X=9952.15 Y=3148.82
Time=1978617 X=9952.15 Y=3148.82
Time=1979706 X=9952.15 Y=3148.82
Time=1980504 X=9952.15 Y=3148.82
Time=1981780 X=9952.15 Y=3148.82
Time=1982734 X=9952.15 Y=3148.82
Time=1983780 X=9952.15 Y=3148.82
Time=1984795 X=9952.15 Y=3148.82
Time=1985797 X=9952.15 Y=3148.82
Time=1986817 X=9952.15 Y=3148.82
Time=1987809 X=9952.15 Y=3148.82
Time=1988827 X=9952.15 Y=3148.82
Time=1989826 X=9952.15 Y=3148.82
Time=1990862 X=9952.15 Y=3148.82
Time=1991876 X=9952.15 Y=3148.82
Time=1992882 X=9952.15 Y=3148.82
Time=1993880 X=9952.15 Y=3148.82
Time=1994908 X=9952.15 Y=3148.82
Time=1995923 X=9952.15 Y=3148.82
Time=1996958 X=9952.15 Y=3148.82
Time=1997971 X=9952.15 Y=3148.82
Time=1998983 X=9952.15 Y=3148.82
Time=1999997 X=9952.15 Y=3148.82
Time=2001019 X=9952.15 Y=3148.82
Time=2002026 X=9952.15 Y=3148.82
Time=2003033 X=9952.15 Y=3148.82
Time=2003989 X=9952.15 Y=3148.82
Time=2005076 X=9952.15 Y=3148.82
Time=2006117 X=9952.15 Y=3148.82
Time=2007199 X=9952.15 Y=3148.82
Time=2008142 X=9952.15 Y=3148.82
Time=2009118 X=9952.15 Y=3148.82
Time=2010118 X=9952.15 Y=3148.82
Time=2011174 X=9952.15 Y=3148.82
Time=2012265 X=9952.15 Y=3148.82
Time=2013235 X=9952.15 Y=3148.82
Time=2014229 X=9952.15 Y=3148.82
Time=2015225 X=9952.15 Y=3148.82
Time=2016245 X=9952.15 Y=3148.82
Time=2017263 X=9952.15 Y=3148.82
Time=2018266 X=9952.15 Y=3148.82
Time=2019297 X=9952.15 Y=3148.82
Time=2020290 X=9952.15 Y=3148.82
Time=2021310 X=9952.15 Y=3148.82
Time=2022327 X=9952.15 Y=3148.82
Time=2023325 X=9952.15 Y=3148.82
Time=2024328 X=9952.15 Y=3148.82
Time=2025330 X=9952.15 Y=3148.82
Time=2026350 X=9952.15 Y=3148.82
Time=2027353 X=9952.15 Y=3148.82
Time=2028381 X=9952.15 Y=3148.82
Time=2029396 X=9952.15 Y=3148.82
Time=2030407 X=9952.15 Y=3148.82
Time=2031431 X=9952.15 Y=3148.82
Time=2032454 X=9952.15 Y=3148.82
Time=2033474 X=9952.15 Y=3148.82
Time=2034481 X=9952.15 Y=3148.82
Time=2035458 X=9952.15 Y=3148.82
Time=2036570 X=9952.15 Y=3148.82
Time=2037546 X=9952.15 Y=3148.82
Time=2038601 X=9952.15 Y=3148.82
Time=2039605 X=9952.68 Y=3148.77
Time=2040605 X=9952.68 Y=3148.77
Time=2041634 X=9952.68 Y=3148.77
Time=2042661 X=9906.99 Y=3152.51
Time=2043674 X=9827.61 Y=3133.65
Time=2044699 X=9860.44 Y=3174.42
Time=2045716 X=9860.44 Y=3174.42
Time=2046732 X=9860.44 Y=3174.42
Time=2047764 X=9860.44 Y=3174.42
Time=2048793 X=9897.75 Y=3154.72
Time=2049809 X=10199.9 Y=3056.23
Time=2050836 X=10248.7 Y=3036.09
Time=2051859 X=10301 Y=3043.04
Time=2052861 X=10301 Y=3043.04
Time=2053890 X=10301 Y=3043.04
Time=2054904 X=10301 Y=3043.04
Time=2055919 X=10301 Y=3043.04
Time=2056926 X=10301 Y=3043.04
Time=2057966 X=10301 Y=3043.04
Time=2058975 X=10364.9 Y=2908.03
Time=2059982 X=10528.7 Y=2561.8
Time=2060984 X=10710.8 Y=2224.14
Time=2062023 X=10907.9 Y=1878.41
Time=2063023 X=11118 Y=1558.3
Time=2064073 X=11431.4 Y=1317.68
Time=2065098 X=11757.3 Y=1098.93
Time=2066148 X=12131.7 Y=955.545
Time=2067169 X=12508.9 Y=852.334
Time=2068186 X=12799.3 Y=775.732
Time=2069202 X=12861.3 Y=784.623
Time=2070235 X=12861.3 Y=784.623
Time=2071247 X=12861.3 Y=784.623
Time=2072293 X=12861.3 Y=784.623
Time=2073308 X=12861.3 Y=784.623
Time=2074337 X=12861.3 Y=784.623
Time=2075364 X=12861.3 Y=784.623
Time=2076366 X=12861.3 Y=784.623
Time=2077370 X=12861.3 Y=784.623
Time=2078395 X=12861.3 Y=784.623
Time=2079392 X=12861.3 Y=784.623
Time=2080430 X=12861.3 Y=784.623
Time=2081460 X=12861.3 Y=784.623
Time=2082491 X=12861.3 Y=784.623
Time=2083507 X=12861.3 Y=784.623
Time=2084524 X=12861.3 Y=784.623
Time=2085535 X=12861.3 Y=784.623
Time=2086557 X=12861.3 Y=784.623
Time=2087581 X=12861.3 Y=784.623
Time=2088579 X=12861.3 Y=784.623
Time=2089590 X=12861.3 Y=784.623
Time=2090587 X=12861.3 Y=784.623
Time=2091652 X=12861.3 Y=784.623
Time=2092629 X=12861.3 Y=784.623
Time=2093661 X=12861.3 Y=784.623
Time=2094755 X=12861.3 Y=784.623
Time=2095726 X=12861.3 Y=784.623
Time=2096736 X=12861.3 Y=784.623
Time=2097792 X=12861.3 Y=784.623
Time=2098814 X=12861.3 Y=784.623
Time=2099768 X=12843.9 Y=806.434
Time=2100846 X=12790.3 Y=852.851
Time=2101879 X=12790.3 Y=852.851
Time=2102893 X=12790.3 Y=852.851
Time=2103926 X=12790.3 Y=852.851
Time=2104923 X=12790.3 Y=852.851
Time=2105960 X=12790.3 Y=852.851
Time=2106981 X=12790.3 Y=852.851
Time=2108022 X=12790.3 Y=852.851
Time=2109030 X=12790.3 Y=852.851
Time=2110039 X=12790.3 Y=852.851
Time=2111050 X=12790.3 Y=852.851
Time=2112060 X=12790.3 Y=852.851
Time=2113095 X=12790.3 Y=852.851
Time=2114202 X=12790.3 Y=852.851
Time=2115194 X=12790.3 Y=852.851
Time=2116249 X=12790.3 Y=852.851
Time=2117265 X=12790.3 Y=852.851
Time=2118256 X=12790.3 Y=852.851
Time=2119293 X=12790.3 Y=852.851
Time=2120269 X=12790.3 Y=852.851
Time=2121346 X=12790.3 Y=852.851
Time=2122349 X=12790.3 Y=852.851
Time=2123360 X=12790.3 Y=852.851
Time=2124311 X=12790.3 Y=852.851
Time=2125573 X=12790.3 Y=852.851
Time=2126594 X=12790.3 Y=852.851
Time=2127583 X=12790.3 Y=852.851
Time=2128568 X=12790.3 Y=852.851
Time=2129563 X=12790.3 Y=852.851
Time=2130600 X=12790.3 Y=852.851
Time=2131602 X=12790.3 Y=852.851
Time=2132571 X=12790.3 Y=852.851
Time=2133631 X=12790.3 Y=852.851
Time=2134651 X=12790.3 Y=852.851
Time=2135460 X=12790.3 Y=852.851
Time=2136741 X=12790.3 Y=852.851
Time=2137685 X=12790.3 Y=852.851
Time=2138706 X=12790.3 Y=852.851
Time=2139723 X=12790.3 Y=852.851
Time=2140725 X=12790.3 Y=852.851
Time=2141746 X=12790.3 Y=852.851
Time=2142742 X=12790.3 Y=852.851
Time=2143760 X=12790.3 Y=852.851
Time=2144788 X=12790.3 Y=852.851
Time=2145818 X=12790.3 Y=852.851
Time=2146846 X=12790.3 Y=852.851
Time=2147877 X=12790.3 Y=852.851
Time=2148863 X=12790.3 Y=852.851
Time=2149884 X=12790.3 Y=852.851
Time=2150886 X=12790.3 Y=852.851
Time=2151885 X=12790.3 Y=852.851
Time=2152938 X=12790.3 Y=852.851
Time=2153948 X=12790.3 Y=852.851
Time=2154955 X=12790.3 Y=852.851
Time=2155968 X=12790.3 Y=852.851
Time=2157015 X=12790.3 Y=852.851
Time=2158001 X=12790.3 Y=852.851
Time=2158911 X=12790.3 Y=852.851
Time=2160150 X=12790.3 Y=852.851
Time=2161438 X=12790.3 Y=852.851
Time=2162462 X=12790.3 Y=852.851
Time=2163448 X=12790.3 Y=852.851
Time=2164525 X=12790.3 Y=852.851
Time=2165542 X=12790.3 Y=852.851
Time=2166541 X=12790.3 Y=852.851
Time=2167572 X=12790.3 Y=852.851
Time=2168564 X=12790.3 Y=852.851
Time=2169628 X=12790.3 Y=852.851
Time=2170611 X=12790.3 Y=852.851
Time=2171599 X=12790.3 Y=852.851
Time=2172678 X=12790.3 Y=852.851
Time=2173666 X=12944.4 Y=775.796
Time=2174693 X=13313 Y=661.547
Time=2175714 X=13701.3 Y=614.924
Time=2176724 X=14080 Y=645.637
Time=2177748 X=14438.2 Y=805.367
Time=2178761 X=14797.2 Y=951.976
Time=2179793 X=15180.8 Y=1047.11
Time=2180810 X=15373.4 Y=1104.89
Time=2181849 X=15373.4 Y=1104.89
Time=2182871 X=15373.4 Y=1104.89
Time=2183878 X=15373.4 Y=1104.89
Time=2184914 X=15373.4 Y=1104.89
Time=2185979 X=15250.2 Y=1173.21
Time=2186987 X=14959.1 Y=1334.63
Time=2188020 X=14613 Y=1526.51
Time=2189070 X=14590 Y=1674
Time=2190080 X=14665 Y=2127.63
Time=2191110 X=14653.7 Y=2482.94
Time=2192158 X=14621.2 Y=2783.01
Time=2193172 X=14589.6 Y=3073.33
Time=2194192 X=14557.9 Y=3365.38
Time=2195210 X=14526.3 Y=3656.85
Time=2196228 X=14493.6 Y=3948.44
Time=2197253 X=14437.9 Y=4238.34
Time=2198262 X=14559.5 Y=4174.8
Time=2199309 X=14745.4 Y=3973.98
Time=2200311 X=14855.4 Y=3899.61
Time=2201363 X=14929.6 Y=3776.86
Time=2202385 X=14949.2 Y=3631.29
Time=2203399 X=14960.5 Y=3485.73
Time=2204428 X=14956.9 Y=3292.68
Time=2205431 X=14992.4 Y=3031.55
Time=2206454 X=14992.4 Y=3031.55
Time=2207484 X=14992.4 Y=3031.55
Time=2208514 X=14992.4 Y=3031.55
Time=2209550 X=14992.4 Y=3031.55
Time=2210561 X=14992.4 Y=3031.55
Time=2211588 X=14992.4 Y=3031.55
Time=2212609 X=14992.4 Y=3031.55
Time=2213601 X=14992.4 Y=3031.55
Time=2214667 X=14992.4 Y=3031.55
Time=2215668 X=14992.4 Y=3031.55
Time=2216690 X=14992.4 Y=3031.55
Time=2217730 X=14992.4 Y=3031.55
Time=2218748 X=14992.4 Y=3031.55
Time=2219760 X=14992.4 Y=3031.55
Time=2220761 X=14992.4 Y=3031.55
Time=2221783 X=14992.4 Y=3031.55
Time=2222802 X=14992.4 Y=3031.55
Time=2223821 X=14992.4 Y=3031.55
Time=2224826 X=15160 Y=3148.15
Time=2225841 X=15262.9 Y=3410.86
Time=2226850 X=15234.5 Y=3519.73
Time=2227881 X=15234.5 Y=3519.73
Time=2228881 X=15234.5 Y=3519.73
Time=2229892 X=15234.5 Y=3519.73
Time=2230919 X=15234.5 Y=3519.73
Time=2231945 X=15234.5 Y=3519.73
Time=2232943 X=15234.5 Y=3519.73
Time=2233973 X=15234.5 Y=3519.73
Time=2234980 X=15234.5 Y=3519.73
Time=2236009 X=15234.5 Y=3519.73
Time=2237006 X=15234.5 Y=3519.73
Time=2238046 X=15234.5 Y=3519.73
Time=2239061 X=15234.5 Y=3519.73
Time=2240087 X=15234.5 Y=3519.73
Time=2241100 X=15234.5 Y=3519.73
Time=2242132 X=15234.5 Y=3519.73
Time=2243153 X=15234.5 Y=3519.73
Time=2244175 X=15234.5 Y=3519.73
Time=2245203 X=15234.5 Y=3519.73
Time=2246228 X=15234.5 Y=3519.73
Time=2247279 X=15234.5 Y=3519.73
Time=2248282 X=15234.5 Y=3519.73
Time=2249297 X=15234.5 Y=3519.73
Time=2250347 X=15234.5 Y=3519.73
Time=2251355 X=15234.5 Y=3519.73
Time=2252367 X=15234.5 Y=3519.73
Time=2253413 X=15234.5 Y=3519.73
Time=2254424 X=15234.5 Y=3519.73
Time=2255435 X=15234.5 Y=3519.73
Time=2256434 X=15234.5 Y=3519.73
Time=2257458 X=15234.5 Y=3519.73
Time=2258470 X=15234.5 Y=3519.73
Time=2259478 X=15234.5 Y=3519.73
Time=2260484 X=15234.5 Y=3519.73
Time=2261499 X=15234.5 Y=3519.73
Time=2262522 X=15234.5 Y=3519.73
Time=2263555 X=15234.5 Y=3519.73
Time=2264559 X=15234.5 Y=3519.73
Time=2265580 X=15234.5 Y=3519.73
Time=2266607 X=15234.5 Y=3519.73
Time=2267592 X=15483.2 Y=3803.52
Time=2268631 X=15704.3 Y=4055.97
Time=2269711 X=15899 Y=4278.23
Time=2270697 X=15854.1 Y=4285.31
Time=2271715 X=15636.3 Y=4595.71
Time=2272731 X=15437.1 Y=4928.48
Time=2273747 X=15211.9 Y=5229.04
Time=2274740 X=15034.8 Y=5453.46
Time=2275788 X=14816.3 Y=5661.64
Time=2276777 X=14602.8 Y=5850.08
Time=2277818 X=14465.7 Y=5980.75
Time=2278867 X=14303.1 Y=6145.24
Time=2279866 X=14303.1 Y=6145.24
Time=2280869 X=14303.1 Y=6145.24
Time=2281895 X=14303.1 Y=6145.24
Time=2282878 X=14303.1 Y=6145.24
Time=2283916 X=14303.1 Y=6145.24
Time=2284919 X=14303.1 Y=6145.24
Time=2285963 X=14303.1 Y=6145.24
Time=2286980 X=14303.1 Y=6145.24
Time=2288017 X=14303.1 Y=6145.24
Time=2289010 X=14303.1 Y=6145.24
Time=2290023 X=14303.1 Y=6145.24
Time=2291020 X=14303.1 Y=6145.24
Time=2292072 X=14303.1 Y=6145.24
Time=2293068 X=14303.1 Y=6145.24
Time=2294394 X=14303.1 Y=6145.24
Time=2295515 X=14303.1 Y=6145.24
Time=2296348 X=14303.1 Y=6145.24
Time=2297531 X=14303.1 Y=6145.24
Time=2298531 X=14303.1 Y=6145.24
Time=2299596 X=14303.1 Y=6145.24
Time=2300738 X=14303.1 Y=6145.24
Time=2301622 X=14303.1 Y=6145.24
Time=2302936 X=14303.1 Y=6145.24
Time=2303920 X=14303.1 Y=6145.24
Time=2305035 X=14303.1 Y=6145.24
Time=2305976 X=14303.1 Y=6145.24
Time=2306953 X=14303.1 Y=6145.24
Time=2308024 X=14303.1 Y=6145.24
Time=2308910 X=14303.1 Y=6145.24
Time=2310111 X=14303.1 Y=6145.24
Time=2311210 X=14303.1 Y=6145.24
Time=2312321 X=14303.1 Y=6145.24
Time=2313283 X=14303.1 Y=6145.24
Time=2314386 X=14303.1 Y=6145.24
Time=2315348 X=14303.1 Y=6145.24
Time=2316378 X=14303.1 Y=6145.24
Time=2317382 X=14212.4 Y=6237.03
Time=2318406 X=13946.5 Y=6523.17
Time=2319398 X=13636.4 Y=6741.95
Time=2320429 X=13271 Y=6787.22
Time=2321451 X=13012.2 Y=6555.75
Time=2322490 X=12687.4 Y=6326.11
Time=2323487 X=12382.1 Y=6096.68
Time=2324506 X=12072.7 Y=5858.71
Time=2325512 X=11786.6 Y=5639.06
Time=2326540 X=11544.3 Y=5469.42
Time=2327568 X=11292.7 Y=5313.38
Time=2328602 X=11080.8 Y=5239.85
Time=2329619 X=11011.2 Y=5129
Time=2330630 X=10996.3 Y=4985.65
Time=2331635 X=10912.8 Y=4869.36
Time=2332659 X=10819.4 Y=4755.31
Time=2333643 X=10710.5 Y=4622.44
Time=2334668 X=10595.9 Y=4393.78
Time=2335678 X=10595.9 Y=4393.78
Time=2336752 X=10595.9 Y=4393.78
Time=2337765 X=10558.2 Y=4283.4
Time=2338779 X=10463.9 Y=4007.01
Time=2339790 X=10411.7 Y=3854.07
Time=2340776 X=10411.7 Y=3854.07
Time=2341822 X=10411.7 Y=3854.07
Time=2342826 X=10411.7 Y=3854.07
Time=2343855 X=10411.7 Y=3854.07
Time=2344901 X=10411.7 Y=3854.07
Time=2345914 X=10411.7 Y=3854.07
Time=2346933 X=10411.7 Y=3854.07
Time=2347946 X=10411.7 Y=3854.07
Time=2348961 X=10411.7 Y=3854.07
Time=2349940 X=10411.7 Y=3854.07
Time=2350987 X=10411.7 Y=3854.07
Time=2352025 X=10378.3 Y=3857.64
Time=2353053 X=10427.4 Y=3852.38
Time=2354059 X=10427.4 Y=3852.38
Time=2355070 X=10432.8 Y=3857.84
Time=2356091 X=10407.4 Y=3854.53
Time=2357085 X=10549.9 Y=3909.94
Time=2358113 X=10724.2 Y=3802.61
Time=2359060 X=10740.7 Y=3794.22
Time=2360089 X=10810.3 Y=3833.09
Time=2361162 X=10891.7 Y=3844.58
Time=2362203 X=11084.2 Y=3519.21
Time=2363211 X=11147.6 Y=3412.09
Time=2364234 X=11147.6 Y=3412.09
Time=2365258 X=11147.6 Y=3412.09
Time=2366285 X=11147.6 Y=3412.09
Time=2367317 X=11147.6 Y=3412.09
Time=2368343 X=11115.1 Y=3521.64
Time=2369376 X=10938.6 Y=3824.6
Time=2370400 X=10714.1 Y=4038.75
Time=2371406 X=10628.9 Y=4406.25
Time=2372415 X=10720.4 Y=4781.01
Time=2373428 X=10976 Y=5068.23
Time=2374459 X=11255.1 Y=5347.68
Time=2375463 X=11528.5 Y=5617.91
Time=2376494 X=11855.8 Y=5783.44
Time=2377502 X=12116 Y=5912.16
Time=2378537 X=12384.7 Y=6040.92
Time=2379556 X=12668.9 Y=6113.06
Time=2380567 X=12959 Y=6136.93
Time=2381579 X=13250 Y=6146.81
Time=2382610 X=13538.7 Y=6079.61
Time=2383634 X=13810.3 Y=6054.14
Time=2384633 X=14059.4 Y=6008.76
Time=2385636 X=14255.9 Y=5797.93
Time=2386644 X=14419.5 Y=5558.77
Time=2387672 X=14537.3 Y=5322.44
Time=2388684 X=14537.3 Y=5322.44
Time=2389689 X=14548.4 Y=5072.7
Time=2390744 X=14561.9 Y=4769.16
Time=2391739 X=14574.6 Y=4482.88
Time=2392783 X=14587.9 Y=4182.51
Time=2393785 X=14600.7 Y=3894.22
Time=2394833 X=14614.1 Y=3592.69
Time=2395863 X=14627.2 Y=3296.34
Time=2396919 X=14640.7 Y=2992.51
Time=2397957 X=14655.6 Y=2656.45
Time=2398961 X=14668.5 Y=2272.11
Time=2399985 X=14645.1 Y=1880.81
Time=2400975 X=14483.1 Y=1548.16
Time=2402019 X=14212.9 Y=1253.21
Time=2403052 X=13950.3 Y=1023.16
Time=2404069 X=13688.3 Y=892.17
Time=2405096 X=13402.2 Y=825.696
Time=2406140 X=13105.6 Y=776.266
Time=2407128 X=13012.8 Y=768
Time=2408144 X=12721.3 Y=792.459
Time=2409162 X=12697.1 Y=794.942
Time=2410178 X=12697.1 Y=794.942
Time=2411200 X=12697.1 Y=794.942
Time=2412216 X=12697.1 Y=794.942
Time=2413248 X=12697.1 Y=794.942
Time=2414265 X=12697.1 Y=794.942
Time=2415308 X=12697.1 Y=794.942
Time=2416273 X=12697.1 Y=794.942
Time=2417346 X=12697.1 Y=794.942
Time=2418474 X=12697.1 Y=794.942
Time=2419436 X=12697.1 Y=794.942
Time=2420482 X=12697.1 Y=794.942
Time=2421508 X=12697.1 Y=794.942
Time=2422532 X=12697.1 Y=794.942
Time=2423549 X=12697.1 Y=794.942
Time=2424587 X=12697.1 Y=794.942
Time=2425606 X=12697.1 Y=794.942
Time=2426620 X=12697.1 Y=794.942
Time=2427621 X=12697.1 Y=794.942
Time=2428616 X=12697.1 Y=794.942
Time=2429660 X=12697.1 Y=794.942
Time=2430649 X=12697.1 Y=794.942
Time=2431654 X=12697.1 Y=794.942
Time=2432696 X=12697.1 Y=794.942
Time=2433691 X=12697.1 Y=794.942
Time=2434722 X=12697.1 Y=794.942
Time=2435771 X=12697.1 Y=794.942
Time=2436787 X=12697.1 Y=794.942
Time=2437809 X=12697.1 Y=794.942
Time=2438821 X=12697.1 Y=794.942
Time=2440029 X=12697.1 Y=794.942
Time=2441141 X=12697.1 Y=794.942
Time=2442075 X=12697.1 Y=794.942
Time=2443094 X=12754.3 Y=789.084
Time=2444127 X=12904.4 Y=773.697
Time=2445397 X=12904.4 Y=773.697
Time=2446442 X=12904.4 Y=773.697
Time=2447435 X=12904.4 Y=773.697
Time=2448482 X=12904.4 Y=773.697
Time=2449475 X=12904.4 Y=773.697
Time=2450479 X=12904.4 Y=773.697
Time=2451497 X=12904.4 Y=773.697
Time=2452531 X=12904.4 Y=773.697
Time=2453576 X=12904.4 Y=773.697
Time=2454583 X=12904.4 Y=773.697
Time=2455668 X=12904.4 Y=773.697
Time=2456721 X=12904.4 Y=773.697
Time=2457748 X=12904.4 Y=773.697
Time=2458766 X=12904.4 Y=773.697
Time=2459747 X=12904.4 Y=773.697
Time=2460762 X=12904.4 Y=773.697
Time=2462079 X=12904.4 Y=773.697
Time=2463129 X=12904.4 Y=773.697
Time=2464110 X=12904.4 Y=773.697
Time=2465119 X=12904.4 Y=773.697
Time=2466150 X=12904.4 Y=773.697
Time=2467181 X=12904.4 Y=773.697
Time=2468200 X=12904.4 Y=773.697
Time=2469227 X=12904.4 Y=773.697
Time=2470241 X=12904.4 Y=773.697
Time=2471215 X=12904.4 Y=773.697
Time=2472223 X=12904.4 Y=773.697
Time=2473275 X=12904.4 Y=773.697
Time=2474304 X=12904.4 Y=773.697
Time=2475333 X=12904.4 Y=773.697
Time=2476310 X=12904.4 Y=773.697
Time=2477290 X=12904.4 Y=773.697
Time=2478366 X=12904.4 Y=773.697
Time=2479368 X=12904.4 Y=773.697
Time=2480612 X=12904.4 Y=773.697
Time=2481663 X=12904.4 Y=773.697
Time=2482667 X=12904.4 Y=773.697
Time=2483481 X=12904.4 Y=773.697
Time=2484846 X=12904.4 Y=773.697
Time=2485808 X=12904.4 Y=773.697
Time=2486873 X=12904.4 Y=773.697
Time=2487917 X=12904.4 Y=773.697
Time=2488919 X=12904.4 Y=773.697
Time=2489937 X=12904.4 Y=773.697
Time=2490967 X=12904.4 Y=773.697
Time=2491984 X=12904.4 Y=773.697
Time=2493018 X=12904.4 Y=773.697
Time=2494034 X=12904.4 Y=773.697
Time=2495037 X=12904.4 Y=773.697
Time=2496056 X=12904.4 Y=773.697
Time=2497077 X=12904.4 Y=773.697
Time=2498107 X=12904.4 Y=773.697
Time=2499117 X=12904.4 Y=773.697
Time=2500120 X=12904.4 Y=773.697
Time=2501132 X=12904.4 Y=773.697
Time=2502150 X=12904.4 Y=773.697
Time=2503150 X=12904.4 Y=773.697
Time=2504199 X=12904.4 Y=773.697
Time=2505219 X=12904.4 Y=773.697
Time=2506223 X=12904.4 Y=773.697
Time=2507229 X=12904.4 Y=773.697
Time=2508264 X=12904.4 Y=773.697
Time=2509262 X=12904.4 Y=773.697
Time=2510269 X=12904.4 Y=773.697
Time=2511304 X=12904.4 Y=773.697
Time=2512362 X=12904.4 Y=773.697
Time=2513362 X=12652.7 Y=633.665
Time=2514398 X=12652.7 Y=633.665
Time=2515398 X=12714.5 Y=437.796
Time=2516431 X=12754 Y=453.555
Time=2517432 X=13110.2 Y=595.662
Time=2518465 X=13425 Y=721.283
Time=2519447 X=13768.3 Y=858.297
Time=2520478 X=14135.1 Y=1004.66
Time=2521467 X=14486.9 Y=1145.07
Time=2522480 X=14721.2 Y=1238.55
Time=2523484 X=14721.2 Y=1238.55
Time=2524509 X=14721.2 Y=1238.55
Time=2525514 X=14784.5 Y=1404.27
Time=2526601 X=14896.3 Y=1696.71
Time=2527611 X=14994.4 Y=1953.45
Time=2528657 X=14994.4 Y=1953.45
Time=2529683 X=14994.4 Y=1953.45
Time=2530695 X=14994.4 Y=1953.45
Time=2531727 X=14994.4 Y=1953.45
Time=2532766 X=14903.6 Y=1885.15
Time=2533795 X=14615.6 Y=1616.09
Time=2534829 X=14326.2 Y=1345.73
Time=2535830 X=14046 Y=1083.99
Time=2536832 X=13715.9 Y=905.959
Time=2537804 X=13404.3 Y=826.054
Time=2538933 X=12976.3 Y=768
Time=2539929 X=12595 Y=785.984
Time=2541028 X=12174.6 Y=806.702
Time=2542017 X=11836.9 Y=823.34
Time=2543001 X=12130.1 Y=770.217
Time=2544035 X=12521.2 Y=707.402
Time=2545056 X=12907.3 Y=645.378
Time=2546079 X=13287 Y=584.392
Time=2547100 X=13673.1 Y=522.368
Time=2548166 X=14076.2 Y=457.609
Time=2549156 X=14450.7 Y=397.468
Time=2550166 X=14676 Y=422.224
Time=2551162 X=14921.4 Y=714.286
Time=2552253 X=15190.3 Y=1034.2
Time=2553235 X=15432.3 Y=1322.16
Time=2554225 X=15649.5 Y=1580.59
Time=2555244 X=15900.6 Y=1879.4
Time=2556342 X=16171.2 Y=2201.37
Time=2557376 X=16426 Y=2504.58
Time=2558381 X=16677.3 Y=2556.41
Time=2559393 X=16755.7 Y=2323.16
Time=2560524 X=17065.1 Y=2025.36
Time=2561561 X=17442.5 Y=1905.05
Time=2562595 X=17780.9 Y=1834.74
Time=2563576 X=18151.7 Y=1774.04
Time=2564623 X=18527.4 Y=1754.73
Time=2565651 X=18557.1 Y=1754.52
Time=2566659 X=18557.1 Y=1754.52
Time=2567639 X=18557.1 Y=1754.52
Time=2568767 X=18557.1 Y=1754.52
Time=2569775 X=18557.1 Y=1754.52
Time=2570807 X=18557.1 Y=1754.52
Time=2571781 X=18578.7 Y=1764.48
Time=2572873 X=18853.9 Y=1873.51
Time=2573893 X=18898 Y=1912
Time=2574930 X=18898 Y=1912
Time=2575867 X=18875.7 Y=1909.74
Time=2576911 X=19157.6 Y=2014.24
Time=2578083 X=19474.1 Y=2131.55
Time=2579199 X=19775.4 Y=2243.25
Time=2580174 X=20038.7 Y=2340.84
Time=2581178 X=20309.9 Y=2441.34
Time=2582236 X=20595.6 Y=2547.23
Time=2583235 X=20906.4 Y=2662.46
Time=2584256 X=20804.4 Y=2576.35
Time=2585301 X=20421.6 Y=2459.14
Time=2586518 X=19975.9 Y=2322.64
Time=2587460 X=19630.9 Y=2216.99
Time=2588456 X=19330.8 Y=2125.09
Time=2589484 X=19047.7 Y=2038.4
Time=2590561 X=18751.1 Y=1947.57
Time=2591562 X=18652.3 Y=1917.3
Time=2592655 X=18723.9 Y=1912.53
Time=2593660 X=18490.4 Y=1741.52
Time=2594722 X=18475.1 Y=1730.29
Time=2595742 X=18410.3 Y=1364
Time=2596802 X=18368.8 Y=957.161
Time=2597815 X=18368.7 Y=566.449
Time=2598866 X=18399.2 Y=161.995
Time=2599849 X=18427.9 Y=-216.277
Time=2600986 X=18434.1 Y=-298.627
Time=2601988 X=18434.1 Y=-298.627
Time=2602980 X=18434.1 Y=-298.627
Time=2603939 X=18434.1 Y=-298.627
Time=2605011 X=18434.1 Y=-298.627
Time=2606065 X=18434.1 Y=-298.627
Time=2607124 X=18434.1 Y=-298.627
Time=2608161 X=18434.1 Y=-298.627
Time=2609157 X=18434.1 Y=-298.627
Time=2610215 X=18434.1 Y=-298.627
Time=2611231 X=18434.1 Y=-298.627
Time=2612292 X=18434.1 Y=-298.627
Time=2613317 X=18434.1 Y=-298.627
Time=2614322 X=18434.1 Y=-298.627
Time=2615386 X=18434.1 Y=-298.627
Time=2616431 X=18434.1 Y=-298.627
Time=2617462 X=18434.1 Y=-298.627
Time=2618517 X=18434.1 Y=-298.627
Time=2619508 X=18434.1 Y=-298.627
Time=2620595 X=18434.1 Y=-298.627
Time=2621612 X=18434.1 Y=-298.627
Time=2622671 X=18696.6 Y=-322.074
Time=2623667 X=18996.7 Y=-371.795
Time=2624676 X=18950.1 Y=-240.928
Time=2625782 X=18719 Y=6.11075
Time=2626829 X=18565.9 Y=169.743
Time=2627835 X=18565.9 Y=169.743
Time=2628827 X=18788.4 Y=83.2463
Time=2629912 X=19179.2 Y=-58.2728
Time=2631083 X=19602.8 Y=-211.703
Time=2632060 X=19957.3 Y=-340.094
Time=2633029 X=20308.9 Y=-467.433
Time=2634078 X=20689.6 Y=-605.285
Time=2635077 X=21060.2 Y=-689.99
Time=2636076 X=21445.7 Y=-684.082
Time=2637145 X=21856 Y=-677.795
Time=2638209 X=22263.5 Y=-671.55
Time=2639198 X=22588.1 Y=-666.576
Time=2640226 X=22981.8 Y=-660.542
Time=2641248 X=23373.2 Y=-654.544
Time=2642218 X=23671.8 Y=-528.592
Time=2643228 X=23370.8 Y=-683.419
Time=2644345 X=22953.8 Y=-779.214
Time=2645397 X=22561.1 Y=-869.434
Time=2646445 X=22169.9 Y=-959.311
Time=2647475 X=21785.3 Y=-1047.64
Time=2648456 X=21419.1 Y=-1131.78
Time=2649459 X=21044.7 Y=-1217.79
Time=2650470 X=20667.3 Y=-1304.5
Time=2651621 X=20237.6 Y=-1403.21
Time=2652610 X=19873.7 Y=-1486.81
Time=2653598 X=19527.9 Y=-1566.25
Time=2654642 X=19312 Y=-1316.79
Time=2655629 X=19078.4 Y=-1019.55
Time=2656738 X=18815.9 Y=-685.574
Time=2657800 X=18564.5 Y=-365.749
Time=2658839 X=18318.6 Y=-52.85
Time=2659883 X=18071.4 Y=261.554
Time=2660908 X=17863.9 Y=525.628
Time=2661917 X=17625.1 Y=829.492
Time=2662963 X=17377.5 Y=1144.5
Time=2663910 X=17188.8 Y=1373.52
Time=2664971 X=16951.7 Y=1703.61
Time=2665953 X=16732.3 Y=2009.12
Time=2666978 X=16503.2 Y=2328.02
Time=2668032 X=16267.7 Y=2655.93
Time=2669017 X=16073.4 Y=2926.57
Time=2670017 X=15863.2 Y=3219.23
Time=2671026 X=15637.7 Y=3533.15
Time=2672048 X=15409.4 Y=3851.11
Time=2673077 X=15179.4 Y=4171.25
Time=2674078 X=14955.8 Y=4482.67
Time=2675153 X=14752.2 Y=4766.1
Time=2676083 X=14577.4 Y=5009.49
Time=2677144 X=14796 Y=5229.26
Time=2678127 X=15070.4 Y=5487.1
Time=2679209 X=15279.7 Y=5803.22
Time=2680253 X=15221.6 Y=6198.87
Time=2681227 X=15167.4 Y=6567.99
Time=2682360 X=15104.3 Y=6997.37
Time=2683346 X=15055.2 Y=7331.73
Time=2684366 X=15012.5 Y=7622.37
Time=2685393 X=14969.6 Y=7915.01
Time=2686425 X=15047.7 Y=8111.38
Time=2687438 X=15047.7 Y=8111.38
Time=2688517 X=15047.7 Y=8111.38
Time=2689570 X=15047.7 Y=8111.38
Time=2690662 X=15047.7 Y=8111.38
Time=2691643 X=15047.7 Y=8111.38
Time=2692722 X=15047.7 Y=8111.38
Time=2693669 X=15047.7 Y=8111.38
Time=2694779 X=15047.7 Y=8111.38
Time=2695838 X=15047.7 Y=8111.38
Time=2696918 X=15047.7 Y=8111.38
Time=2697962 X=15047.7 Y=8111.38
Time=2698980 X=15047.7 Y=8111.38
Time=2700049 X=15047.7 Y=8111.38
Time=2701110 X=15047.7 Y=8111.38
Time=2702048 X=15047.7 Y=8111.38
Time=2703117 X=15047.7 Y=8111.38
Time=2704202 X=15047.7 Y=8111.38
Time=2705095 X=15047.7 Y=8111.38
Time=2706227 X=15047.7 Y=8111.38
Time=2707373 X=15034.9 Y=8085.87
Time=2708428 X=14994.2 Y=7801.46
Time=2709618 X=15197.9 Y=7408.58
Time=2710581 X=15451.3 Y=7151.04
Time=2711547 X=15787.7 Y=7003.54
Time=2712515 X=16138 Y=6882.26
Time=2713801 X=16442.9 Y=6776.73
Time=2714770 X=16677.3 Y=6855.36
Time=2715831 X=17062.6 Y=6984.6
Time=2716970 X=17476.3 Y=7123.34
Time=2717872 X=17791.8 Y=7250.17
Time=2719050 X=17923.1 Y=7418.81
Time=2720033 X=17923.1 Y=7418.81
Time=2721067 X=17923.1 Y=7418.81
Time=2722226 X=17923.1 Y=7418.81
Time=2723230 X=17923.1 Y=7418.81
Time=2724285 X=17923.1 Y=7418.81
Time=2725242 X=17923.1 Y=7418.81
Time=2726326 X=17923.1 Y=7418.81
Time=2727418 X=17923.1 Y=7418.81
Time=2728456 X=17923.1 Y=7418.81
Time=2729481 X=17923.1 Y=7418.81
Time=2730509 X=17923.1 Y=7418.81
Time=2731512 X=17923.1 Y=7418.81
Time=2732582 X=17923.1 Y=7418.81
Time=2733536 X=17923.1 Y=7418.81
Time=2734601 X=17923.1 Y=7418.81
Time=2735727 X=17923.1 Y=7418.81
Time=2736740 X=17923.1 Y=7418.81
Time=2737810 X=17923.1 Y=7418.81
Time=2738779 X=17923.1 Y=7418.81
Time=2739799 X=18050.9 Y=7587.58
Time=2740757 X=18177.4 Y=7791.56
Time=2741878 X=18418.2 Y=8016.33
Time=2742883 X=18642.2 Y=8123.46
Time=2743959 X=18642.2 Y=8123.46
Time=2745078 X=18642.2 Y=8123.46
Time=2746198 X=18642.2 Y=8123.46
Time=2747212 X=18642.2 Y=8123.46
Time=2748252 X=18642.2 Y=8123.46
Time=2749186 X=18642.2 Y=8123.46
Time=2750116 X=18642.2 Y=8123.46
Time=2751303 X=18642.2 Y=8123.46
Time=2752273 X=18642.2 Y=8123.46
Time=2753354 X=18642.2 Y=8123.46
Time=2754314 X=18642.2 Y=8123.46
Time=2755435 X=18642.2 Y=8123.46
Time=2756560 X=18642.2 Y=8123.46
Time=2757585 X=18598.2 Y=8319.3
Time=2758573 X=18583.2 Y=8386.18
Time=2759635 X=18583.2 Y=8386.18
Time=2760653 X=18583.2 Y=8386.18
Time=2761674 X=18583.2 Y=8386.18
Time=2762663 X=18583.2 Y=8386.18
Time=2763844 X=18583.2 Y=8386.18
Time=2764832 X=18583.2 Y=8386.18
Time=2765855 X=18583.2 Y=8386.18
Time=2766867 X=18583.2 Y=8386.18
Time=2767834 X=18583.2 Y=8386.18
Time=2768968 X=18583.2 Y=8386.18
Time=2769929 X=18583.2 Y=8386.18
Time=2771049 X=18583.2 Y=8386.18
Time=2771954 X=18583.2 Y=8386.18
Time=2773020 X=18583.2 Y=8386.18
Time=2774250 X=18583.2 Y=8386.18
Time=2775312 X=18874.8 Y=8523.11
Time=2776303 X=18891.1 Y=8530.76
Time=2777233 X=18891.1 Y=8530.76
Time=2778515 X=18891.1 Y=8530.76
Time=2779504 X=18891.1 Y=8530.76
Time=2780517 X=18891.1 Y=8530.76
Time=2781580 X=18891.1 Y=8530.76
Time=2782604 X=18891.1 Y=8530.76
Time=2783643 X=18975.2 Y=8337.13
Time=2784673 X=19038.1 Y=8192.37
Time=2785647 X=19038.1 Y=8192.37
Time=2786793 X=19038.1 Y=8192.37
Time=2787824 X=19038.1 Y=8192.37
Time=2788840 X=19032.3 Y=8206.38
Time=2789883 X=19032.3 Y=8206.38
Time=2791037 X=19032.3 Y=8206.38
Time=2792082 X=19032.3 Y=8206.38
Time=2793134 X=19063.4 Y=8146.54
Time=2794086 X=19063.4 Y=8146.54
Time=2795290 X=19063.4 Y=8146.54
Time=2796286 X=19063.4 Y=8146.54
Time=2797350 X=19063.4 Y=8146.54
Time=2798364 X=19063.4 Y=8146.54
Time=2799436 X=19063.4 Y=8146.54
Time=2800359 X=19063.4 Y=8146.54
Time=2801561 X=19083.2 Y=8424.5
Time=2802599 X=19106.2 Y=8722.56
Time=2803709 X=19123.8 Y=8949.97
Time=2804732 X=19123.8 Y=8949.97
Time=2805747 X=19123.8 Y=8949.97
Time=2806826 X=19123.8 Y=8949.97
Time=2807847 X=18898.7 Y=8965.22
Time=2808977 X=19089.8 Y=8703.83
Time=2809902 X=19332.2 Y=8445.02
Time=2810939 X=19517.8 Y=8094.09
Time=2811904 X=19592.6 Y=7939.68
Time=2813054 X=19468.4 Y=7914.51
Time=2814018 X=19193.3 Y=7916.57
Time=2815051 X=18903.8 Y=7985.15
Time=2815956 X=18570.3 Y=8061.22
Time=2817058 X=18150.4 Y=8104.14
Time=2818125 X=17943.5 Y=7988.92
Time=2819132 X=17975.6 Y=7605.56
Time=2820178 X=17917 Y=7524.61
Time=2821187 X=17840.8 Y=7576.07
Time=2822190 X=17564.7 Y=7760.65
Time=2823271 X=17312.9 Y=8064.33
Time=2824304 X=17090.7 Y=8332.33
Time=2825401 X=16823.3 Y=8654.83
Time=2826415 X=17020.7 Y=8528.99
Time=2827475 X=17390.5 Y=8353.97
Time=2828516 X=17640.6 Y=8235.58
Time=2829618 X=17942.9 Y=8134.26
Time=2830568 X=18192.4 Y=8157.75
Time=2831599 X=18192.4 Y=8157.75
Time=2832646 X=18192.4 Y=8157.75
Time=2833624 X=18192.4 Y=8157.75
Time=2834715 X=18192.4 Y=8157.75
Time=2835658 X=18192.4 Y=8157.75
Time=2836735 X=18192.4 Y=8157.75
Time=2837705 X=18192.4 Y=8157.75
Time=2838782 X=18192.4 Y=8157.75
Time=2839783 X=18192.4 Y=8157.75
Time=2840876 X=18192.4 Y=8157.75
Time=2841799 X=18192.4 Y=8157.75
Time=2842895 X=18192.4 Y=8157.75
Time=2843863 X=18192.4 Y=8157.75
Time=2844921 X=18192.4 Y=8157.75
Time=2846455 X=18192.4 Y=8157.75
Time=2847565 X=18192.4 Y=8157.75
Time=2848543 X=18192.4 Y=8157.75
Time=2849499 X=18192.4 Y=8157.75
Time=2850249 X=18192.4 Y=8157.75
Time=2851499 X=18192.4 Y=8157.75
Time=2852725 X=18192.4 Y=8157.75
Time=2853544 X=18192.4 Y=8157.75
Time=2854926 X=18192.4 Y=8157.75
Time=2855870 X=18335.5 Y=8076.16
Time=2856888 X=18656.8 Y=8025.86
Time=2857915 X=18842.3 Y=7956.8
Time=2858928 X=19081 Y=7882.45
Time=2859901 X=19127.2 Y=7823.3
Time=2860928 X=19261.9 Y=7589.36
Time=2861996 X=19272.6 Y=7416.4
Time=2863062 X=19272.6 Y=7416.4
Time=2863971 X=19272.6 Y=7416.4
Time=2865072 X=19269.7 Y=7296.93
Time=2866140 X=19259.6 Y=6887.96
Time=2867166 X=19253.6 Y=6495.08
Time=2868181 X=19260.2 Y=6106.93
Time=2869180 X=19183.4 Y=5788.3
Time=2870216 X=19166.9 Y=5465.82
Time=2871274 X=19166.9 Y=5465.82
Time=2872303 X=19166.9 Y=5465.82
Time=2873334 X=19166.9 Y=5465.82
Time=2874374 X=19166.9 Y=5465.82
Time=2875471 X=19166.9 Y=5465.82
Time=2876920 X=19166.9 Y=5465.82
Time=2878011 X=19166.9 Y=5465.82
Time=2878985 X=19166.9 Y=5465.82
Time=2880104 X=19166.9 Y=5465.82
Time=2880956 X=19166.9 Y=5465.82
Time=2882323 X=19166.9 Y=5465.82
Time=2883396 X=19211.3 Y=5664.24
Time=2884525 X=19239 Y=5787.96
Time=2885517 X=19239 Y=5787.96
Time=2886444 X=19239 Y=5787.96
Time=2887505 X=19239 Y=5787.96
Time=2888588 X=19239 Y=5787.96
Time=2889570 X=19239 Y=5787.96
Time=2890776 X=19239 Y=5787.96
Time=2891831 X=19239 Y=5787.96
Time=2892744 X=19239 Y=5787.96
Time=2893769 X=19239 Y=5787.96
Time=2894855 X=19239 Y=5787.96
Time=2895840 X=19239 Y=5787.96
Time=2896870 X=19239 Y=5787.96
Time=2897876 X=19239 Y=5787.96
Time=2898962 X=19239 Y=5787.96
Time=2899985 X=19239 Y=5787.96
Time=2900971 X=19239 Y=5787.96
Time=2902040 X=19421 Y=6125.42
Time=2903064 X=19428.1 Y=6138.57
Time=2904059 X=19428.1 Y=6138.57
Time=2905148 X=19428.1 Y=6138.57
Time=2906163 X=19428.1 Y=6138.57
Time=2907190 X=19428.1 Y=6138.57
Time=2908197 X=19428.1 Y=6138.57
Time=2909171 X=19428.1 Y=6138.57
Time=2910256 X=19343.7 Y=5841.99
Time=2911302 X=19234.1 Y=5456.61
Time=2912359 X=19206.5 Y=5068.85
Time=2913380 X=19209.4 Y=5060.12
Time=2914414 X=19209.4 Y=5060.12
Time=2915443 X=19209.4 Y=5060.12
Time=2916438 X=19209.4 Y=5060.12
Time=2917560 X=19209.4 Y=5060.12
Time=2918483 X=19209.4 Y=5060.12
Time=2919536 X=19175 Y=5129.11
Time=2920561 X=19164.1 Y=5520.92
Time=2921557 X=19166.6 Y=5902.42
Time=2922611 X=19169.3 Y=6306.13
Time=2923698 X=19161.8 Y=6315.27
Time=2924701 X=19380.3 Y=6233.45
Time=2925760 X=19380.3 Y=6233.45
Time=2926749 X=19265.4 Y=6102.33
Time=2927844 X=18989.1 Y=5786.79
Time=2928825 X=18756 Y=5808.47
Time=2929822 X=18443.8 Y=6028.4
Time=2930833 X=18148.9 Y=5839.03
Time=2931927 X=18043.5 Y=5746.68
Time=2932977 X=18043.5 Y=5746.68
Time=2934006 X=18043.5 Y=5746.68
Time=2934958 X=18043.5 Y=5746.68
Time=2935970 X=18043.5 Y=5746.68
Time=2937043 X=17835.8 Y=5975.53
Time=2938118 X=17580.4 Y=6298.57
Time=2939123 X=17341.7 Y=6600.57
Time=2940173 X=17076.9 Y=6903.17
Time=2941205 X=16816 Y=7175.08
Time=2942301 X=16480.3 Y=7141.15
Time=2943272 X=16108.9 Y=7121.45
Time=2944365 X=15690.9 Y=7099.27
Time=2945400 X=15375.5 Y=7205.46
Time=2946497 X=15051.7 Y=7472.68
Time=2947500 X=14777.2 Y=7741.36
Time=2948559 X=14489 Y=8026.88
Time=2949593 X=14336.7 Y=8177.86
Time=2950587 X=14336.7 Y=8177.86
Time=2951652 X=14336.7 Y=8177.86
Time=2952680 X=14336.7 Y=8177.86
Time=2953695 X=14336.7 Y=8177.86
Time=2954697 X=14336.7 Y=8177.86
Time=2955739 X=14336.7 Y=8177.86
Time=2956753 X=14336.7 Y=8177.86
Time=2957788 X=14336.7 Y=8177.86
Time=2958865 X=14336.7 Y=8177.86
Time=2959834 X=14265.2 Y=8179
Time=2960877 X=13872.2 Y=8250.71
Time=2961882 X=13520.9 Y=8314.8
Time=2962877 X=13239 Y=8366.24
Time=2964009 X=12918.2 Y=8424.75
Time=2965040 X=12626.1 Y=8478.05
Time=2966031 X=12345.4 Y=8529.27
Time=2967114 X=12038.5 Y=8585.25
Time=2968122 X=11752.9 Y=8637.36
Time=2969146 X=11507 Y=8682.23
Time=2970182 X=11361.1 Y=8885.08
Time=2971240 X=11200.5 Y=9144.01
Time=2972267 X=11036.4 Y=9408.6
Time=2973280 X=10831.8 Y=9738.32
Time=2974317 X=10649.9 Y=10090.9
Time=2975369 X=10468.5 Y=10450.7
Time=2976338 X=10290.6 Y=10776.4
Time=2977431 X=10129.7 Y=11161.8
Time=2978463 X=10093 Y=11273
Time=2979469 X=10093 Y=11273
Time=2980518 X=10093 Y=11273
Time=2981539 X=10093 Y=11273
Time=2982581 X=10093 Y=11273
Time=2983621 X=10093 Y=11273
Time=2984730 X=10093 Y=11273
Time=2985756 X=10093 Y=11273
Time=2986824 X=10093 Y=11273
Time=2987862 X=10093 Y=11273
Time=2988900 X=10093 Y=11273
Time=2989923 X=10093 Y=11273
Time=2990918 X=10093 Y=11273
Time=2991954 X=10093 Y=11273
Time=2992973 X=10093 Y=11273
Time=2994028 X=10093 Y=11273
Time=2995006 X=10093 Y=11273
Time=2996029 X=10093 Y=11273
Time=2997029 X=10093 Y=11273
Time=2998056 X=10093 Y=11273
Time=2999113 X=10093 Y=11273
Time=3000241 X=10093 Y=11273
Time=3001219 X=10093 Y=11273
Time=3002278 X=10093 Y=11273
Time=3003271 X=10093 Y=11273
Time=3004339 X=10093 Y=11273
Time=3005322 X=10093 Y=11273
Time=3006356 X=10093 Y=11273
Time=3007319 X=10093 Y=11273
Time=3008394 X=10093 Y=11273
Time=3009443 X=10093 Y=11273
Time=3010487 X=10093 Y=11273
Time=3011531 X=10093 Y=11273
Time=3012597 X=10328.3 Y=11050
Time=3013669 X=10328.3 Y=11050
Time=3014731 X=10328.3 Y=11050
Time=3015764 X=10328.3 Y=11050
Time=3016810 X=10328.3 Y=11050
Time=3017829 X=10328.3 Y=11050
Time=3018877 X=10328.3 Y=11050
Time=3019940 X=10328.3 Y=11050
Time=3020953 X=10328.3 Y=11050
Time=3022020 X=10328.3 Y=11050
Time=3022991 X=10328.3 Y=11050
Time=3024013 X=10328.3 Y=11050
Time=3025047 X=10328.3 Y=11050
Time=3026079 X=10328.3 Y=11050
Time=3027111 X=10328.3 Y=11050
Time=3028116 X=10328.3 Y=11050
Time=3029155 X=10328.3 Y=11050
Time=3030205 X=10328.3 Y=11050
Time=3031202 X=10328.3 Y=11050
Time=3032279 X=10328.3 Y=11050
Time=3033273 X=10328.3 Y=11050
Time=3034341 X=10328.3 Y=11050
Time=3035384 X=10328.3 Y=11050
Time=3036450 X=10328.3 Y=11050
Time=3037407 X=10328.3 Y=11050
Time=3038429 X=10328.3 Y=11050
Time=3039447 X=10328.3 Y=11050
Time=3040469 X=10328.3 Y=11050
Time=3041468 X=10328.3 Y=11050
Time=3042484 X=11714.3 Y=8347.86
Time=3043574 X=11592.3 Y=8653.83
Time=3044586 X=11429.3 Y=9005.51
Time=3045636 X=11275.4 Y=9377.05
Time=3046643 X=11070.4 Y=9697.54
Time=3047707 X=10943 Y=9819.23
Time=3048795 X=10943 Y=9819.23
Time=3049779 X=10943 Y=9819.23
Time=3050770 X=10943 Y=9819.23
Time=3051820 X=10943 Y=9819.23
Time=3052810 X=10943 Y=9819.23
Time=3053860 X=10943 Y=9819.23
Time=3054939 X=10943 Y=9819.23
Time=3056004 X=10943 Y=9819.23
Time=3057097 X=10943 Y=9819.23
Time=3058220 X=10943 Y=9819.23
Time=3059213 X=10943 Y=9819.23
Time=3060197 X=10943 Y=9819.23
Time=3061190 X=10943 Y=9819.23
Time=3062298 X=10943 Y=9819.23
Time=3063314 X=10943 Y=9819.23
Time=3064343 X=10943 Y=9819.23
Time=3065378 X=10943 Y=9819.23
Time=3066407 X=10943 Y=9819.23
Time=3067436 X=10943 Y=9819.23
Time=3068471 X=10943 Y=9819.23
Time=3069419 X=10943 Y=9819.23
Time=3070506 X=10943 Y=9819.23
Time=3071568 X=10943 Y=9819.23
Time=3072629 X=10943 Y=9819.23
Time=3073618 X=10943 Y=9819.23
Time=3074655 X=10965.2 Y=9778.19
Time=3075667 X=11114.4 Y=9528.58
Time=3076807 X=11416.6 Y=9268.44
Time=3077804 X=11532.4 Y=9119.62
Time=3078870 X=11278.7 Y=9439.54
Time=3079867 X=11041.4 Y=9738.75
Time=3080878 X=10800.7 Y=10042.2
Time=3081997 X=10391 Y=10167.9
Time=3082998 X=10043.8 Y=10276.4
Time=3083976 X=9749.04 Y=10456.4
Time=3085059 X=9516.3 Y=10672.9
Time=3086046 X=9306.26 Y=10864.4
Time=3087134 X=9074.73 Y=11075.6
Time=3088102 X=9013.23 Y=11131.6
Time=3089137 X=9013.23 Y=11131.6
Time=3090184 X=9013.23 Y=11131.6
Time=3091228 X=9013.23 Y=11131.6
Time=3092264 X=9013.23 Y=11131.6
Time=3093285 X=9013.23 Y=11131.6
Time=3094308 X=9013.23 Y=11131.6
Time=3095303 X=9013.23 Y=11131.6
Time=3096337 X=9013.23 Y=11131.6
Time=3097359 X=9013.23 Y=11131.6
Time=3098367 X=9013.23 Y=11131.6
Time=3099360 X=9013.23 Y=11131.6
Time=3100387 X=9013.23 Y=11131.6
Time=3101455 X=9013.23 Y=11131.6
Time=3102452 X=9013.23 Y=11131.6
Time=3103486 X=9013.23 Y=11131.6
Time=3104523 X=9013.23 Y=11131.6
Time=3105550 X=9013.23 Y=11131.6
Time=3106565 X=9013.23 Y=11131.6
Time=3107580 X=9013.23 Y=11131.6
Time=3108623 X=9013.23 Y=11131.6
Time=3109619 X=9013.23 Y=11131.6
Time=3110649 X=9013.23 Y=11131.6
Time=3111615 X=9013.23 Y=11131.6
Time=3112663 X=9013.23 Y=11131.6
Time=3113681 X=9013.23 Y=11131.6
Time=3114769 X=9013.23 Y=11131.6
Time=3115761 X=9369.62 Y=11055.9
Time=3116738 X=9589.68 Y=10753.2
Time=3117895 X=9603.42 Y=10734.3
Time=3118902 X=9603.42 Y=10734.3
Time=3119961 X=9603.42 Y=10734.3
Time=3120980 X=9603.42 Y=10734.3
Time=3121972 X=9593.25 Y=10722.9
Time=3122983 X=9856.21 Y=10847.9
Time=3123997 X=10078 Y=10953.4
Time=3125052 X=10078 Y=10953.4
Time=3126041 X=10008.5 Y=11072.2
Time=3127051 X=9852.92 Y=11426.4
Time=3128026 X=9702.74 Y=11768.3
Time=3129051 X=9544.86 Y=12127.8
Time=3130105 X=9382.51 Y=12497.4
Time=3131118 X=9226.48 Y=12852.7
Time=3132121 X=9071.98 Y=13204.5
Time=3133153 X=9035.8 Y=13305.8
Time=3134151 X=9209.01 Y=13003.7
Time=3135151 X=9352.26 Y=12753.8
Time=3136199 X=9502.39 Y=12492
Time=3137185 X=9653.57 Y=12228.3
Time=3138212 X=9849.24 Y=11887.1
Time=3139229 X=10043 Y=11549.1
Time=3140251 X=10237.7 Y=11209.5
Time=3141277 X=10433.2 Y=10868.6
Time=3142346 X=10621.4 Y=10540.3
Time=3143366 X=10767.5 Y=10285.5
Time=3144402 X=10915.9 Y=10026.6
Time=3145400 X=11058.9 Y=9777.3
Time=3146406 X=11069.6 Y=9758.65
Time=3147424 X=10779.9 Y=9898.33
Time=3148463 X=10428.8 Y=10085.8
Time=3149519 X=10072 Y=10276.4
Time=3150606 X=9787.21 Y=10428.5
Time=3151586 X=9787.21 Y=10428.5
Time=3152611 X=9787.21 Y=10428.5
Time=3153668 X=9590.91 Y=10533.3
Time=3154653 X=9258.1 Y=10711.1
Time=3155665 X=8983.41 Y=10857.8
Time=3156693 X=8636.07 Y=11043.3
Time=3157676 X=8303.95 Y=11220.7
Time=3158779 X=8004.04 Y=11271.4
Time=3159802 X=7622.6 Y=11361.1
Time=3160812 X=7246.01 Y=11449.7
Time=3161793 X=6880.23 Y=11535.7
Time=3162881 X=6474.55 Y=11631.2
Time=3163858 X=6133.58 Y=11711.4
Time=3164913 X=5740.21 Y=11803.9
Time=3165940 X=5357.28 Y=11894
Time=3166925 X=4993.77 Y=11994.1
Time=3168012 X=4591.41 Y=12100.9
Time=3168989 X=4235.73 Y=12182
Time=3170055 X=3882.42 Y=12263.2
Time=3171046 X=3512.47 Y=12348.2
Time=3172169 X=3093.24 Y=12444.5
Time=3173161 X=2810.27 Y=12509.5
Time=3174241 X=2857.42 Y=12480
Time=3175240 X=3231.35 Y=12402.2
Time=3176231 X=3276.24 Y=12394.3
Time=3177300 X=3276.24 Y=12394.3
Time=3178356 X=3276.24 Y=12394.3
Time=3179345 X=3276.24 Y=12394.3
Time=3180357 X=3276.24 Y=12394.3
Time=3181356 X=3276.24 Y=12394.3
Time=3182386 X=3276.24 Y=12394.3
Time=3183346 X=3276.24 Y=12394.3
Time=3184451 X=3276.24 Y=12394.3
Time=3185458 X=3276.24 Y=12394.3
Time=3186628 X=3276.24 Y=12394.3
Time=3187641 X=3276.24 Y=12394.3
Time=3188662 X=3276.24 Y=12394.3
Time=3189718 X=3276.24 Y=12394.3
Time=3190777 X=3276.24 Y=12394.3
Time=3191859 X=3276.24 Y=12394.3
Time=3192856 X=3448.77 Y=12265.2
Time=3194001 X=3720 Y=12117
Time=3194959 X=3720 Y=12117
Time=3196070 X=3720 Y=12117
Time=3197067 X=3720 Y=12117
Time=3198101 X=3720 Y=12117
Time=3199085 X=3720 Y=12117
Time=3200145 X=3720 Y=12117
Time=3201165 X=3894.6 Y=12121.8
Time=3202208 X=4293.96 Y=12132.8
Time=3203247 X=4105.12 Y=12038.3
Time=3204283 X=3728.7 Y=11912.7
Time=3205299 X=3359.55 Y=11789.5
Time=3206358 X=2974.77 Y=11661.1
Time=3207360 X=2677.77 Y=11562
Time=3208442 X=2318.83 Y=11358.6
Time=3209427 X=2000.22 Y=11156.5
Time=3210497 X=1654.12 Y=10936.9
Time=3211539 X=1317.08 Y=10723.1
Time=3212606 X=971.946 Y=10504.2
Time=3213669 X=775.447 Y=10314.3
Time=3214674 X=530.658 Y=10017.7
Time=3215681 X=344.586 Y=9741.49
Time=3216745 X=128.317 Y=9420.41
Time=3217729 X=-82.2479 Y=9107.8
Time=3218800 X=-311.43 Y=8767.55
Time=3219794 X=-524.135 Y=8451.76
Time=3220908 X=-903.859 Y=8268.79
Time=3221669 X=-1172.23 Y=8155.01
Time=3222871 X=-1509.99 Y=8011.81
Time=3223878 X=-1772.38 Y=7814.64
Time=3224899 X=-2113.98 Y=7624.23
Time=3225907 X=-2453.76 Y=7434.82
Time=3226921 X=-2795.57 Y=7244.29
Time=3227952 X=-3143.1 Y=7050.57
Time=3228961 X=-3483.22 Y=6860.98
Time=3230027 X=-3701.72 Y=6652.53
Time=3231009 X=-3729.98 Y=6277.09
Time=3231994 X=-3757.09 Y=5916.97
Time=3233110 X=-3785.33 Y=5541.79
Time=3234177 X=-3816.01 Y=5134.24
Time=3235168 X=-3844.51 Y=4755.72
Time=3236156 X=-3872.92 Y=4378.34
Time=3237338 X=-3906.9 Y=3926.86
Time=3238380 X=-3936.87 Y=3528.86
Time=3239500 X=-3969.07 Y=3101.07
Time=3240462 X=-3996.73 Y=2733.62
Time=3241455 X=-4018.62 Y=2442.86
Time=3242359 X=-4044.17 Y=2103.44
Time=3243611 X=-4080.17 Y=1625.19
Time=3244576 X=-4256.85 Y=1472.25
Time=3245553 X=-4621.5 Y=1433.42
Time=3246564 X=-5008.85 Y=1443.85
Time=3247812 X=-5486.65 Y=1458.59
Time=3248839 X=-5521.44 Y=1566.61
Time=3249868 X=-5258.73 Y=1859.97
Time=3250874 X=-4919.84 Y=2040.28
Time=3251922 X=-4550.04 Y=2196.45
Time=3252979 X=-4177.07 Y=2353.97
Time=3254005 X=-3815.03 Y=2506.86
Time=3255049 X=-3522.46 Y=2630.42
Time=3256120 X=-3144.54 Y=2790.02
Time=3257107 X=-2889.49 Y=2890.96
Time=3258198 X=-2485.64 Y=2942.2
Time=3259204 X=-2106.5 Y=3011.04
Time=3260216 X=-1725.1 Y=3080.29
Time=3261217 X=-1347.85 Y=3148.78
Time=3262259 X=-954.647 Y=3217.23
Time=3263288 X=-565.641 Y=3280.69
Time=3264276 X=-192.135 Y=3341.62
Time=3265343 X=156.083 Y=3398.43
Time=3266355 X=504.776 Y=3461.27
Time=3267427 X=875 Y=3612
Time=3268440 X=875 Y=3612
Time=3269465 X=875 Y=3612
Time=3270543 X=875 Y=3612
Time=3271523 X=875 Y=3612
Time=3272610 X=875 Y=3612
Time=3273598 X=875 Y=3612
Time=3274648 X=875 Y=3612
Time=3275658 X=875 Y=3612
Time=3276692 X=875 Y=3612
Time=3277723 X=875 Y=3612
Time=3278761 X=875 Y=3612
Time=3279780 X=875 Y=3612
Time=3280820 X=875 Y=3612
Time=3281868 X=875 Y=3612
Time=3282913 X=875 Y=3612
Time=3283916 X=875 Y=3612
Time=3284970 X=875 Y=3612
Time=3286013 X=875 Y=3612
Time=3287063 X=875 Y=3612
Time=3288136 X=875 Y=3612
Time=3289137 X=725.004 Y=3576.47
Time=3290176 X=491 Y=3480
Time=3291229 X=491 Y=3480
Time=3292210 X=491 Y=3480
Time=3293201 X=491 Y=3480
Time=3294210 X=491 Y=3480
Time=3295334 X=491 Y=3480
Time=3296370 X=491 Y=3480
Time=3297372 X=491 Y=3480
Time=3298431 X=491 Y=3480
Time=3299416 X=491 Y=3480
Time=3300479 X=491 Y=3480
Time=3301551 X=491 Y=3480
Time=3302566 X=491 Y=3480
Time=3303540 X=491 Y=3480
Time=3304483 X=491 Y=3480
Time=3305437 X=491 Y=3480
Time=3306839 X=491 Y=3480
Time=3307973 X=491 Y=3480
Time=3309171 X=-0.456802 Y=3283.69
Time=3310113 X=-110.923 Y=3220.68
Time=3311414 X=-110.923 Y=3220.68
Time=3312507 X=-170.816 Y=3244.19
Time=3313532 X=-228.606 Y=3339.11
Time=3314529 X=3.34523 Y=3377.94
Time=3315575 X=402.33 Y=3325.12
Time=3316588 X=789.885 Y=3273.81
Time=3317593 X=1171.28 Y=3202.54
Time=3318588 X=1530.05 Y=3074.97
Time=3319651 X=1848.11 Y=2816
Time=3320701 X=2161.42 Y=2559.02
Time=3321720 X=2476.3 Y=2331.28
Time=3322841 X=2857.34 Y=2133.33
Time=3323781 X=3111.25 Y=2002.89
Time=3324783 X=3429.69 Y=1805.16
Time=3325807 X=3648.07 Y=1565.06
Time=3326842 X=3730 Y=1532
Time=3327881 X=3730 Y=1532
Time=3328865 X=3730 Y=1532
Time=3329876 X=3646.04 Y=1570.53
Time=3330904 X=3397.66 Y=1696.82
Time=3331934 X=3043.65 Y=1876.81
Time=3333001 X=3016.29 Y=1958.99
Time=3334025 X=3016.29 Y=1958.99
Time=3335066 X=3016.29 Y=1958.99
Time=3336096 X=3016.29 Y=1958.99
Time=3337088 X=3016.29 Y=1958.99
Time=3338154 X=3016.29 Y=1958.99
Time=3339183 X=3016.29 Y=1958.99
Time=3340160 X=3016.29 Y=1958.99
Time=3341163 X=3016.29 Y=1958.99
Time=3342183 X=3016.29 Y=1958.99
Time=3343248 X=3016.29 Y=1958.99
Time=3344262 X=3016.29 Y=1958.99
Time=3345333 X=3016.29 Y=1958.99
Time=3346285 X=3016.29 Y=1958.99
Time=3347397 X=3016.29 Y=1958.99
Time=3348414 X=3016.29 Y=1958.99
Time=3349463 X=3016.29 Y=1958.99
Time=3350501 X=3016.29 Y=1958.99
Time=3351557 X=3016.29 Y=1958.99
Time=3352605 X=3016.29 Y=1958.99
Time=3353637 X=3016.29 Y=1958.99
Time=3354633 X=3016.29 Y=1958.99
Time=3355651 X=3016.29 Y=1958.99
Time=3356668 X=3016.29 Y=1958.99
Time=3357734 X=3016.29 Y=1958.99
Time=3358776 X=3016.29 Y=1958.99
Time=3359782 X=3204.83 Y=1863.81
Time=3360921 X=3586.83 Y=1670.97
Time=3361928 X=3865.46 Y=1486.98
Time=3362999 X=3917.86 Y=1564.86
Time=3364031 X=3804.62 Y=1665.18
Time=3365018 X=3804.62 Y=1665.18
Time=3366075 X=3804.62 Y=1665.18
Time=3367166 X=3804.62 Y=1665.18
Time=3368178 X=3804.62 Y=1665.18
Time=3369156 X=3625.95 Y=1721.71
Time=3370286 X=3460 Y=1768
Time=3371307 X=3715.64 Y=1642.6
Time=3372328 X=4082.46 Y=1507
Time=3373319 X=4438.5 Y=1375.39
Time=3374330 X=4801.73 Y=1241.12
Time=3375349 X=5167.84 Y=1105.78
Time=3376393 X=5542.93 Y=967.128
Time=3377423 X=5876.97 Y=843.646
Time=3378447 X=6224.28 Y=715.26
Time=3379462 X=6588.94 Y=580.457
Time=3380482 X=6955.41 Y=444.99
Time=3381512 X=7325.47 Y=308.195
Time=3382559 X=7699.31 Y=170
Time=3383602 X=7870.74 Y=-64.8299
Time=3384616 X=8114.9 Y=-366.894
Time=3385654 X=8364.84 Y=-676.107
Time=3386661 X=8547.15 Y=-901.654
Time=3387718 X=8738.51 Y=-1138.4
Time=3388788 X=8932.23 Y=-1378.06
Time=3389820 X=9174.09 Y=-1677.28
Time=3390818 X=9416.43 Y=-1972.73
Time=3391911 X=9715.96 Y=-2265.24
Time=3392949 X=10000.4 Y=-2543.02
Time=3393959 X=10277.2 Y=-2813.32
Time=3394966 X=10553.2 Y=-3082.81
Time=3395999 X=10824.2 Y=-3354.55
Time=3397042 X=10890.1 Y=-3459.54
Time=3398092 X=10890.1 Y=-3459.54
Time=3399116 X=10834.1 Y=-3365.84
Time=3400144 X=10874.3 Y=-3499.1
Time=3401157 X=10818.8 Y=-3410.09
Time=3402196 X=10655.4 Y=-3110.92
Time=3403210 X=10655.4 Y=-3110.92
Time=3404190 X=10655.4 Y=-3110.92
Time=3405222 X=10655.4 Y=-3110.92
Time=3406222 X=10655.4 Y=-3110.92
Time=3407313 X=10655.4 Y=-3110.92
Time=3408415 X=10655.4 Y=-3110.92
Time=3409434 X=10655.4 Y=-3110.92
Time=3410157 X=10655.4 Y=-3110.92
Time=3411704 X=10655.4 Y=-3110.92
Time=3412742 X=10655.4 Y=-3110.92
Time=3413893 X=10655.4 Y=-3110.92
Time=3414877 X=10655.4 Y=-3110.92
Time=3415880 X=10655.4 Y=-3110.92
Time=3416903 X=10655.4 Y=-3110.92
Time=3418083 X=10655.4 Y=-3110.92
Time=3419265 X=10805.6 Y=-3401.22
Time=3420392 X=10986.2 Y=-3750.17
Time=3421379 X=11160 Y=-4085.93
Time=3422393 X=11156.5 Y=-4299.54
Time=3423398 X=10998.4 Y=-4650.52
Time=3424479 X=10828.3 Y=-5028.05
Time=3425520 X=10664.6 Y=-5391.62
Time=3426527 X=10506.1 Y=-5743.3
Time=3427563 X=10343.2 Y=-6105.12
Time=3428643 X=10183 Y=-6460.72
Time=3429687 X=10018.7 Y=-6825.33
Time=3430722 X=9855.9 Y=-7186.8
Time=3431671 X=9751.17 Y=-7519.46
Time=3432774 X=9942.69 Y=-7895.36
Time=3433836 X=10094.5 Y=-8197.76
Time=3434856 X=9729.79 Y=-8337.98
Time=3435854 X=9646.22 Y=-8484.06
Time=3436891 X=9334.29 Y=-8515.19
Time=3437881 X=9636.65 Y=-8587.55
Time=3438924 X=9980.24 Y=-8564.65
Time=3439954 X=9980.24 Y=-8564.65
Time=3440988 X=9980.24 Y=-8564.65
Time=3441987 X=9980.24 Y=-8564.65
Time=3443007 X=9980.24 Y=-8564.65
Time=3444035 X=9980.24 Y=-8564.65
Time=3445048 X=9980.24 Y=-8564.65
Time=3446064 X=9980.24 Y=-8564.65
Time=3447093 X=9980.24 Y=-8564.65
Time=3448221 X=9980.24 Y=-8564.65
Time=3449329 X=9980.24 Y=-8564.65
Time=3450310 X=9980.24 Y=-8564.65
Time=3451339 X=9980.24 Y=-8564.65
Time=3452426 X=9980.24 Y=-8564.65
Time=3453431 X=9980.24 Y=-8564.65
Time=3454438 X=9980.24 Y=-8564.65
Time=3455472 X=9980.24 Y=-8564.65
Time=3456482 X=9980.24 Y=-8564.65
Time=3457564 X=9980.24 Y=-8564.65
Time=3458576 X=9980.24 Y=-8564.65
Time=3459554 X=9980.24 Y=-8564.65
Time=3460600 X=9980.24 Y=-8564.65
Time=3461611 X=9980.24 Y=-8564.65
Time=3462639 X=9980.24 Y=-8564.65
Time=3463665 X=9980.24 Y=-8564.65
Time=3464710 X=9980.24 Y=-8564.65
Time=3465743 X=9980.24 Y=-8564.65
Time=3466827 X=10220.2 Y=-8464.19
Time=3467821 X=10233.1 Y=-8456.59
Time=3468836 X=10233.1 Y=-8456.59
Time=3469908 X=10233.1 Y=-8456.59
Time=3470936 X=10233.1 Y=-8456.59
Time=3471933 X=10233.1 Y=-8456.59
Time=3472974 X=10233.1 Y=-8456.59
Time=3473929 X=10233.1 Y=-8456.59
Time=3475040 X=10233.1 Y=-8456.59
Time=3476008 X=10233.1 Y=-8456.59
Time=3477256 X=10233.1 Y=-8456.59
Time=3478332 X=10233.1 Y=-8456.59
Time=3479459 X=10233.1 Y=-8456.59
Time=3480393 X=10233.1 Y=-8456.59
Time=3481539 X=10233.1 Y=-8456.59
Time=3482548 X=10233.1 Y=-8456.59
Time=3483585 X=10233.1 Y=-8456.59
Time=3484565 X=10233.1 Y=-8456.59
Time=3485575 X=10233.1 Y=-8456.59
Time=3486626 X=10166.6 Y=-8461.13
Time=3487608 X=9859.38 Y=-8482.11
Time=3488696 X=9492.35 Y=-8507.18
Time=3489724 X=9258.13 Y=-8480.17
Time=3490644 X=9587.93 Y=-8455.86
Time=3491757 X=10015 Y=-8502.16
Time=3492813 X=10369.4 Y=-8540.59
Time=3493805 X=10338.6 Y=-8502.39
Time=3494813 X=10324 Y=-8765.63
Time=3495816 X=10319.5 Y=-8991.85
Time=3496810 X=10287.7 Y=-8903.73
Time=3497948 X=10227.7 Y=-8581.52
Time=3499037 X=10151.4 Y=-8171.43
Time=3500155 X=10073 Y=-7750.42
Time=3501284 X=10190.1 Y=-7737.47
Time=3502375 X=10526.5 Y=-7985.4
Time=3503373 X=10834.2 Y=-8212.2
Time=3504325 X=11127.8 Y=-8428.55
Time=3505528 X=11498.7 Y=-8701.94
Time=3506413 X=11739.1 Y=-8879.15
Time=3507543 X=12066.4 Y=-9120.39
Time=3508604 X=12393.6 Y=-9361.5
Time=3509506 X=12659.1 Y=-9557.22
Time=3510654 X=12924.6 Y=-9530.97
Time=3511661 X=13310.2 Y=-9525.05
Time=3512662 X=13691.3 Y=-9564.44
Time=3513748 X=14098.7 Y=-9647.99
Time=3514772 X=14386.9 Y=-9732
Time=3515814 X=14463 Y=-9710
Time=3516814 X=14463 Y=-9710
Time=3517840 X=14463 Y=-9710
Time=3518876 X=14463 Y=-9710
Time=3519899 X=14463 Y=-9710
Time=3520955 X=14463 Y=-9710
Time=3521956 X=14463 Y=-9710
Time=3523009 X=14463 Y=-9710
Time=3524036 X=14463 Y=-9710
Time=3525111 X=14382.1 Y=-9632.45
Time=3526118 X=14188.1 Y=-9436.56
Time=3527114 X=14188.1 Y=-9436.56
Time=3528257 X=14188.1 Y=-9436.56
Time=3529332 X=14188.1 Y=-9436.56
Time=3530359 X=14188.1 Y=-9436.56
Time=3531459 X=14188.1 Y=-9436.56
Time=3532446 X=14188.1 Y=-9436.56
Time=3533433 X=14188.1 Y=-9436.56
Time=3534447 X=14188.1 Y=-9436.56
Time=3535519 X=14188.1 Y=-9436.56
Time=3536477 X=14197.8 Y=-9443.63
Time=3537457 X=14475.5 Y=-9439.86
Time=3538623 X=14922.1 Y=-9433.79
Time=3539604 X=15297.8 Y=-9428.68
Time=3540640 X=15615.8 Y=-9424.36
Time=3541636 X=15997.3 Y=-9419.18
Time=3542664 X=16391 Y=-9413.83
Time=3543670 X=16312.3 Y=-9415.49
Time=3544663 X=15934.1 Y=-9456.54
Time=3545684 X=15545.3 Y=-9498.75
Time=3546749 X=15139.8 Y=-9542.77
Time=3547761 X=14753.6 Y=-9584.7
Time=3548742 X=14377.9 Y=-9625.48
Time=3549769 X=13986.8 Y=-9667.93
Time=3550775 X=13603.8 Y=-9709.52
Time=3551809 X=13210 Y=-9752.26
Time=3552844 X=12815.9 Y=-9795.05
Time=3553868 X=12425.9 Y=-9837.38
Time=3554875 X=12042.5 Y=-9879.01
Time=3555912 X=11745.3 Y=-9902.01
Time=3556916 X=11399.7 Y=-9941.83
Time=3557930 X=11013.9 Y=-9986.28
Time=3558963 X=10620.8 Y=-10031.6
Time=3559995 X=10228.1 Y=-10076.8
Time=3560833 X=9909.23 Y=-10113.5
Time=3562076 X=9436.24 Y=-10168
Time=3563234 X=8995.59 Y=-10218.8
Time=3564092 X=8669.11 Y=-10256.4
Time=3565245 X=8331.58 Y=-10295.3
Time=3566335 X=7924.36 Y=-10342.2
Time=3567233 X=7582.65 Y=-10381.6
Time=3568438 X=7124.12 Y=-10434.4
Time=3569487 X=6757.67 Y=-10279.2
Time=3570431 X=6426.8 Y=-10133.4
Time=3571446 X=6064.34 Y=-9992.78
Time=3572475 X=5832.15 Y=-9903.99
Time=3573480 X=5832.15 Y=-9903.99
Time=3574495 X=5832.15 Y=-9903.99
Time=3575507 X=5832.15 Y=-9903.99
Time=3576504 X=5832.15 Y=-9903.99
Time=3577601 X=5832.15 Y=-9903.99
Time=3578606 X=5832.15 Y=-9903.99
Time=3579637 X=5832.15 Y=-9903.99
Time=3580646 X=5832.15 Y=-9903.99
Time=3581669 X=5832.15 Y=-9903.99
Time=3582687 X=5832.15 Y=-9903.99
Time=3583708 X=5832.15 Y=-9903.99
Time=3584743 X=5832.15 Y=-9903.99
Time=3585758 X=5832.15 Y=-9903.99
Time=3586818 X=6036.71 Y=-9981.04
Time=3587859 X=6275.71 Y=-10093.5
Time=3588859 X=6568.48 Y=-10197.1
Time=3589885 X=6902.91 Y=-10409.1
Time=3590949 X=6970.72 Y=-10452.1
Time=3591932 X=6970.72 Y=-10452.1
Time=3592966 X=6970.72 Y=-10452.1
Time=3594010 X=6970.72 Y=-10452.1
Time=3595006 X=6970.72 Y=-10452.1
Time=3595994 X=6970.72 Y=-10452.1
Time=3597079 X=6970.72 Y=-10452.1
Time=3598102 X=6970.72 Y=-10452.1
Time=3599100 X=6970.72 Y=-10452.1
Time=3600186 X=6970.72 Y=-10452.1
Time=3601281 X=6901.68 Y=-10419.8
Time=3602388 X=6901.68 Y=-10419.8
Time=3603357 X=6901.68 Y=-10419.8
Time=3604357 X=6901.68 Y=-10419.8
Time=3605346 X=6901.68 Y=-10419.8
Time=3606403 X=6711.78 Y=-10391.5
Time=3607435 X=6432.1 Y=-10473.2
Time=3608469 X=6432.1 Y=-10473.2
Time=3609467 X=6432.1 Y=-10473.2
Time=3610466 X=6432.1 Y=-10473.2
Time=3611480 X=6432.1 Y=-10473.2
Time=3612525 X=6432.1 Y=-10473.2
Time=3613535 X=6432.1 Y=-10473.2
Time=3614599 X=6432.1 Y=-10473.2
Time=3615617 X=6432.1 Y=-10473.2
Time=3616582 X=6432.1 Y=-10473.2
Time=3617666 X=6432.1 Y=-10473.2
Time=3618801 X=6432.1 Y=-10473.2
Time=3619799 X=6432.1 Y=-10473.2
Time=3620833 X=6432.1 Y=-10473.2
Time=3621977 X=6432.1 Y=-10473.2
Time=3622906 X=6432.1 Y=-10473.2
Time=3624076 X=6432.1 Y=-10473.2
Time=3625181 X=6432.1 Y=-10473.2
Time=3626188 X=6432.1 Y=-10473.2
Time=3627164 X=6432.1 Y=-10473.2
Time=3628101 X=6432.1 Y=-10473.2
Time=3629128 X=6252.06 Y=-10425.3
Time=3630307 X=5802.18 Y=-10385.8
Time=3631407 X=5427.98 Y=-10353.1
Time=3632429 X=5062.06 Y=-10321
Time=3633388 X=4696.12 Y=-10288.9
Time=3634454 X=4289.36 Y=-10253.3
Time=3635375 X=3937.93 Y=-10222.5
Time=3636542 X=3492.63 Y=-10183.5
Time=3637493 X=3129.74 Y=-10151.7
Time=3638523 X=2736.72 Y=-10117.3
Time=3639638 X=2872.06 Y=-9999.93
Time=3640636 X=3254.23 Y=-10008.6
Time=3641626 X=3634.8 Y=-10017.3
Time=3642618 X=4017.53 Y=-10026
Time=3643653 X=4416.86 Y=-10035.1
Time=3644710 X=4824.67 Y=-10044.4
Time=3645726 X=5216.66 Y=-10053.4
Time=3646836 X=5644.92 Y=-10063.1
Time=3647821 X=6024.26 Y=-10071.8
Time=3648858 X=6376.95 Y=-10079.8
Time=3649820 X=6376.95 Y=-10079.8
Time=3650807 X=6092.39 Y=-9897.77
Time=3651899 X=5735.88 Y=-9679
Time=3652863 X=5421.16 Y=-9485.88
Time=3653900 X=5082.6 Y=-9278.14
Time=3654925 X=4747.97 Y=-9072.79
Time=3655905 X=4439.04 Y=-8861.35
Time=3657020 X=4123.7 Y=-8573.3
Time=3657972 X=3854.47 Y=-8327.37
Time=3659074 X=3548.42 Y=-8047.81
Time=3660144 X=3245.82 Y=-7771.39
Time=3661129 X=2967.25 Y=-7516.92
Time=3662121 X=2686.7 Y=-7260.65
Time=3663153 X=2556.61 Y=-7082.44
Time=3664250 X=2862.33 Y=-6958.2
Time=3665194 X=3205.72 Y=-6845.99
Time=3666213 X=3580.86 Y=-6738.18
Time=3667227 X=3855.2 Y=-6484.33
Time=3668280 X=4081.94 Y=-6150.86
Time=3669260 X=4266.61 Y=-5824.2
Time=3670341 X=4427.27 Y=-5442.89
Time=3671386 X=4566.47 Y=-5067.6
Time=3672409 X=4605.5 Y=-4962.37
Time=3673403 X=4605.5 Y=-4962.37
Time=3674439 X=4605.5 Y=-4962.37
Time=3675513 X=4605.5 Y=-4962.37
Time=3676694 X=4605.5 Y=-4962.37
Time=3677731 X=4605.5 Y=-4962.37
Time=3678683 X=4605.5 Y=-4962.37
Time=3679704 X=4605.5 Y=-4962.37
Time=3680796 X=4605.5 Y=-4962.37
Time=3681812 X=4605.5 Y=-4962.37
Time=3682823 X=4605.5 Y=-4962.37
Time=3683851 X=4605.5 Y=-4962.37
Time=3684893 X=4605.5 Y=-4962.37
Time=3685884 X=4605.5 Y=-4962.37
Time=3686969 X=4605.5 Y=-4962.37
Time=3687962 X=4605.5 Y=-4962.37
Time=3689120 X=4605.5 Y=-4962.37
Time=3690109 X=4605.5 Y=-4962.37
Time=3691172 X=4605.5 Y=-4962.37
Time=3692162 X=4605.5 Y=-4962.37
Time=3693144 X=4605.5 Y=-4962.37
Time=3694145 X=4605.5 Y=-4962.37
Time=3695272 X=4605.5 Y=-4962.37
Time=3696261 X=4605.5 Y=-4962.37
Time=3697269 X=4605.5 Y=-4962.37
Time=3698185 X=4605.5 Y=-4962.37
Time=3699324 X=4605.5 Y=-4962.37
Time=3700318 X=4605.5 Y=-4962.37
Time=3701343 X=4605.5 Y=-4962.37
Time=3702369 X=4605.5 Y=-4962.37
Time=3703398 X=4605.5 Y=-4962.37
Time=3704406 X=4605.5 Y=-4962.37
Time=3705388 X=4605.5 Y=-4962.37
Time=3706442 X=4515.97 Y=-5046.89
Time=3707540 X=4312.11 Y=-5497.96
Time=3708527 X=4266.86 Y=-5604.11
Time=3709532 X=4266.86 Y=-5604.11
Time=3710570 X=4266.86 Y=-5604.11
Time=3711547 X=4266.86 Y=-5604.11
Time=3712660 X=4266.86 Y=-5604.11
Time=3713636 X=4266.86 Y=-5604.11
Time=3714698 X=4266.86 Y=-5604.11
Time=3715668 X=4266.86 Y=-5604.11
Time=3716761 X=4266.86 Y=-5604.11
Time=3717801 X=4266.86 Y=-5604.11
Time=3718784 X=4266.86 Y=-5604.11
Time=3719821 X=4266.86 Y=-5604.11
Time=3720799 X=9293.26 Y=-9052.43
Time=3721912 X=9047.12 Y=-8907.53
Time=3722910 X=9047.12 Y=-8907.53
Time=3723886 X=9047.12 Y=-8907.53
Time=3724949 X=9047.12 Y=-8907.53
Time=3725989 X=9047.12 Y=-8907.53
Time=3727020 X=9047.12 Y=-8907.53
Time=3728048 X=9348.49 Y=-9005.2
Time=3729118 X=9634.67 Y=-9262.8
Time=3730176 X=9666.55 Y=-9557.43
Time=3731189 X=9476.91 Y=-9442.94
Time=3732230 X=9493.87 Y=-9504.43
Time=3733241 X=9437.27 Y=-9747.63
Time=3734259 X=9051.57 Y=-9804.93
Time=3735285 X=8662.84 Y=-9862.68
Time=3736337 X=8264.26 Y=-9921.89
Time=3737316 X=7903.58 Y=-9975.48
Time=3738339 X=7515.98 Y=-10033.1
Time=3739386 X=7118.03 Y=-10080
Time=3740387 X=6734.61 Y=-10080
Time=3741435 X=6353.71 Y=-9971.88
Time=3742473 X=5995.76 Y=-9800.8
Time=3743462 X=5669.24 Y=-9608.73
Time=3744532 X=5315.97 Y=-9400.92
Time=3745523 X=5014.18 Y=-9223.4
Time=3746590 X=4685.83 Y=-9030.25
Time=3747609 X=4380 Y=-8792.96
Time=3748621 X=4109.03 Y=-8515.76
Time=3749668 X=3828.7 Y=-8228.97
Time=3750701 X=3552.11 Y=-7946.02
Time=3751731 X=3276.32 Y=-7663.89
Time=3752739 X=3084.57 Y=-7333.31
Time=3753818 X=2976 Y=-6944.27
Time=3754831 X=3312.65 Y=-6796.87
Time=3755899 X=3708.26 Y=-6693.29
Time=3756937 X=4099.57 Y=-6622.96
Time=3757979 X=4492.71 Y=-6554.09
Time=3758991 X=4578.73 Y=-6539.02
Time=3759992 X=4578.73 Y=-6539.02
Time=3761107 X=4544.73 Y=-6541.46
Time=3762089 X=4487.47 Y=-6442.72
Time=3763216 X=4487.47 Y=-6442.72
Time=3764202 X=4487.47 Y=-6442.72
Time=3765221 X=4487.47 Y=-6442.72
Time=3766194 X=4487.47 Y=-6442.72
Time=3767408 X=4487.47 Y=-6442.72
Time=3768363 X=4487.47 Y=-6442.72
Time=3769430 X=4487.47 Y=-6442.72
Time=3770426 X=4303.66 Y=-6460.11
Time=3771459 X=4459.54 Y=-6096.57
Time=3772601 X=4585.52 Y=-5677.87
Time=3773598 X=4685.56 Y=-5309.31
Time=3774604 X=4785.43 Y=-4937.14
Time=3775607 X=4733.57 Y=-4821.46
Time=3776672 X=4733.57 Y=-4821.46
Time=3777602 X=4733.57 Y=-4821.46
Time=3778570 X=4733.57 Y=-4821.46
Time=3779767 X=4733.57 Y=-4821.46
Time=3780817 X=4733.57 Y=-4821.46
Time=3781797 X=4733.57 Y=-4821.46
Time=3782867 X=4733.57 Y=-4821.46
Time=3783797 X=4733.57 Y=-4821.46
Time=3784939 X=4733.57 Y=-4821.46
Time=3785958 X=4733.57 Y=-4821.46
Time=3786885 X=4733.57 Y=-4821.46
Time=3788002 X=4733.57 Y=-4821.46
Time=3789056 X=4546.71 Y=-5048.86
Time=3790090 X=4546.71 Y=-5048.86
Time=3791120 X=4546.71 Y=-5048.86
Time=3792137 X=4546.71 Y=-5048.86
Time=3793224 X=4546.71 Y=-5048.86
Time=3794215 X=4546.71 Y=-5048.86
Time=3795270 X=4546.71 Y=-5048.86
Time=3796307 X=4606.37 Y=-4997.89
Time=3797301 X=4924.85 Y=-4830.21
Time=3798329 X=5273.27 Y=-4646.76
Time=3799337 X=5614.92 Y=-4466.88
Time=3800381 X=5968.76 Y=-4280.58
Time=3801366 X=6302.61 Y=-4104.8
Time=3802353 X=6637.13 Y=-3928.67
Time=3803405 X=6993.69 Y=-3740.94
Time=3804486 X=7240.95 Y=-3598.74
Time=3805516 X=7003.58 Y=-3723.44
Time=3806514 X=6749.12 Y=-3857.12
Time=3807606 X=6470.71 Y=-4003.38
Time=3808580 X=6222.38 Y=-4133.84
Time=3809662 X=5946.51 Y=-4278.76
Time=3810724 X=5675.74 Y=-4421
Time=3811734 X=5418.23 Y=-4556.28
Time=3812753 X=5158.43 Y=-4692.77
Time=3813759 X=4901.94 Y=-4827.51
Time=3814809 X=4635.92 Y=-4967.26
Time=3815850 X=4635.92 Y=-4967.26
Time=3816951 X=4859.41 Y=-4671.4
Time=3817912 X=5081.27 Y=-4377.67
Time=3818990 X=5330.15 Y=-4048.19
Time=3819967 X=5536.18 Y=-3775.44
Time=3820999 X=5743.53 Y=-3500.94
Time=3822035 X=5982.71 Y=-3184.29
Time=3823076 X=6223.05 Y=-2866.12
Time=3824094 X=6445.79 Y=-2841.52
Time=3825053 X=6654.49 Y=-3143.81
Time=3826101 X=6882.55 Y=-3474.16
Time=3827149 X=7096.7 Y=-3443.86
Time=3828206 X=7308 Y=-3100
Time=3829190 X=7460.82 Y=-2818.36
Time=3830155 X=7549.89 Y=-2468.28
Time=3831249 X=7629.22 Y=-2056.81
Time=3832320 X=7706.88 Y=-1654
Time=3833309 X=7778.6 Y=-1282.02
Time=3834344 X=7853.65 Y=-892.742
Time=3835335 X=8000.6 Y=-580.896
Time=3836426 X=8221.96 Y=-226.445
Time=3837477 X=8427.9 Y=58.7572
Time=3838482 X=8723.19 Y=287.535
Time=3839510 X=9034.47 Y=528.694
Time=3840520 X=9340.29 Y=765.631
Time=3841607 X=9668.83 Y=1020.16
Time=3842612 X=9919.1 Y=1289.31
Time=3843614 X=10112.5 Y=1620.83
Time=3844671 X=10315.6 Y=1960.33
Time=3845608 X=10586.8 Y=2315.88
Time=3846694 X=10738.4 Y=2640.53
Time=3847812 X=10849.4 Y=3046.16
Time=3848820 X=10901.4 Y=3327.45
Time=3849894 X=10901.4 Y=3327.45
Time=3851075 X=10901.4 Y=3327.45
Time=3852001 X=10901.4 Y=3327.45
Time=3853041 X=10901.4 Y=3327.45
Time=3854102 X=10901.4 Y=3327.45
Time=3855099 X=10901.4 Y=3327.45
Time=3856069 X=10901.4 Y=3327.45
Time=3857184 X=10901.4 Y=3327.45
Time=3858209 X=10901.4 Y=3327.45
Time=3859223 X=10901.4 Y=3327.45
Time=3860236 X=10901.4 Y=3327.45
Time=3861480 X=10901.4 Y=3327.45
Time=3862541 X=10901.4 Y=3327.45
Time=3863512 X=10901.4 Y=3327.45
Time=3864490 X=10901.4 Y=3327.45
Time=3865562 X=10901.4 Y=3327.45
Time=3866512 X=10901.4 Y=3327.45
Time=3867572 X=10901.4 Y=3327.45
Time=3868595 X=10901.4 Y=3327.45
Time=3869618 X=10901.4 Y=3327.45
Time=3870648 X=10901.4 Y=3327.45
Time=3871679 X=10901.4 Y=3327.45
Time=3872713 X=10901.4 Y=3327.45
Time=3873719 X=10901.4 Y=3327.45
Time=3874780 X=10901.4 Y=3327.45
Time=3875751 X=10901.4 Y=3327.45
Time=3876970 X=10901.4 Y=3327.45
Time=3878017 X=10901.4 Y=3327.45
Time=3879032 X=10901.4 Y=3327.45
Time=3880060 X=10901.4 Y=3327.45
Time=3881089 X=10901.4 Y=3327.45
Time=3882124 X=10901.4 Y=3327.45
Time=3883177 X=10901.4 Y=3327.45
Time=3884155 X=10901.4 Y=3327.45
Time=3885210 X=10901.4 Y=3327.45
Time=3886204 X=10901.4 Y=3327.45
Time=3887209 X=10901.4 Y=3327.45
Time=3888216 X=10901.4 Y=3327.45
Time=3889223 X=10901.4 Y=3327.45
Time=3890276 X=10901.4 Y=3327.45
Time=3891314 X=10901.4 Y=3327.45
Time=3892349 X=10901.4 Y=3327.45
Time=3893398 X=10901.4 Y=3327.45
Time=3894414 X=10901.4 Y=3327.45
Time=3895450 X=10901.4 Y=3327.45
Time=3896480 X=10901.4 Y=3327.45
Time=3897523 X=10901.4 Y=3327.45
Time=3898552 X=10901.4 Y=3327.45
Time=3899542 X=10901.4 Y=3327.45
Time=3900596 X=10901.4 Y=3327.45
Time=3901600 X=10901.4 Y=3327.45
Time=3902599 X=10901.4 Y=3327.45
Time=3903653 X=10901.4 Y=3327.45
Time=3904697 X=10901.4 Y=3327.45
Time=3905755 X=10901.4 Y=3327.45
Time=3906758 X=10901.4 Y=3327.45
Time=3907775 X=10901.4 Y=3327.45
Time=3908865 X=10901.4 Y=3327.45
Time=3909822 X=10901.4 Y=3327.45
Time=3910896 X=10901.4 Y=3327.45
Time=3911824 X=10901.4 Y=3327.45
