Time=2868 X=-25000 Y=-3996
Time=3933 X=-25000 Y=-3996
Time=4996 X=-24841.9 Y=-4344.87
Time=5963 X=-24688.9 Y=-4682.23
Time=7083 X=-24511.8 Y=-5072.96
Time=8142 X=-24353.4 Y=-5446.01
Time=9200 X=-24230.7 Y=-5636.82
Time=10248 X=-23850.2 Y=-5732.79
Time=11299 X=-23448.9 Y=-5764.99
Time=12361 X=-23060.4 Y=-5783.05
Time=13425 X=-22652.8 Y=-5785.47
Time=14440 X=-22264.1 Y=-5787.78
Time=15487 X=-21864.2 Y=-5780.63
Time=16524 X=-21477.1 Y=-5691.77
Time=17564 X=-21088 Y=-5606.49
Time=18581 X=-20709.6 Y=-5513.87
Time=19619 X=-20324.7 Y=-5414.96
Time=20624 X=-20012.6 Y=-5345.98
Time=21729 X=-19999.4 Y=-5343.06
Time=22721 X=-19999.4 Y=-5343.06
Time=23735 X=-19999.4 Y=-5343.06
Time=24740 X=-19999.4 Y=-5343.06
Time=25741 X=-19999.4 Y=-5343.06
Time=26747 X=-19999.4 Y=-5343.06
Time=27750 X=-19999.4 Y=-5343.06
Time=28821 X=-19999.4 Y=-5343.06
Time=29822 X=-19999.4 Y=-5343.06
Time=30820 X=-19999.4 Y=-5343.06
Time=31785 X=-19999.4 Y=-5343.06
Time=32864 X=-19999.4 Y=-5343.06
Time=33885 X=-19999.4 Y=-5343.06
Time=34890 X=-19999.4 Y=-5343.06
Time=35913 X=-19999.4 Y=-5343.06
Time=36932 X=-19999.4 Y=-5343.06
Time=37968 X=-19999.4 Y=-5343.06
Time=38973 X=-19999.4 Y=-5343.06
Time=40013 X=-19999.4 Y=-5343.06
Time=41021 X=-19999.4 Y=-5343.06
Time=42067 X=-19999.4 Y=-5343.06
Time=43062 X=-19999.4 Y=-5343.06
Time=44089 X=-19999.4 Y=-5343.06
Time=45097 X=-19999.4 Y=-5343.06
Time=46142 X=-19999.4 Y=-5343.06
Time=47154 X=-19999.4 Y=-5343.06
Time=48175 X=-19999.4 Y=-5343.06
Time=49164 X=-20182.4 Y=-5402.42
Time=50202 X=-20574.8 Y=-5464.58
Time=51216 X=-20686.1 Y=-5478.92
Time=52245 X=-20686.1 Y=-5478.92
Time=53257 X=-20686.1 Y=-5478.92
Time=54262 X=-20866.3 Y=-5542.6
Time=55250 X=-21107.8 Y=-5670
Time=56281 X=-21107.8 Y=-5670
Time=57269 X=-21107.8 Y=-5670
Time=58301 X=-21107.8 Y=-5670
Time=59297 X=-21107.8 Y=-5670
Time=60329 X=-21107.8 Y=-5670
Time=61341 X=-21107.8 Y=-5670
Time=62365 X=-21133.8 Y=-5672.29
Time=63376 X=-21510 Y=-5732.54
Time=64393 X=-21869.5 Y=-5790.12
Time=65404 X=-21563.3 Y=-5707.43
Time=66427 X=-21185.1 Y=-5605.09
Time=67438 X=-20811.3 Y=-5503.94
Time=68454 X=-20441.5 Y=-5385.92
Time=69465 X=-20089.2 Y=-5225.02
Time=70488 X=-19738.5 Y=-5064.82
Time=71499 X=-19441.1 Y=-4928.96
Time=72524 X=-19084 Y=-4765.83
Time=73552 X=-18725.8 Y=-4602.23
Time=74555 X=-18406.9 Y=-4456.59
Time=75561 X=-18075.8 Y=-4337.71
Time=76598 X=-17702.9 Y=-4200.77
Time=77605 X=-17340.8 Y=-4067.8
Time=78630 X=-16970 Y=-3945.23
Time=79626 X=-16633.1 Y=-3937.38
Time=80616 X=-16271.1 Y=-3925.06
Time=81631 X=-15884.4 Y=-3887.73
Time=82669 X=-15677.1 Y=-3804.7
Time=83664 X=-15677.1 Y=-3804.7
Time=84667 X=-15677.1 Y=-3804.7
Time=85689 X=-15677.1 Y=-3804.7
Time=86692 X=-15677.1 Y=-3804.7
Time=87670 X=-15677.1 Y=-3804.7
Time=88728 X=-15677.1 Y=-3804.7
Time=89738 X=-15677.1 Y=-3804.7
Time=90754 X=-15677.1 Y=-3804.7
Time=91737 X=-15677.1 Y=-3804.7
Time=92829 X=-15677.1 Y=-3804.7
Time=93808 X=-15677.1 Y=-3804.7
Time=94815 X=-15677.1 Y=-3804.7
Time=95838 X=-15677.1 Y=-3804.7
Time=96839 X=-15677.1 Y=-3804.7
Time=97860 X=-15677.1 Y=-3804.7
Time=98877 X=-15609.4 Y=-3776.58
Time=99935 X=-15324.4 Y=-3668.91
Time=100935 X=-14968.6 Y=-3534.5
Time=101957 X=-14602.3 Y=-3396.18
Time=102959 X=-14955.3 Y=-3478.41
Time=103963 X=-15331.8 Y=-3556.44
Time=104964 X=-15707.1 Y=-3635.1
Time=105940 X=-16031 Y=-3703
Time=106991 X=-15933.2 Y=-3747.44
Time=107989 X=-15791.3 Y=-3693.62
Time=109006 X=-15427.1 Y=-3555.39
Time=110028 X=-15061.2 Y=-3416.47
Time=111061 X=-14691.2 Y=-3276.07
Time=112081 X=-14326 Y=-3137.43
Time=113064 X=-14317.4 Y=-3135.55
Time=114110 X=-14317.4 Y=-3135.55
Time=115118 X=-14317.4 Y=-3135.55
Time=116141 X=-14317.4 Y=-3135.55
Time=117162 X=-14317.4 Y=-3135.55
Time=118133 X=-14206.1 Y=-3184.91
Time=119163 X=-14084.9 Y=-3238.65
Time=120220 X=-13767.4 Y=-3387.75
Time=121289 X=-13652 Y=-3736.52
Time=122327 X=-13923.3 Y=-3988.71
Time=123302 X=-13648.4 Y=-3879.13
Time=124325 X=-13285.2 Y=-3732.07
Time=125342 X=-13279.1 Y=-3785.46
Time=126361 X=-13393.7 Y=-4142.43
Time=127371 X=-13149.9 Y=-4438.22
Time=128377 X=-12885.1 Y=-4718.19
Time=129397 X=-12569.7 Y=-4676.39
Time=130417 X=-12212.9 Y=-4517.22
Time=131424 X=-11929.3 Y=-4390.71
Time=132435 X=-11778.8 Y=-4486.93
Time=133449 X=-11451.4 Y=-4695.76
Time=134506 X=-11130.3 Y=-4942.21
Time=135487 X=-10903.1 Y=-5126.31
Time=136520 X=-10892 Y=-5150
Time=137545 X=-10892 Y=-5150
Time=138395 X=-10892 Y=-5150
Time=139596 X=-10892 Y=-5150
Time=140607 X=-10892 Y=-5150
Time=141655 X=-10892 Y=-5150
Time=142658 X=-10892 Y=-5150
Time=143640 X=-10892 Y=-5150
Time=144681 X=-10892 Y=-5150
Time=145673 X=-11015.3 Y=-5076.52
Time=146691 X=-10978.3 Y=-5080.08
Time=147685 X=-10978.3 Y=-5080.08
Time=148758 X=-10978.3 Y=-5080.08
Time=149759 X=-10978.3 Y=-5080.08
Time=150747 X=-10953.2 Y=-5067.87
Time=151741 X=-10671.4 Y=-4931.09
Time=152841 X=-10386.4 Y=-4792.76
Time=153843 X=-10126.7 Y=-4666.76
Time=154844 X=-10236.8 Y=-4675.86
Time=155859 X=-10187 Y=-4633
Time=156881 X=-10187 Y=-4633
Time=157855 X=-10465.8 Y=-4664.16
Time=158892 X=-10762.6 Y=-4697.33
Time=159905 X=-11052.5 Y=-4729.74
Time=160897 X=-11316.7 Y=-4631.12
Time=161959 X=-11639 Y=-4489.96
Time=162981 X=-11503.7 Y=-4451.27
Time=163988 X=-11345.7 Y=-4736.52
Time=165017 X=-11286 Y=-4707.83
Time=166065 X=-10922.1 Y=-4538.46
Time=167098 X=-10761.4 Y=-4464.11
Time=168113 X=-10864.6 Y=-4475.64
Time=169150 X=-10828.8 Y=-4444.3
Time=170142 X=-10828.8 Y=-4444.3
Time=171162 X=-10828.8 Y=-4444.3
Time=172196 X=-10828.8 Y=-4444.3
Time=173217 X=-10828.8 Y=-4444.3
Time=174254 X=-10828.8 Y=-4444.3
Time=175238 X=-10986.7 Y=-4461.96
Time=176272 X=-10986.7 Y=-4461.96
Time=177263 X=-11015.1 Y=-4506.3
Time=178291 X=-11025.8 Y=-4622.15
Time=179310 X=-10963 Y=-4931.46
Time=180329 X=-10976.5 Y=-5313.13
Time=181324 X=-11104.2 Y=-5672.23
Time=182372 X=-11228 Y=-6053.65
Time=183373 X=-11267.2 Y=-6218.75
Time=184384 X=-11311.9 Y=-6424.08
Time=185388 X=-11311.9 Y=-6424.08
Time=186391 X=-11311.9 Y=-6424.08
Time=187418 X=-11311.9 Y=-6424.08
Time=188438 X=-11311.9 Y=-6424.08
Time=189444 X=-11311.9 Y=-6424.08
Time=190465 X=-11152.7 Y=-6231.93
Time=191494 X=-10901.2 Y=-5928.44
Time=192514 X=-10766.1 Y=-5765.36
Time=193522 X=-10766.1 Y=-5765.36
Time=194550 X=-10766.1 Y=-5765.36
Time=195552 X=-10766.1 Y=-5765.36
Time=196572 X=-10766.1 Y=-5765.36
Time=197584 X=-10766.1 Y=-5765.36
Time=198606 X=-10676.6 Y=-5780.17
Time=199599 X=-10316.6 Y=-5839.75
Time=200620 X=-9930.76 Y=-5903.61
Time=201684 X=-9528.68 Y=-5970.15
Time=202662 X=-9159.09 Y=-6031.32
Time=203687 X=-8771.75 Y=-6095.43
Time=204692 X=-8391.96 Y=-6158.29
Time=205697 X=-8012.17 Y=-6221.14
Time=206705 X=-7631.25 Y=-6284.19
Time=207699 X=-7510.15 Y=-6304.23
Time=208749 X=-7510.15 Y=-6304.23
Time=209760 X=-7510.15 Y=-6304.23
Time=210791 X=-7510.15 Y=-6304.23
Time=211775 X=-7510.15 Y=-6304.23
Time=212872 X=-7510.15 Y=-6304.23
Time=213859 X=-7510.15 Y=-6304.23
Time=214875 X=-7510.15 Y=-6304.23
Time=215879 X=-7510.15 Y=-6304.23
Time=216883 X=-7510.15 Y=-6304.23
Time=217905 X=-7510.15 Y=-6304.23
Time=218887 X=-7510.15 Y=-6304.23
Time=219925 X=-7510.15 Y=-6304.23
Time=220947 X=-7510.15 Y=-6304.23
Time=221964 X=-7510.15 Y=-6304.23
Time=222977 X=-7869.75 Y=-6222.05
Time=223989 X=-7916.8 Y=-6211.3
Time=224995 X=-7916.8 Y=-6211.3
Time=226022 X=-7916.8 Y=-6211.3
Time=227041 X=-7814.35 Y=-6222.93
Time=228068 X=-7510.15 Y=-6304.23
Time=229099 X=-7862.07 Y=-6222.85
Time=230113 X=-7980.38 Y=-6195.55
Time=231107 X=-7980.38 Y=-6195.55
Time=232137 X=-7980.38 Y=-6195.55
Time=233078 X=-7980.38 Y=-6195.55
Time=234157 X=-7980.38 Y=-6195.55
Time=235159 X=-7980.38 Y=-6195.55
Time=236174 X=-7886.15 Y=-6218.76
Time=237189 X=-7886.15 Y=-6218.76
Time=238201 X=-7886.15 Y=-6218.76
Time=239220 X=-7747.37 Y=-6403.12
Time=240237 X=-7545.45 Y=-6736.25
Time=241271 X=-7340.17 Y=-7074.96
Time=242296 X=-7136.67 Y=-7410.72
Time=243280 X=-6941.3 Y=-7733.05
Time=244300 X=-6773.23 Y=-8010.36
Time=245301 X=-6596.07 Y=-8302.66
Time=246326 X=-6392.57 Y=-8638.42
Time=247345 X=-6268.8 Y=-8864.17
Time=248344 X=-6638.77 Y=-8961.87
Time=249375 X=-7020.6 Y=-9062.7
Time=250407 X=-7402.79 Y=-9163.63
Time=251446 X=-7787.58 Y=-9265.25
Time=252472 X=-8167.55 Y=-9365.59
Time=253490 X=-8434.66 Y=-9475.48
Time=254539 X=-8809.26 Y=-9449.78
Time=255544 X=-9143.21 Y=-9258.37
Time=256579 X=-9476.94 Y=-9044.46
Time=257603 X=-9794.8 Y=-8814.75
Time=258639 X=-10101 Y=-8562.43
Time=259674 X=-10398.3 Y=-8300.18
Time=260690 X=-10690.2 Y=-8042.75
Time=261766 X=-10813.4 Y=-7934.04
Time=262770 X=-10813.4 Y=-7934.04
Time=263780 X=-10813.4 Y=-7934.04
Time=264800 X=-10813.4 Y=-7934.04
Time=265843 X=-10813.4 Y=-7934.04
Time=266872 X=-10813.4 Y=-7934.04
Time=267854 X=-10851.5 Y=-8170.52
Time=268922 X=-10834.2 Y=-8442.12
Time=269959 X=-10834.2 Y=-8442.12
Time=270994 X=-10834.2 Y=-8442.12
Time=271949 X=-10834.2 Y=-8442.12
Time=273061 X=-10834.2 Y=-8442.12
Time=274027 X=-10834.2 Y=-8442.12
Time=275055 X=-10834.2 Y=-8442.12
Time=276094 X=-10834.2 Y=-8442.12
Time=277115 X=-10834.2 Y=-8442.12
Time=278227 X=-10834.2 Y=-8442.12
Time=279202 X=-10834.2 Y=-8442.12
Time=280223 X=-10834.2 Y=-8442.12
Time=281251 X=-10834.2 Y=-8442.12
Time=282262 X=-10834.2 Y=-8442.12
Time=283278 X=-10977.7 Y=-8716.5
Time=284573 X=-11207.7 Y=-9155.99
Time=285582 X=-11386.9 Y=-9498.42
Time=286607 X=-11569 Y=-9846.28
Time=287632 X=-11752.2 Y=-10196.3
Time=288665 X=-11966.9 Y=-10285.1
Time=289686 X=-12354.7 Y=-10215.6
Time=290696 X=-12738.4 Y=-10146.9
Time=291701 X=-13101.9 Y=-10171.1
Time=292713 X=-13385.8 Y=-10329
Time=293788 X=-13737 Y=-10543.4
Time=294775 X=-14033.2 Y=-10778.3
Time=295793 X=-14089 Y=-10903.7
Time=296813 X=-14076.8 Y=-10902.4
Time=297817 X=-14076.8 Y=-10902.4
Time=298809 X=-14076.8 Y=-10902.4
Time=299815 X=-14076.8 Y=-10902.4
Time=300898 X=-14076.8 Y=-10902.4
Time=301892 X=-14076.8 Y=-10902.4
Time=302926 X=-14076.8 Y=-10902.4
Time=303945 X=-14076.8 Y=-10902.4
Time=304974 X=-14076.8 Y=-10902.4
Time=306003 X=-14076.8 Y=-10902.4
Time=307005 X=-14076.8 Y=-10902.4
Time=308094 X=-14076.8 Y=-10902.4
Time=309093 X=-14076.8 Y=-10902.4
Time=310083 X=-14039.8 Y=-10845.7
Time=311152 X=-13777.3 Y=-10820.7
Time=312179 X=-13777.3 Y=-10820.7
Time=313193 X=-13788.8 Y=-10561.6
Time=314220 X=-13825.1 Y=-10169.9
Time=315242 X=-13847.9 Y=-9973.09
Time=316243 X=-13878.9 Y=-10310.4
Time=317261 X=-13914.6 Y=-10698.7
Time=318265 X=-13920.5 Y=-10762.4
Time=319293 X=-14241.3 Y=-10732.7
Time=320326 X=-14632.3 Y=-10693.7
Time=321341 X=-14967.3 Y=-10689.1
Time=322345 X=-15346.8 Y=-10751.3
Time=323366 X=-15732.7 Y=-10814.6
Time=324394 X=-16061.4 Y=-10868.5
Time=325395 X=-16439.8 Y=-10930.5
Time=326443 X=-16577.3 Y=-10953.1
Time=327457 X=-16577.3 Y=-10953.1
Time=328472 X=-16577.3 Y=-10953.1
Time=329455 X=-16577.3 Y=-10953.1
Time=330495 X=-16626.5 Y=-10961.2
Time=331499 X=-16993.5 Y=-11075
Time=332514 X=-17355.6 Y=-11162.5
Time=333553 X=-17675.2 Y=-11249.8
Time=334540 X=-18012.5 Y=-11419
Time=335569 X=-18006.7 Y=-11474.8
Time=336606 X=-18006.7 Y=-11474.8
Time=337638 X=-18006.7 Y=-11474.8
Time=338662 X=-18006.7 Y=-11474.8
Time=339731 X=-18006.7 Y=-11474.8
Time=340610 X=-18006.7 Y=-11474.8
Time=341946 X=-17933.4 Y=-11440.1
Time=342971 X=-17890.3 Y=-11424.8
Time=343994 X=-18158.6 Y=-11546.4
Time=345014 X=-18425 Y=-11669.9
Time=346028 X=-18594.7 Y=-11747.8
Time=347065 X=-18602 Y=-11758
Time=348065 X=-18602 Y=-11758
Time=349080 X=-18602 Y=-11758
Time=350090 X=-18602 Y=-11758
Time=351113 X=-18633.1 Y=-11744.9
Time=352105 X=-19008.5 Y=-11686.4
Time=353126 X=-19287.5 Y=-11425.7
Time=354168 X=-19554.1 Y=-11128.7
Time=355193 X=-19789.6 Y=-10839.1
Time=356198 X=-19832.8 Y=-10776.8
Time=357230 X=-19832.8 Y=-10776.8
Time=358259 X=-19832.8 Y=-10776.8
Time=359254 X=-19832.8 Y=-10776.8
Time=360304 X=-19832.8 Y=-10776.8
Time=361307 X=-19832.8 Y=-10776.8
Time=362305 X=-19832.8 Y=-10776.8
Time=363347 X=-19870.6 Y=-10749.2
Time=364350 X=-20039.5 Y=-10532.4
Time=365388 X=-20144.5 Y=-10253.1
Time=366413 X=-20206.4 Y=-10024.6
Time=367452 X=-20204 Y=-9999
Time=368469 X=-20204 Y=-9999
Time=369473 X=-20020.5 Y=-10192.1
Time=370503 X=-20094.7 Y=-10252.1
Time=371527 X=-20489.8 Y=-10259.4
Time=372557 X=-20887.3 Y=-10258.1
Time=373543 X=-21267.8 Y=-10257.2
Time=374547 X=-21520 Y=-10209.3
Time=375607 X=-21561 Y=-10258
Time=376617 X=-21561 Y=-10258
Time=377619 X=-21561 Y=-10258
Time=378596 X=-21561 Y=-10258
Time=379642 X=-21561 Y=-10258
Time=380633 X=-21310.8 Y=-10315.4
Time=381705 X=-21140 Y=-10389.3
Time=382713 X=-21140 Y=-10389.3
Time=383750 X=-21140 Y=-10389.3
Time=384791 X=-21140 Y=-10389.3
Time=385801 X=-21140 Y=-10389.3
Time=386813 X=-21140 Y=-10389.3
Time=387765 X=-21140 Y=-10389.3
Time=388877 X=-21140 Y=-10389.3
Time=389898 X=-21140 Y=-10389.3
Time=390898 X=-21140 Y=-10389.3
Time=391857 X=-21140 Y=-10389.3
Time=392965 X=-21071.6 Y=-10398.1
Time=394030 X=-20980.5 Y=-10623.2
Time=395042 X=-21149.9 Y=-10971.3
Time=396037 X=-21241 Y=-11224
Time=397042 X=-21241 Y=-11224
Time=398034 X=-21241 Y=-11224
Time=399029 X=-21241 Y=-11224
Time=400083 X=-21241 Y=-11224
Time=401100 X=-21241 Y=-11224
Time=402098 X=-21031.4 Y=-11207.6
Time=403066 X=-20661.1 Y=-11187.1
Time=404187 X=-20231.6 Y=-11163.4
Time=405198 X=-19842 Y=-11141.8
Time=406365 X=-19392.3 Y=-11116.9
Time=407346 X=-19015.7 Y=-11096.1
Time=408319 X=-18643.5 Y=-11075.5
Time=409362 X=-18244.6 Y=-11053.5
Time=410353 X=-17865.6 Y=-11032.5
Time=411362 X=-17482.7 Y=-10984.5
Time=412368 X=-17143.3 Y=-10906.4
Time=413424 X=-16781.8 Y=-10801
Time=414420 X=-16415.6 Y=-10694.3
Time=415450 X=-16036.8 Y=-10583.9
Time=416467 X=-16198.9 Y=-10673.1
Time=417492 X=-16551.1 Y=-10846.7
Time=418525 X=-16889.8 Y=-10985
Time=419539 X=-17232.5 Y=-11167.9
Time=420596 X=-17589.7 Y=-11358.5
Time=421602 X=-17595.2 Y=-11361.5
Time=422616 X=-17720 Y=-11438.7
Time=423649 X=-17731.7 Y=-11418
Time=424679 X=-17794.8 Y=-11398
Time=425707 X=-18170.2 Y=-11278.9
Time=426699 X=-18532.4 Y=-11164
Time=427781 X=-18927.4 Y=-11038.7
Time=428804 X=-19300.9 Y=-10920.2
Time=429817 X=-19620.5 Y=-10818.3
Time=430863 X=-20002.5 Y=-10697.5
Time=431861 X=-20376.5 Y=-10625.5
Time=432921 X=-20382.7 Y=-10624.7
Time=433893 X=-20669.9 Y=-10477.9
Time=434947 X=-21007.8 Y=-10305.5
Time=435962 X=-21007.8 Y=-10305.5
Time=437000 X=-21007.8 Y=-10305.5
Time=437986 X=-21007.8 Y=-10305.5
Time=439019 X=-21007.8 Y=-10305.5
Time=440045 X=-21007.8 Y=-10305.5
Time=441077 X=-21007.8 Y=-10305.5
Time=442086 X=-21007.8 Y=-10305.5
Time=443112 X=-21007.8 Y=-10305.5
Time=444116 X=-21007.8 Y=-10305.5
Time=445153 X=-21007.8 Y=-10305.5
Time=446146 X=-21007.8 Y=-10305.5
Time=447173 X=-21007.8 Y=-10305.5
Time=448156 X=-21007.8 Y=-10305.5
Time=449216 X=-21007.8 Y=-10305.5
Time=450207 X=-21007.8 Y=-10305.5
Time=451257 X=-21007.8 Y=-10305.5
Time=452241 X=-21007.8 Y=-10305.5
Time=453310 X=-21007.8 Y=-10305.5
Time=454289 X=-21007.8 Y=-10305.5
Time=455352 X=-21007.8 Y=-10305.5
Time=456354 X=-21007.8 Y=-10305.5
Time=457366 X=-21007.8 Y=-10305.5
Time=458381 X=-21007.8 Y=-10305.5
Time=459417 X=-21007.8 Y=-10305.5
Time=460407 X=-21007.8 Y=-10305.5
Time=461421 X=-21007.8 Y=-10305.5
Time=462455 X=-21007.8 Y=-10305.5
Time=463448 X=-21007.8 Y=-10305.5
Time=464509 X=-21007.8 Y=-10305.5
Time=465512 X=-21007.8 Y=-10305.5
Time=466550 X=-20985.8 Y=-10345
Time=467536 X=-20872.3 Y=-10303.1
Time=468562 X=-20802.1 Y=-10277.5
Time=469590 X=-20656.4 Y=-10405.7
Time=470612 X=-20590.1 Y=-10507.1
Time=471635 X=-20449 Y=-10786.7
Time=472662 X=-20449 Y=-10786.7
Time=473711 X=-20449 Y=-10786.7
Time=474718 X=-20449 Y=-10786.7
Time=475709 X=-20449 Y=-10786.7
Time=476715 X=-20449 Y=-10786.7
Time=477727 X=-20449 Y=-10786.7
Time=478749 X=-20449 Y=-10786.7
Time=479715 X=-20449 Y=-10786.7
Time=480778 X=-20449 Y=-10786.7
Time=481762 X=-20449 Y=-10786.7
Time=482786 X=-20449 Y=-10786.7
Time=483826 X=-20449 Y=-10786.7
Time=484844 X=-20449 Y=-10786.7
Time=485868 X=-20449 Y=-10786.7
Time=486871 X=-20449 Y=-10786.7
Time=487899 X=-20449 Y=-10786.7
Time=488926 X=-20449 Y=-10786.7
Time=489928 X=-20449 Y=-10786.7
Time=490943 X=-20449 Y=-10786.7
Time=491930 X=-20449 Y=-10786.7
Time=492926 X=-20449 Y=-10786.7
Time=494016 X=-20449 Y=-10786.7
Time=495010 X=-20449 Y=-10786.7
Time=496038 X=-20449 Y=-10786.7
Time=497034 X=-20447.1 Y=-10780.4
Time=498070 X=-20348.9 Y=-10672.4
Time=499082 X=-20188.7 Y=-10427.9
Time=500114 X=-20051.9 Y=-10682.4
Time=501143 X=-20023.3 Y=-10691.6
Time=502134 X=-19908.4 Y=-10566.1
Time=503171 X=-19759.1 Y=-10868.5
Time=504186 X=-19613.9 Y=-11229.1
Time=505205 X=-19468.2 Y=-11591.2
Time=506207 X=-19324.8 Y=-11947.2
Time=507227 X=-19178.9 Y=-12309.7
Time=508218 X=-19071.4 Y=-12490.5
Time=509242 X=-18968.3 Y=-12333.2
Time=510251 X=-18868.9 Y=-12063.8
Time=511290 X=-18757 Y=-12336.1
Time=512294 X=-18726.7 Y=-12330.5
Time=513313 X=-18703.9 Y=-12327.1
Time=514299 X=-18703.9 Y=-12327.1
Time=515322 X=-18675.4 Y=-12322.7
Time=516327 X=-18482 Y=-12181
Time=517356 X=-18164.1 Y=-11947.9
Time=518374 X=-17849.6 Y=-11717.4
Time=519419 X=-17526.7 Y=-11480.8
Time=520434 X=-17260.7 Y=-11285.8
Time=521433 X=-16932.8 Y=-11089.5
Time=522433 X=-16597.3 Y=-10904.7
Time=523426 X=-16264.1 Y=-10721.2
Time=524482 X=-15990.4 Y=-10570.3
Time=525487 X=-15990.4 Y=-10570.3
Time=526489 X=-16044.1 Y=-10909.7
Time=527489 X=-16113.6 Y=-11286.4
Time=528510 X=-16110.5 Y=-11347.3
Time=529529 X=-16095.9 Y=-11359
Time=530554 X=-16082.6 Y=-11369.8
Time=531576 X=-16070.4 Y=-11379.6
Time=532597 X=-16058.6 Y=-11389.1
Time=533629 X=-16049.6 Y=-11396.4
Time=534635 X=-16031.9 Y=-11408
Time=535632 X=-16014 Y=-11047.2
Time=536657 X=-15898.5 Y=-10828
Time=537662 X=-15559 Y=-10682.5
Time=538675 X=-15202.3 Y=-10529.7
Time=539693 X=-14843.9 Y=-10376.1
Time=540764 X=-14466.8 Y=-10214.5
Time=541780 X=-14109.1 Y=-10061.3
Time=542792 X=-13845.7 Y=-9948.42
Time=543814 X=-13845.7 Y=-9948.42
Time=544827 X=-13845.7 Y=-9948.42
Time=545837 X=-13845.7 Y=-9948.42
Time=546844 X=-13845.7 Y=-9948.42
Time=547872 X=-13845.7 Y=-9948.42
Time=548891 X=-13845.7 Y=-9948.42
Time=549917 X=-13845.7 Y=-9948.42
Time=550950 X=-13845.7 Y=-9948.42
Time=551990 X=-13845.7 Y=-9948.42
Time=553020 X=-13845.7 Y=-9948.42
Time=554040 X=-13845.7 Y=-9948.42
Time=555043 X=-13845.7 Y=-9948.42
Time=556075 X=-13845.7 Y=-9948.42
Time=557106 X=-13845.7 Y=-9948.42
Time=558127 X=-13845.7 Y=-9948.42
Time=559139 X=-13845.7 Y=-9948.42
Time=560161 X=-13845.7 Y=-9948.42
Time=561161 X=-13845.7 Y=-9948.42
Time=562198 X=-13845.7 Y=-9948.42
Time=563206 X=-13845.7 Y=-9948.42
Time=564208 X=-13845.7 Y=-9948.42
Time=565222 X=-13845.7 Y=-9948.42
Time=566221 X=-13845.7 Y=-9948.42
Time=567242 X=-13845.7 Y=-9948.42
Time=568263 X=-13845.7 Y=-9948.42
Time=569254 X=-13845.7 Y=-9948.42
Time=570255 X=-13845.7 Y=-9948.42
Time=571285 X=-13845.7 Y=-9948.42
Time=572295 X=-13845.7 Y=-9948.42
Time=573357 X=-13845.7 Y=-9948.42
Time=574369 X=-13845.7 Y=-9948.42
Time=575392 X=-13845.7 Y=-9948.42
Time=576425 X=-13845.7 Y=-9948.42
Time=577445 X=-13845.7 Y=-9948.42
Time=578470 X=-13836.3 Y=-9950.2
Time=579481 X=-13459.4 Y=-10010.1
Time=580487 X=-13081.2 Y=-10084.2
Time=581487 X=-12705.3 Y=-10157.9
Time=582520 X=-12335.4 Y=-10230.3
Time=583480 X=-11981.4 Y=-10299.7
Time=584512 X=-11822.6 Y=-10330.8
Time=585535 X=-11853.4 Y=-10317.3
Time=586553 X=-12202.7 Y=-10239.7
Time=587562 X=-12583.2 Y=-10172.2
Time=588572 X=-12964.1 Y=-10104.7
Time=589568 X=-13339.8 Y=-10038.1
Time=590605 X=-13730.9 Y=-9968.77
Time=591610 X=-13845.7 Y=-9948.42
Time=592627 X=-14181.5 Y=-10039.4
Time=593637 X=-14552.7 Y=-10148.4
Time=594636 X=-14919.9 Y=-10256.2
Time=595651 X=-15288.3 Y=-10364.3
Time=596649 X=-15612.5 Y=-10459.4
Time=597677 X=-15990.4 Y=-10570.3
Time=598681 X=-16001 Y=-10709.6
Time=599692 X=-16071.7 Y=-11090.3
Time=600737 X=-16106.4 Y=-11350.5
Time=601751 X=-16094 Y=-11360.6
Time=602776 X=-16076.2 Y=-11374.9
Time=603776 X=-16063.5 Y=-11385.2
Time=604798 X=-16054.8 Y=-11392.3
Time=605811 X=-16043.5 Y=-11401.4
Time=606817 X=-16324 Y=-11179.7
Time=607857 X=-16659.7 Y=-10967
Time=608865 X=-17033.1 Y=-11065.2
Time=609869 X=-17405 Y=-11163.1
Time=610893 X=-17784.3 Y=-11263
Time=611904 X=-18018.8 Y=-11324.7
Time=612916 X=-18018.8 Y=-11324.7
Time=613903 X=-18018.8 Y=-11324.7
Time=614957 X=-18337.3 Y=-11297.1
Time=615963 X=-18722.3 Y=-11279.9
Time=616980 X=-18910 Y=-11271.5
Time=618000 X=-19057 Y=-11162.9
Time=619015 X=-19393.6 Y=-10968.4
Time=620015 X=-19725.3 Y=-10776.8
Time=621015 X=-19972.5 Y=-10634
Time=622070 X=-19865.3 Y=-10822.9
Time=623065 X=-19994.6 Y=-11154.7
Time=624080 X=-20256.8 Y=-11441.8
Time=625091 X=-20518 Y=-11727.7
Time=626139 X=-20878.6 Y=-11636.8
Time=627176 X=-21227.1 Y=-11768.5
Time=628176 X=-21609.8 Y=-11785
Time=629182 X=-21994.8 Y=-11801.5
Time=630185 X=-22326.8 Y=-11815.8
Time=631204 X=-22714.4 Y=-11828
Time=632223 X=-22790.1 Y=-11825.4
Time=633304 X=-22790.1 Y=-11825.4
Time=634272 X=-22790.1 Y=-11825.4
Time=635282 X=-22790.1 Y=-11825.4
Time=636307 X=-22790.1 Y=-11825.4
Time=637314 X=-22522.4 Y=-11802
Time=638333 X=-22150.2 Y=-11724.7
Time=639366 X=-21848 Y=-11593
Time=640375 X=-21661.7 Y=-11257.1
Time=641389 X=-21497.2 Y=-10905.2
Time=642400 X=-21333.1 Y=-10554.4
Time=643405 X=-21170.1 Y=-10205.7
Time=644453 X=-21000 Y=-9842.1
Time=645469 X=-20835.2 Y=-9489.57
Time=646478 X=-20723.7 Y=-9251.13
Time=647475 X=-20651.3 Y=-8983.02
Time=648487 X=-20496.6 Y=-8644.25
Time=649487 X=-20203.3 Y=-8397.95
Time=650503 X=-19878 Y=-8184.31
Time=651515 X=-19554 Y=-7971.51
Time=652523 X=-19231.3 Y=-7759.54
Time=653542 X=-19117 Y=-7684.49
Time=654547 X=-18985.6 Y=-7705.41
Time=655569 X=-18659.9 Y=-7798.23
Time=656575 X=-18298.1 Y=-7901.32
Time=657585 X=-18052.4 Y=-7792.12
Time=658603 X=-17681.9 Y=-7913.58
Time=659621 X=-17311.4 Y=-8035.05
Time=660627 X=-16945.2 Y=-8155.08
Time=661630 X=-16580.1 Y=-8274.75
Time=662642 X=-16211.8 Y=-8395.5
Time=663656 X=-15842.7 Y=-8516.48
Time=664676 X=-15518.9 Y=-8622.64
Time=665680 X=-15153.4 Y=-8742.43
Time=666677 X=-14790.5 Y=-8861.39
Time=667715 X=-14412.7 Y=-8985.23
Time=668735 X=-14041.4 Y=-9106.93
Time=669751 X=-13858.1 Y=-9162.89
Time=670765 X=-13497.8 Y=-9170.09
Time=671771 X=-13112.9 Y=-9188.35
Time=672784 X=-12725.3 Y=-9206.74
Time=673746 X=-12357.3 Y=-9224.2
Time=674794 X=-11956.3 Y=-9243.23
Time=675809 X=-11567.9 Y=-9261.66
Time=676835 X=-11175.4 Y=-9280.28
Time=677837 X=-10792 Y=-9298.47
Time=678853 X=-10463.8 Y=-9314.04
Time=679851 X=-10082 Y=-9332.16
Time=680850 X=-9699.76 Y=-9350.3
Time=681895 X=-9299.93 Y=-9369.27
Time=682912 X=-8910.82 Y=-9387.73
Time=683932 X=-8520.56 Y=-9406.25
Time=684939 X=-8135.43 Y=-9426.58
Time=685943 X=-7751.12 Y=-9439.3
Time=686965 X=-7386.58 Y=-9441.94
Time=687953 X=-7103.49 Y=-9467.14
Time=689008 X=-6799.94 Y=-9454.01
Time=690013 X=-6648.35 Y=-9475.21
Time=691034 X=-6622 Y=-9446
Time=691991 X=-6622 Y=-9446
Time=693059 X=-6622 Y=-9446
Time=694083 X=-6622 Y=-9446
Time=695093 X=-6622 Y=-9446
Time=696100 X=-6622 Y=-9446
Time=697120 X=-6622 Y=-9446
Time=698146 X=-6622 Y=-9446
Time=699183 X=-6622 Y=-9446
Time=700176 X=-6622 Y=-9446
Time=701199 X=-6622 Y=-9446
Time=702210 X=-6758.54 Y=-9521.52
Time=703231 X=-7037 Y=-9437.06
Time=704233 X=-7107 Y=-9302
Time=705269 X=-7107 Y=-9302
Time=706300 X=-7107 Y=-9302
Time=707301 X=-7107 Y=-9302
Time=708321 X=-7107 Y=-9302
Time=709338 X=-6785.44 Y=-9355.41
Time=710351 X=-6402.66 Y=-9418.99
Time=711368 X=-6026.25 Y=-9481.52
Time=712375 X=-5695.15 Y=-9536.51
Time=713414 X=-5929.82 Y=-9522.73
Time=714406 X=-6308.83 Y=-9495.65
Time=715414 X=-6693.95 Y=-9468.14
Time=716458 X=-6762.24 Y=-9463.26
Time=717487 X=-6762.24 Y=-9463.26
Time=718493 X=-6762.24 Y=-9463.26
Time=719511 X=-6762.24 Y=-9463.26
Time=720551 X=-6445.25 Y=-9466.81
Time=721546 X=-6065.86 Y=-9503.2
Time=722585 X=-5669.7 Y=-9541.2
Time=723579 X=-5415.52 Y=-9718.84
Time=724595 X=-5114.69 Y=-9965.73
Time=725595 X=-4840.41 Y=-10190.8
Time=726620 X=-4555.72 Y=-10424.5
Time=727644 X=-4252.52 Y=-10673.3
Time=728648 X=-3995.52 Y=-10884.2
Time=729701 X=-3799.28 Y=-10532.2
Time=730705 X=-3608.24 Y=-10198.5
Time=731727 X=-3413.78 Y=-9858.71
Time=732760 X=-3217.22 Y=-9515.31
Time=733756 X=-3027.71 Y=-9184.2
Time=734819 X=-2920.18 Y=-8865.04
Time=735826 X=-2978.62 Y=-8483.84
Time=736810 X=-3075.57 Y=-8119.99
Time=737833 X=-3208.22 Y=-7751.62
Time=738849 X=-3212.12 Y=-7618.44
Time=739847 X=-3212.12 Y=-7618.44
Time=740820 X=-3212.12 Y=-7618.44
Time=741927 X=-3212.12 Y=-7618.44
Time=742912 X=-3212.12 Y=-7618.44
Time=743950 X=-3212.12 Y=-7618.44
Time=744959 X=-3212.12 Y=-7618.44
Time=745984 X=-3212.12 Y=-7618.44
Time=746973 X=-3212.12 Y=-7618.44
Time=747933 X=-3205.38 Y=-7619.85
Time=749002 X=-3196.55 Y=-7681.73
Time=750019 X=-2912.34 Y=-7792.67
Time=751041 X=-3082.52 Y=-8145.21
Time=752010 X=-3103.5 Y=-8188.68
Time=753121 X=-3103.5 Y=-8188.68
Time=754152 X=-3103.5 Y=-8188.68
Time=755159 X=-3103.5 Y=-8188.68
Time=756188 X=-3103.5 Y=-8188.68
Time=757217 X=-3103.5 Y=-8188.68
Time=758227 X=-3103.5 Y=-8188.68
Time=759208 X=-3103.5 Y=-8188.68
Time=760260 X=-3103.5 Y=-8188.68
Time=761275 X=-3103.5 Y=-8188.68
Time=762275 X=-3103.5 Y=-8188.68
Time=763296 X=-3103.5 Y=-8188.68
Time=764298 X=-3103.5 Y=-8188.68
Time=765336 X=-3103.5 Y=-8188.68
Time=766359 X=-2966.92 Y=-8131.06
Time=767378 X=-2607.29 Y=-7979.35
Time=768396 X=-2252.4 Y=-7829.64
Time=769426 X=-2485.29 Y=-7951.32
Time=770425 X=-2826.4 Y=-8129.64
Time=771418 X=-3106.27 Y=-8275.94
Time=772444 X=-3151.08 Y=-8276.84
Time=773503 X=-3391.91 Y=-8281.87
Time=774520 X=-3322.59 Y=-8153.44
Time=775532 X=-3146.13 Y=-7826.52
Time=776547 X=-2983.64 Y=-7525.48
Time=777554 X=-2800.43 Y=-7186.05
Time=778590 X=-2611.94 Y=-6836.84
Time=779593 X=-2431.82 Y=-6503.14
Time=780619 X=-2512.58 Y=-6135.3
Time=781631 X=-2638.47 Y=-5768.67
Time=782669 X=-2767.6 Y=-5392.63
Time=783721 X=-2899.09 Y=-5011.73
Time=784758 X=-3008.63 Y=-4724.18
Time=785773 X=-3029.73 Y=-4650.57
Time=786787 X=-3029.73 Y=-4650.57
Time=787863 X=-3029.73 Y=-4650.57
Time=788879 X=-3029.73 Y=-4650.57
Time=789884 X=-3029.73 Y=-4650.57
Time=790931 X=-3029.73 Y=-4650.57
Time=791965 X=-3029.73 Y=-4650.57
Time=792985 X=-3029.73 Y=-4650.57
Time=794004 X=-3029.73 Y=-4650.57
Time=795024 X=-3029.73 Y=-4650.57
Time=796056 X=-3029.73 Y=-4650.57
Time=797056 X=-3029.73 Y=-4650.57
Time=798100 X=-2832.75 Y=-4874.19
Time=799124 X=-2609.23 Y=-5127.93
Time=800164 X=-2526.87 Y=-5306.47
Time=801153 X=-2903.77 Y=-5276.41
Time=802219 X=-3270.53 Y=-5264.51
Time=803267 X=-3234.73 Y=-5254.16
Time=804252 X=-2888.85 Y=-5404.9
Time=805261 X=-2613.85 Y=-5491.02
Time=806283 X=-2822.92 Y=-5160.06
Time=807358 X=-3060.23 Y=-4825.7
Time=808370 X=-3332.18 Y=-4727.44
Time=809432 X=-3466 Y=-4691
Time=810425 X=-3466 Y=-4691
Time=811449 X=-3466 Y=-4691
Time=812467 X=-3466 Y=-4691
Time=813534 X=-3466 Y=-4691
Time=814566 X=-3466 Y=-4691
Time=815600 X=-3431.26 Y=-4708.42
Time=816647 X=-3273.54 Y=-4832.25
Time=817658 X=-3207.25 Y=-4884.28
Time=818679 X=-3207.25 Y=-4884.28
Time=819760 X=-3207.25 Y=-4884.28
Time=820746 X=-3207.25 Y=-4884.28
Time=821735 X=-3207.25 Y=-4884.28
Time=822766 X=-3207.25 Y=-4884.28
Time=823769 X=-3207.25 Y=-4884.28
Time=824801 X=-3207.25 Y=-4884.28
Time=825798 X=-3207.25 Y=-4884.28
Time=826841 X=-3207.25 Y=-4884.28
Time=827861 X=-3207.25 Y=-4884.28
Time=828869 X=-3207.25 Y=-4884.28
Time=829887 X=-3106 Y=-4982.96
Time=830914 X=-3259.33 Y=-5022.66
Time=831943 X=-3376 Y=-5190
Time=832940 X=-3376 Y=-5190
Time=833983 X=-3376 Y=-5190
Time=834997 X=-3376 Y=-5190
Time=836004 X=-3376 Y=-5190
Time=837010 X=-3376 Y=-5190
Time=838013 X=-3376 Y=-5190
Time=839033 X=-3376 Y=-5190
Time=840065 X=-3376 Y=-5190
Time=841109 X=-3376 Y=-5190
Time=842134 X=-3376 Y=-5190
Time=843146 X=-3376 Y=-5190
Time=844181 X=-3376 Y=-5190
Time=845194 X=-3376 Y=-5190
Time=846213 X=-3430.15 Y=-5078.71
Time=847233 X=-3150.68 Y=-5238.88
Time=848241 X=-2802.94 Y=-5406.68
Time=849253 X=-2893.48 Y=-5195.2
Time=850295 X=-2968.54 Y=-5057.25
Time=851293 X=-2868.94 Y=-5083.31
Time=852326 X=-2868.94 Y=-5083.31
Time=853316 X=-2695.34 Y=-5205.64
Time=854361 X=-2390.84 Y=-5469.92
Time=855371 X=-2096.47 Y=-5725.41
Time=856383 X=-1887.13 Y=-5578.35
Time=857394 X=-1644.13 Y=-5273.1
Time=858410 X=-1399.94 Y=-4966.33
Time=859430 X=-1206.1 Y=-4697.21
Time=860450 X=-1080.59 Y=-4324.45
Time=861478 X=-957.85 Y=-3959.92
Time=862473 X=-850.578 Y=-3641.32
Time=863464 X=-743.32 Y=-3322.77
Time=864490 X=-1072.11 Y=-3231
Time=865503 X=-1453.57 Y=-3159.96
Time=866520 X=-1836.54 Y=-3088.64
Time=867527 X=-2215.74 Y=-3018.01
Time=868533 X=-2594.56 Y=-2947.46
Time=869530 X=-2970 Y=-2877.54
Time=870548 X=-3353.34 Y=-2806.15
Time=871562 X=-3735.18 Y=-2735.04
Time=872562 X=-4111.75 Y=-2664.91
Time=873630 X=-4246.44 Y=-2470.51
Time=874634 X=-4218.86 Y=-2113.52
Time=875654 X=-4191.45 Y=-1758.85
Time=876704 X=-4160.47 Y=-1357.85
Time=877707 X=-4130.87 Y=-974.802
Time=878697 X=-4101.66 Y=-596.72
Time=879721 X=-4071.44 Y=-205.652
Time=880710 X=-4042.26 Y=172.048
Time=881718 X=-4161.58 Y=520.265
Time=882722 X=-4462.16 Y=754.069
Time=883747 X=-4807.4 Y=941.033
Time=884766 X=-5103.82 Y=1101.56
Time=885751 X=-5373.59 Y=1231.68
Time=886747 X=-5754.96 Y=1241.99
Time=887837 X=-6172.32 Y=1253.26
Time=888831 X=-6552.93 Y=1263.55
Time=889831 X=-6935.83 Y=1273.89
Time=890848 X=-7325.23 Y=1284.66
Time=891849 X=-7510 Y=1290
Time=892830 X=-7593.39 Y=1291.5
Time=893903 X=-7698.4 Y=1292.02
Time=894896 X=-7784.08 Y=1282.8
Time=895914 X=-7784.08 Y=1282.8
Time=896927 X=-7784.08 Y=1282.8
Time=897934 X=-7784.08 Y=1282.8
Time=898937 X=-7711.54 Y=1290.61
Time=899890 X=-7485.25 Y=1279.49
Time=900988 X=-7065.83 Y=1248.25
Time=901995 X=-6771.33 Y=1226.31
Time=903018 X=-6832.81 Y=1228.1
Time=904057 X=-7229.59 Y=1258.96
Time=905074 X=-7617.97 Y=1289.17
Time=906084 X=-8002.95 Y=1259.24
Time=907075 X=-8320.74 Y=1225.04
Time=908091 X=-8707.67 Y=1183.4
Time=909109 X=-8751.78 Y=1170.83
Time=910117 X=-8365.97 Y=1185.73
Time=911115 X=-7983.98 Y=1200.48
Time=912114 X=-7889.05 Y=1204.14
Time=913159 X=-7618.47 Y=1289.88
Time=914183 X=-7227.11 Y=1263.65
Time=915201 X=-6838.05 Y=1237.57
Time=916217 X=-6672.3 Y=1226.46
Time=917213 X=-6828.69 Y=1267.57
Time=918268 X=-7220.47 Y=1366.59
Time=919295 X=-7601.86 Y=1462.98
Time=920321 X=-7982.88 Y=1559.27
Time=921347 X=-8363.9 Y=1655.57
Time=922375 X=-8745.66 Y=1752.05
Time=923398 X=-9125.57 Y=1848.07
Time=924434 X=-9510.3 Y=1945.3
Time=925434 X=-9881.66 Y=2039.16
Time=926452 X=-10218.2 Y=2124.2
Time=927461 X=-10578.9 Y=2256.55
Time=928496 X=-10927.7 Y=2444.85
Time=929482 X=-11257.6 Y=2628.7
Time=930500 X=-11612.8 Y=2787.9
Time=931517 X=-11715.1 Y=2838.45
Time=932542 X=-11878.8 Y=2900.14
Time=933521 X=-11878.8 Y=2900.14
Time=934487 X=-11878.8 Y=2900.14
Time=935557 X=-11878.8 Y=2900.14
Time=936579 X=-11878.8 Y=2900.14
Time=937615 X=-11878.8 Y=2900.14
Time=938647 X=-11878.8 Y=2900.14
Time=939690 X=-11878.8 Y=2900.14
Time=940722 X=-11878.8 Y=2900.14
Time=941720 X=-11878.8 Y=2900.14
Time=942746 X=-11878.8 Y=2900.14
Time=943749 X=-11778 Y=2815.3
Time=944810 X=-11466 Y=2560.3
Time=945783 X=-11273.7 Y=2390.97
Time=946900 X=-11531 Y=2549.4
Time=947913 X=-11860.2 Y=2739.79
Time=948920 X=-12194.1 Y=2932.88
Time=949961 X=-12539.3 Y=3132.49
Time=950966 X=-12872.5 Y=3325.2
Time=951983 X=-13209.8 Y=3520.21
Time=953005 X=-13544.3 Y=3713.65
Time=954085 X=-13813.5 Y=3869.36
Time=955065 X=-14046.5 Y=4027.23
Time=956053 X=-14276.3 Y=4217.15
Time=957040 X=-14567.7 Y=4457.97
Time=958078 X=-14618.7 Y=4730.82
Time=959118 X=-14504.7 Y=4998.69
Time=960120 X=-14548.6 Y=5366.68
Time=961162 X=-14611.2 Y=5760.88
Time=962133 X=-14669.4 Y=6128.22
Time=963203 X=-14733.7 Y=6533.01
Time=964231 X=-14795.4 Y=6921.91
Time=965228 X=-14851.3 Y=7274.68
Time=966238 X=-14904.4 Y=7629.06
Time=967238 X=-14941.9 Y=8010.37
Time=968249 X=-15010.7 Y=8293.84
Time=969260 X=-15310 Y=8529.3
Time=970264 X=-15638.1 Y=8735.46
Time=971284 X=-15964.4 Y=8952.09
Time=972304 X=-16159.7 Y=9293.85
Time=973327 X=-16321.2 Y=9580.78
Time=974273 X=-16477.9 Y=9910.21
Time=975353 X=-16712.9 Y=10150.4
Time=976344 X=-16934 Y=10371.8
Time=977360 X=-17197.5 Y=10658.2
Time=978374 X=-17450.1 Y=10953.4
Time=979385 X=-17701.6 Y=11247.8
Time=980395 X=-17824.5 Y=11492.4
Time=981436 X=-17775.6 Y=11888.2
Time=982418 X=-17729.4 Y=12261.5
Time=983444 X=-17699.6 Y=12652.9
Time=984461 X=-17676.8 Y=13041.8
Time=985479 X=-17637.3 Y=13389.4
Time=986480 X=-17562.2 Y=13742.1
Time=987522 X=-17437.2 Y=14121
Time=988554 X=-17388.6 Y=14257.3
Time=989571 X=-17386.9 Y=14262.2
Time=990546 X=-17386.9 Y=14262.2
Time=991613 X=-17386.9 Y=14262.2
Time=992612 X=-17386.9 Y=14262.2
Time=993667 X=-17386.9 Y=14262.2
Time=994674 X=-17386.9 Y=14262.2
Time=995689 X=-17386.9 Y=14262.2
Time=996679 X=-17386.9 Y=14262.2
Time=997702 X=-17386.9 Y=14262.2
Time=998705 X=-17386.9 Y=14262.2
Time=999719 X=-17386.9 Y=14262.2
Time=1000730 X=-17386.9 Y=14262.2
Time=1001753 X=-17386.9 Y=14262.2
Time=1002772 X=-17386.9 Y=14262.2
Time=1003792 X=-17386.9 Y=14262.2
Time=1004809 X=-17386.9 Y=14262.2
Time=1005777 X=-17386.9 Y=14262.2
Time=1006862 X=-17386.9 Y=14262.2
Time=1007886 X=-17386.9 Y=14262.2
Time=1008881 X=-17421.4 Y=14058.9
Time=1009914 X=-17511.5 Y=13673.6
Time=1010955 X=-17602.3 Y=13285.3
Time=1011987 X=-17535.2 Y=13507.4
Time=1012961 X=-17427.6 Y=13864.7
Time=1014103 X=-17336.3 Y=14168
Time=1015086 X=-17386.2 Y=14272.8
Time=1016122 X=-17412.7 Y=14330
Time=1017131 X=-17278.3 Y=14151.3
Time=1018170 X=-16904.9 Y=14245.9
Time=1019185 X=-16527.4 Y=14331.2
Time=1020188 X=-16146.5 Y=14320.3
Time=1021200 X=-15808.2 Y=14130.9
Time=1022228 X=-15464.6 Y=13938.6
Time=1023261 X=-15179 Y=13803
Time=1024250 X=-14816 Y=13872.9
Time=1025307 X=-14482.3 Y=13937.1
Time=1026303 X=-14105.8 Y=13976.8
Time=1027311 X=-13721.2 Y=13943.5
Time=1028371 X=-13316.7 Y=13908.3
Time=1029369 X=-12936.5 Y=13870.4
Time=1030385 X=-12554 Y=13798.9
Time=1031410 X=-12167 Y=13734.2
Time=1032398 X=-11797.7 Y=13651.7
Time=1033462 X=-11529.8 Y=13591.4
Time=1034488 X=-11510.9 Y=13579
Time=1035505 X=-11510.9 Y=13579
Time=1036506 X=-11510.9 Y=13579
Time=1037503 X=-11510.9 Y=13579
Time=1038525 X=-11510.9 Y=13579
Time=1039529 X=-11510.9 Y=13579
Time=1040555 X=-11510.9 Y=13579
Time=1041572 X=-11510.9 Y=13579
Time=1042583 X=-11287.1 Y=13602.1
Time=1043583 X=-11629.7 Y=13770.7
Time=1044601 X=-11910.7 Y=13935.1
Time=1045606 X=-11910.7 Y=13935.1
Time=1046618 X=-11808.3 Y=13912.2
Time=1047600 X=-11480.1 Y=13860.2
Time=1048651 X=-11082.5 Y=13797.1
Time=1049637 X=-10904.6 Y=13509.3
Time=1050673 X=-10791.9 Y=13128.9
Time=1051689 X=-10685.8 Y=12754.4
Time=1052710 X=-10597 Y=12373.8
Time=1053769 X=-10514.3 Y=11977.1
Time=1054760 X=-10389.4 Y=11721.5
Time=1055790 X=-10389.4 Y=11721.5
Time=1056804 X=-10389.4 Y=11721.5
Time=1057818 X=-10389.4 Y=11721.5
Time=1058820 X=-10389.4 Y=11721.5
Time=1059853 X=-10389.4 Y=11721.5
Time=1060845 X=-10389.4 Y=11721.5
Time=1061881 X=-10389.4 Y=11721.5
Time=1062890 X=-10389.4 Y=11721.5
Time=1063907 X=-10389.4 Y=11721.5
Time=1064935 X=-10389.4 Y=11721.5
Time=1065927 X=-10389.4 Y=11721.5
Time=1066987 X=-10389.4 Y=11721.5
Time=1067994 X=-10389.4 Y=11721.5
Time=1069001 X=-10389.4 Y=11721.5
Time=1070032 X=-10389.4 Y=11721.5
Time=1071050 X=-10422.6 Y=11925.3
Time=1072077 X=-10413.5 Y=11629.7
Time=1073067 X=-10403 Y=11287
Time=1074154 X=-10404.5 Y=11584.2
Time=1075155 X=-10430.8 Y=11843.6
Time=1076169 X=-10393.7 Y=11906.1
Time=1077179 X=-10292.4 Y=12279.4
Time=1078208 X=-10189.2 Y=12659.8
Time=1079206 X=-10089.1 Y=13028.8
Time=1080252 X=-9984.2 Y=13415.5
Time=1081276 X=-9940.39 Y=13500.6
Time=1082288 X=-10007.5 Y=13118.9
Time=1083270 X=-10072.5 Y=12748.4
Time=1084337 X=-10143.2 Y=12345.8
Time=1085370 X=-10211.7 Y=11956.1
Time=1086322 X=-10274.8 Y=11597
Time=1087403 X=-10346.4 Y=11189.2
Time=1088432 X=-10414.6 Y=10800.9
Time=1089423 X=-10480.3 Y=10427.1
Time=1090440 X=-10547.7 Y=10043.4
Time=1091437 X=-10613.8 Y=9667.27
Time=1092445 X=-10680.6 Y=9286.99
Time=1093461 X=-10747.3 Y=8907.15
Time=1094512 X=-10817 Y=8510.65
Time=1095502 X=-10707.8 Y=8205.9
Time=1096511 X=-10419.8 Y=7949.46
Time=1097522 X=-10146.3 Y=7675.32
Time=1098543 X=-9901.93 Y=7371.41
Time=1099551 X=-9677.71 Y=7057.09
Time=1100575 X=-9551.89 Y=6881.48
Time=1101577 X=-9494.75 Y=6801.72
Time=1102588 X=-9429.94 Y=6764.55
Time=1103576 X=-9376.4 Y=6744.33
Time=1104606 X=-9359.35 Y=6698.21
Time=1105639 X=-9359.35 Y=6698.21
Time=1106644 X=-9359.35 Y=6698.21
Time=1107684 X=-9359.35 Y=6698.21
Time=1108761 X=-9359.35 Y=6698.21
Time=1109763 X=-9359.35 Y=6698.21
Time=1110781 X=-9359.35 Y=6698.21
Time=1111755 X=-9359.35 Y=6698.21
Time=1112848 X=-9359.35 Y=6698.21
Time=1113888 X=-9359.35 Y=6698.21
Time=1114908 X=-9359.35 Y=6698.21
Time=1115919 X=-9359.35 Y=6698.21
Time=1116954 X=-9450.09 Y=7045.6
Time=1117934 X=-9502.21 Y=7004.63
Time=1118975 X=-9604.3 Y=6626.15
Time=1120058 X=-9590.89 Y=6614.89
Time=1121072 X=-9572.64 Y=6596.64
Time=1122094 X=-9554.68 Y=6578.68
Time=1123106 X=-9534.96 Y=6558.96
Time=1124129 X=-9521.25 Y=6545.25
Time=1125128 X=-9514.39 Y=6538.39
Time=1126143 X=-9507.31 Y=6531.31
Time=1127151 X=-9494.48 Y=6518.48
Time=1128155 X=-9475.36 Y=6499.36
Time=1129186 X=-9456.24 Y=6480.24
Time=1130215 X=-9436.54 Y=6460.54
Time=1131217 X=-9417.43 Y=6441.43
Time=1132245 X=-9400.32 Y=6416.65
Time=1133274 X=-9389.27 Y=6394.53
Time=1134285 X=-9371.73 Y=6359.47
Time=1135297 X=-9371.73 Y=6359.47
Time=1136323 X=-9371.73 Y=6359.47
Time=1137360 X=-9292.15 Y=6304.93
Time=1138376 X=-9311.5 Y=6239.24
Time=1139393 X=-9311.5 Y=6239.24
Time=1140419 X=-9367.74 Y=6351.59
Time=1141428 X=-9547.79 Y=6693.88
Time=1142412 X=-9725.29 Y=7026.38
Time=1143491 X=-9919.92 Y=7390.99
Time=1144520 X=-10064.9 Y=7754.34
Time=1145453 X=-10150.3 Y=8101.35
Time=1146521 X=-10232.6 Y=8435.21
Time=1147537 X=-10324.6 Y=8809.03
Time=1148634 X=-10298.1 Y=9227.39
Time=1149622 X=-10266.5 Y=9604.51
Time=1150641 X=-10233.9 Y=9993.46
Time=1151657 X=-10201.3 Y=10381.3
Time=1152660 X=-10169.2 Y=10764.1
Time=1153668 X=-10137 Y=11148.9
Time=1154718 X=-10104.5 Y=11536.6
Time=1155715 X=-10076.9 Y=11865.6
Time=1156725 X=-10044.5 Y=12251.1
Time=1157751 X=-10011.7 Y=12642.8
Time=1158767 X=-9979.18 Y=13030.6
Time=1159765 X=-9947.24 Y=13411.5
Time=1160736 X=-9930.22 Y=13614.5
Time=1161805 X=-9930.22 Y=13614.5
Time=1162819 X=-9930.22 Y=13614.5
Time=1163844 X=-9930.22 Y=13614.5
Time=1164866 X=-9930.22 Y=13614.5
Time=1165881 X=-9964.64 Y=13323.2
Time=1166905 X=-10032.6 Y=12936.9
Time=1167904 X=-10098.9 Y=12560
Time=1168961 X=-10169.1 Y=12161.2
Time=1169970 X=-10236.1 Y=11780.6
Time=1170979 X=-10299.4 Y=11420.9
Time=1171938 X=-10363 Y=11059.2
Time=1173050 X=-10436.8 Y=10639.7
Time=1174022 X=-10501.4 Y=10273
Time=1175033 X=-10568.5 Y=9891.58
Time=1176029 X=-10634.6 Y=9515.85
Time=1177062 X=-10703.2 Y=9126.16
Time=1178073 X=-10770.3 Y=8744.76
Time=1179082 X=-10834.2 Y=8381.72
Time=1180108 X=-10902.3 Y=7994.67
Time=1181127 X=-10956 Y=7689.29
Time=1182124 X=-10956 Y=7689.29
Time=1183142 X=-10956 Y=7689.29
Time=1184167 X=-10956 Y=7689.29
Time=1185179 X=-10956 Y=7689.29
Time=1186198 X=-10956 Y=7689.29
Time=1187225 X=-10956 Y=7689.29
Time=1188231 X=-11103.4 Y=7884.12
Time=1189240 X=-11099.7 Y=7783.8
Time=1190248 X=-11099.7 Y=7783.8
Time=1191237 X=-11176.3 Y=8083.63
Time=1192260 X=-11378.1 Y=8358.2
Time=1193265 X=-11386.4 Y=8147.8
Time=1194275 X=-11671.6 Y=8133.56
Time=1195294 X=-12054.8 Y=8048.49
Time=1196318 X=-12142.5 Y=7913.18
Time=1197317 X=-12498.5 Y=7850.18
Time=1198341 X=-12886.2 Y=7793.6
Time=1199354 X=-13260.7 Y=7692.39
Time=1200384 X=-13415.3 Y=7480.49
Time=1201377 X=-13412.1 Y=7466.23
Time=1202392 X=-13440 Y=7454.83
Time=1203399 X=-13578.3 Y=7408.71
Time=1204431 X=-13954.3 Y=7293.88
Time=1205441 X=-14083.4 Y=7085.44
Time=1206467 X=-14082.2 Y=6692.44
Time=1207485 X=-14081 Y=6302.51
Time=1208490 X=-14079.7 Y=5917.55
Time=1209503 X=-14078.5 Y=5529.54
Time=1210537 X=-14077.3 Y=5133.47
Time=1211550 X=-14057.2 Y=4848.61
Time=1212565 X=-14163.2 Y=4847.7
Time=1213572 X=-14352.7 Y=4565.33
Time=1214603 X=-14321.6 Y=4220.28
Time=1215619 X=-14313.5 Y=3831.2
Time=1216642 X=-14305.3 Y=3439.17
Time=1217661 X=-14297.2 Y=3048.93
Time=1218658 X=-14259.6 Y=3012.94
Time=1219694 X=-13886.6 Y=3085.24
Time=1220702 X=-13567.3 Y=3085.2
Time=1221758 X=-13173 Y=3001.04
Time=1222752 X=-12804.6 Y=2904.74
Time=1223768 X=-12428.1 Y=2806.31
Time=1224790 X=-12049.1 Y=2708.57
Time=1225799 X=-11942.2 Y=2477.08
Time=1226815 X=-11565.2 Y=2380.46
Time=1227787 X=-11204.6 Y=2288.01
Time=1228821 X=-11007.5 Y=2114.91
Time=1229830 X=-11093.7 Y=1775.7
Time=1230850 X=-11099.4 Y=1753.08
Time=1231823 X=-11099.4 Y=1753.08
Time=1232929 X=-11099.4 Y=1753.08
Time=1233925 X=-11099.4 Y=1753.08
Time=1234927 X=-11099.4 Y=1753.08
Time=1235957 X=-11099.4 Y=1753.08
Time=1236964 X=-11099.4 Y=1753.08
Time=1237987 X=-11051.4 Y=1968.12
Time=1238986 X=-10971.8 Y=2324.51
Time=1240032 X=-10915.2 Y=2578.17
Time=1241031 X=-10784.6 Y=2537.03
Time=1242050 X=-10407.2 Y=2441.83
Time=1243059 X=-10032 Y=2349.01
Time=1244071 X=-9656.12 Y=2254.47
Time=1245073 X=-9321.11 Y=2080.85
Time=1246121 X=-8950.48 Y=1931.24
Time=1247132 X=-8608.02 Y=1807.73
Time=1248164 X=-8223.69 Y=1740.19
Time=1249180 X=-8005.17 Y=1418.63
Time=1250183 X=-7836.99 Y=1075.68
Time=1251184 X=-7670.96 Y=779.995
Time=1252194 X=-7295.03 Y=709.027
Time=1253176 X=-7166.72 Y=844.361
Time=1254245 X=-7327.34 Y=1221.01
Time=1255257 X=-7479.4 Y=1577.58
Time=1256261 X=-7618.35 Y=1903.41
Time=1257282 X=-7358.24 Y=1917.29
Time=1258313 X=-7228.23 Y=1920
Time=1259304 X=-7154.93 Y=1920
Time=1260341 X=-6856.87 Y=1886.37
Time=1261340 X=-6791.8 Y=1935.38
Time=1262376 X=-6419.04 Y=1808.03
Time=1263374 X=-6061.09 Y=1674.82
Time=1264391 X=-5686.88 Y=1567.01
Time=1265394 X=-5830.25 Y=1795.77
Time=1266421 X=-6065.94 Y=2110.73
Time=1267423 X=-5966.41 Y=2200.62
Time=1268424 X=-5854.23 Y=2175.7
Time=1269437 X=-5833.67 Y=2171.13
Time=1270451 X=-5711.02 Y=2143.88
Time=1271470 X=-5500.14 Y=2027.83
Time=1272484 X=-5589.27 Y=1951.71
Time=1273503 X=-5818.73 Y=2098.42
Time=1274529 X=-5939.32 Y=2304
Time=1275513 X=-5939.32 Y=2304
Time=1276545 X=-5939.32 Y=2304
Time=1277542 X=-5939.32 Y=2304
Time=1278555 X=-5865.74 Y=2212.27
Time=1279579 X=-5758.03 Y=1984.97
Time=1280606 X=-5657.22 Y=1606.06
Time=1281623 X=-5513.92 Y=1262.3
Time=1282638 X=-5139.48 Y=1161.38
Time=1283635 X=-4766.87 Y=1077.71
Time=1284653 X=-4386.31 Y=992.694
Time=1285665 X=-4008 Y=908.175
Time=1286663 X=-3634.93 Y=824.826
Time=1287661 X=-3577.36 Y=811.964
Time=1288703 X=-3577.36 Y=811.964
Time=1289689 X=-3571.9 Y=835.076
Time=1290704 X=-3674.77 Y=1203.23
Time=1291703 X=-3967.38 Y=1432.87
Time=1292769 X=-4075.48 Y=1525.54
Time=1293771 X=-4129.75 Y=1585.95
Time=1294802 X=-4159.29 Y=1618.83
Time=1295826 X=-4159.29 Y=1618.83
Time=1296850 X=-4159.29 Y=1618.83
Time=1297862 X=-4159.29 Y=1618.83
Time=1298874 X=-4159.29 Y=1618.83
Time=1299908 X=-4159.29 Y=1618.83
Time=1300905 X=-4066.27 Y=1792.71
Time=1301919 X=-4026.57 Y=1910.9
Time=1302942 X=-3982.27 Y=2297.68
Time=1303940 X=-3954.21 Y=2678.78
Time=1304970 X=-3928.2 Y=3032.15
Time=1305974 X=-3901.06 Y=3400.81
Time=1306993 X=-3872.47 Y=3789.18
Time=1308009 X=-3844.02 Y=4175.62
Time=1309036 X=-3815.19 Y=4566.24
Time=1310056 X=-3786.29 Y=4955.87
Time=1311086 X=-3757.11 Y=5349.32
Time=1312093 X=-3728.58 Y=5733.99
Time=1313095 X=-3700.19 Y=6116.74
Time=1314105 X=-3671.55 Y=6502.32
Time=1315130 X=-3663.43 Y=6611.27
Time=1316143 X=-3663.43 Y=6611.27
Time=1317144 X=-3663.43 Y=6611.27
Time=1318166 X=-3858.32 Y=6704.5
Time=1319187 X=-4108.46 Y=6824.18
Time=1320202 X=-4103.11 Y=6896.37
Time=1321215 X=-4026.57 Y=7275.47
Time=1322226 X=-3936.76 Y=7652.17
Time=1323233 X=-3814.03 Y=7994.27
Time=1324240 X=-3645.49 Y=8264.28
Time=1325236 X=-3645.49 Y=8264.28
Time=1326336 X=-3645.49 Y=8264.28
Time=1327351 X=-3645.49 Y=8264.28
Time=1328309 X=-3645.49 Y=8264.28
Time=1329368 X=-3645.49 Y=8264.28
Time=1330403 X=-3645.49 Y=8264.28
Time=1331466 X=-3645.49 Y=8264.28
Time=1332472 X=-3645.49 Y=8264.28
Time=1333466 X=-3645.49 Y=8264.28
Time=1334511 X=-3645.49 Y=8264.28
Time=1335493 X=-3645.49 Y=8264.28
Time=1336525 X=-3645.49 Y=8264.28
Time=1337539 X=-3645.49 Y=8264.28
Time=1338582 X=-3645.49 Y=8264.28
Time=1339563 X=-3645.49 Y=8264.28
Time=1340588 X=-3645.49 Y=8264.28
Time=1341582 X=-3645.49 Y=8264.28
Time=1342630 X=-3645.49 Y=8264.28
Time=1343632 X=-3645.49 Y=8264.28
Time=1344659 X=-3645.49 Y=8264.28
Time=1345677 X=-3645.49 Y=8264.28
Time=1346706 X=-3645.49 Y=8264.28
Time=1347694 X=-3645.49 Y=8264.28
Time=1348764 X=-3645.49 Y=8264.28
Time=1349792 X=-3645.49 Y=8264.28
Time=1350825 X=-3645.49 Y=8264.28
Time=1351785 X=-3645.49 Y=8264.28
Time=1352901 X=-3645.49 Y=8264.28
Time=1353928 X=-3645.49 Y=8264.28
Time=1354953 X=-3645.49 Y=8264.28
Time=1355976 X=-3645.49 Y=8264.28
Time=1357005 X=-3645.49 Y=8264.28
Time=1358034 X=-3645.49 Y=8264.28
Time=1359054 X=-3645.49 Y=8264.28
Time=1360101 X=-3645.49 Y=8264.28
Time=1361118 X=-3645.49 Y=8264.28
Time=1362112 X=-3645.49 Y=8264.28
Time=1363146 X=-3645.49 Y=8264.28
Time=1364182 X=-3645.49 Y=8264.28
Time=1365214 X=-3645.49 Y=8264.28
Time=1366244 X=-3645.49 Y=8264.28
Time=1367228 X=-3645.49 Y=8264.28
Time=1368304 X=-3645.49 Y=8264.28
Time=1369332 X=-3645.49 Y=8264.28
Time=1370324 X=-3645.49 Y=8264.28
Time=1371425 X=-3645.49 Y=8264.28
Time=1372465 X=-3645.49 Y=8264.28
Time=1373478 X=-3645.49 Y=8264.28
Time=1374496 X=-3645.49 Y=8264.28
Time=1375494 X=-3645.49 Y=8264.28
Time=1376515 X=-3645.49 Y=8264.28
Time=1377570 X=-3645.49 Y=8264.28
Time=1378607 X=-3645.49 Y=8264.28
Time=1379633 X=-3645.49 Y=8264.28
Time=1380690 X=-3645.49 Y=8264.28
Time=1381705 X=-3645.49 Y=8264.28
Time=1382744 X=-3645.49 Y=8264.28
Time=1383774 X=-3645.49 Y=8264.28
Time=1384803 X=-3645.49 Y=8264.28
Time=1385832 X=-3645.49 Y=8264.28
Time=1386848 X=-3645.49 Y=8264.28
Time=1387904 X=-3645.49 Y=8264.28
Time=1388918 X=-3645.49 Y=8264.28
Time=1389968 X=-3645.49 Y=8264.28
Time=1390998 X=-3645.49 Y=8264.28
Time=1392036 X=-3645.49 Y=8264.28
Time=1393081 X=-3645.49 Y=8264.28
Time=1394102 X=-3645.49 Y=8264.28
Time=1395101 X=-3645.49 Y=8264.28
Time=1396120 X=-3645.49 Y=8264.28
Time=1397162 X=-3645.49 Y=8264.28
Time=1398210 X=-3645.49 Y=8264.28
Time=1399227 X=-3645.49 Y=8264.28
Time=1400239 X=-3645.49 Y=8264.28
Time=1401246 X=-3645.49 Y=8264.28
Time=1402287 X=-3645.49 Y=8264.28
Time=1403301 X=-3645.49 Y=8264.28
Time=1404326 X=-3645.49 Y=8264.28
Time=1405337 X=-3645.49 Y=8264.28
Time=1406345 X=-3645.49 Y=8264.28
Time=1407368 X=-3645.49 Y=8264.28
Time=1408401 X=-3645.49 Y=8264.28
Time=1409394 X=-3645.49 Y=8264.28
Time=1410429 X=-3645.49 Y=8264.28
Time=1411446 X=-3645.49 Y=8264.28
Time=1412482 X=-3687.97 Y=8325.25
Time=1413521 X=-3687.97 Y=8325.25
Time=1414545 X=-3687.97 Y=8325.25
Time=1415561 X=-3687.97 Y=8325.25
Time=1416574 X=-3687.97 Y=8325.25
Time=1417599 X=-3687.97 Y=8325.25
Time=1418611 X=-3687.97 Y=8325.25
Time=1419644 X=-3687.97 Y=8325.25
Time=1420668 X=-3687.97 Y=8325.25
Time=1421688 X=-3687.97 Y=8325.25
Time=1422717 X=-3687.97 Y=8325.25
Time=1423745 X=-3687.97 Y=8325.25
Time=1424757 X=-3687.97 Y=8325.25
Time=1425761 X=-3687.97 Y=8325.25
Time=1426820 X=-3687.97 Y=8325.25
Time=1427827 X=-3749.33 Y=8338.72
Time=1428848 X=-3923.52 Y=8376.97
Time=1429879 X=-3758.3 Y=8638.22
Time=1430896 X=-3568.51 Y=8956.77
Time=1431936 X=-3556.58 Y=9352.97
Time=1432915 X=-3669.94 Y=9699.52
Time=1433995 X=-3681.28 Y=9318.99
Time=1434998 X=-3545.55 Y=9030.5
Time=1436038 X=-3600.15 Y=8636.62
Time=1437072 X=-3682.23 Y=8251.01
Time=1438080 X=-3853.65 Y=7966.59
Time=1439106 X=-3928.08 Y=7787.07
Time=1440135 X=-3859.27 Y=7948.98
Time=1441187 X=-3709.73 Y=8306.33
Time=1442219 X=-3559.66 Y=8672.01
Time=1443236 X=-3417.49 Y=9034.69
Time=1444252 X=-3295.25 Y=9403.35
Time=1445268 X=-3294.82 Y=9788.01
Time=1446276 X=-3394.15 Y=10148.2
Time=1447303 X=-3714.97 Y=10001.2
Time=1448325 X=-3959.75 Y=9696.29
Time=1449357 X=-4222.9 Y=9412.1
Time=1450380 X=-4470.04 Y=9108.94
Time=1451400 X=-4675.73 Y=8776.8
Time=1452418 X=-4873.79 Y=8440.91
Time=1453438 X=-5070.54 Y=8103.37
Time=1454480 X=-5271.21 Y=7758.35
Time=1455485 X=-5480.81 Y=7435.89
Time=1456525 X=-5718.9 Y=7116.53
Time=1457538 X=-5922.98 Y=6850.76
Time=1458555 X=-6160.54 Y=6542.03
Time=1459567 X=-6442.6 Y=6280.73
Time=1460593 X=-6814.09 Y=6157.13
Time=1461633 X=-7199.17 Y=6055.14
Time=1462639 X=-7577.51 Y=5985.4
Time=1463651 X=-7963.94 Y=5962.33
Time=1464696 X=-8347.71 Y=6066.49
Time=1465721 X=-8699.81 Y=6239.69
Time=1466733 X=-8970.77 Y=6442.72
Time=1467733 X=-9241.18 Y=6692.22
Time=1468792 X=-9410.09 Y=6848.07
Time=1469812 X=-9410.09 Y=6848.07
Time=1470833 X=-9410.09 Y=6848.07
Time=1471810 X=-9687.78 Y=7098.94
Time=1472868 X=-9988.5 Y=7370.6
Time=1473854 X=-10254.3 Y=7636.84
Time=1474873 X=-10475.2 Y=7958.64
Time=1475879 X=-10775.8 Y=8153.13
Time=1476890 X=-11125.9 Y=8188.65
Time=1477901 X=-11509.5 Y=8164.72
Time=1478868 X=-11871.9 Y=8088.17
Time=1479932 X=-12270.6 Y=8003.94
Time=1480943 X=-12649.5 Y=7923.9
Time=1481946 X=-13025.4 Y=7844.5
Time=1482949 X=-13401.3 Y=7765.1
Time=1483952 X=-13777.2 Y=7685.7
Time=1484975 X=-14132.9 Y=7681.06
Time=1485984 X=-14466.8 Y=7875.65
Time=1486992 X=-14800.4 Y=8070.05
Time=1488015 X=-14956.8 Y=8161.18
Time=1489038 X=-14964.6 Y=8178.68
Time=1490065 X=-15208.5 Y=8465.5
Time=1491062 X=-15531.9 Y=8668.69
Time=1492087 X=-15864.3 Y=8877.59
Time=1493072 X=-16088.8 Y=9169.78
Time=1494107 X=-16192.5 Y=9433.37
Time=1495120 X=-16405.1 Y=9753.6
Time=1496132 X=-16627 Y=10064.3
Time=1497145 X=-16901.1 Y=10338.9
Time=1498148 X=-17163.4 Y=10619.9
Time=1499145 X=-17412.5 Y=10909.4
Time=1500137 X=-17659.3 Y=11198.3
Time=1501186 X=-17853.1 Y=11435.5
Time=1502187 X=-17853.1 Y=11435.5
Time=1503184 X=-17821 Y=11558.9
Time=1504185 X=-17773 Y=11939.3
Time=1505202 X=-17724.1 Y=12325.8
Time=1506206 X=-17675.9 Y=12707.3
Time=1507226 X=-17626.7 Y=13096.3
Time=1508229 X=-17603.4 Y=13280.4
Time=1509240 X=-17526.2 Y=13434.1
Time=1510253 X=-17405.3 Y=13802.8
Time=1511264 X=-17292.3 Y=14147.4
Time=1512272 X=-17292.3 Y=14147.4
Time=1513285 X=-17292.5 Y=14190.7
Time=1514321 X=-17291 Y=14387
Time=1515313 X=-17291 Y=14387
Time=1516331 X=-17291 Y=14387
Time=1517343 X=-17281.8 Y=14386.5
Time=1518354 X=-16901.5 Y=14356.3
Time=1519371 X=-16512.1 Y=14343.9
Time=1520395 X=-16126.1 Y=14308.9
Time=1521429 X=-15785.7 Y=14118.3
Time=1522436 X=-15449.1 Y=13929.9
Time=1523451 X=-15224.9 Y=13804.4
Time=1524462 X=-14963.1 Y=13840.7
Time=1525469 X=-14584.7 Y=13915.5
Time=1526487 X=-14201.6 Y=13985.1
Time=1527495 X=-13817 Y=13951.8
Time=1528519 X=-13426.2 Y=13917.9
Time=1529505 X=-13072.7 Y=13887.2
Time=1530512 X=-12688.4 Y=13853.8
Time=1531534 X=-12298.4 Y=13820
Time=1532565 X=-11905 Y=13785.8
Time=1533570 X=-11521.4 Y=13752.6
Time=1534596 X=-11129.9 Y=13718.6
Time=1535622 X=-10738.4 Y=13684.6
Time=1536613 X=-10360.2 Y=13651.8
Time=1537626 X=-10029 Y=13623
Time=1538634 X=-9930.22 Y=13614.5
Time=1539658 X=-9930.22 Y=13614.5
Time=1540675 X=-9930.22 Y=13614.5
Time=1541687 X=-9909.13 Y=13298.8
Time=1542723 X=-9864.17 Y=12904.5
Time=1543730 X=-9847.6 Y=12760.7
Time=1544740 X=-9808.49 Y=12375.8
Time=1545746 X=-9784.13 Y=11991.3
Time=1546800 X=-9759.53 Y=11602.7
Time=1547826 X=-9737.14 Y=11249.2
Time=1548812 X=-9720.42 Y=10869.2
Time=1549837 X=-9748.45 Y=10475.1
Time=1550854 X=-9750.45 Y=10151.7
Time=1551876 X=-9750.45 Y=10151.7
Time=1552855 X=-9750.45 Y=10151.7
Time=1553902 X=-9757.74 Y=10049.8
Time=1554916 X=-9839.54 Y=9670.15
Time=1555926 X=-9921.02 Y=9291.96
Time=1556943 X=-9979.26 Y=9021.63
Time=1557964 X=-9979.26 Y=9021.63
Time=1558976 X=-9979.26 Y=9021.63
Time=1559938 X=-9979.26 Y=9021.63
Time=1560984 X=-9979.26 Y=9021.63
Time=1561993 X=-9979.26 Y=9021.63
Time=1563014 X=-9979.26 Y=9021.63
Time=1564036 X=-9979.26 Y=9021.63
Time=1565051 X=-9979.26 Y=9021.63
Time=1566048 X=-9979.26 Y=9021.63
Time=1567047 X=-9980.42 Y=9045.73
Time=1568054 X=-10176.8 Y=9311.19
Time=1569080 X=-10323.8 Y=8962.69
Time=1570115 X=-10403.2 Y=8574.28
Time=1571123 X=-10453.2 Y=8246.1
Time=1572151 X=-10492 Y=7963.96
Time=1573168 X=-10479.1 Y=7942.29
Time=1574204 X=-10424.2 Y=7849.95
Time=1575215 X=-10410.8 Y=7827.42
Time=1576223 X=-10304.3 Y=7609.03
Time=1577236 X=-10385.6 Y=7229.6
Time=1578264 X=-10387.6 Y=7123.64
Time=1579297 X=-10370.3 Y=7106.34
Time=1580322 X=-10345.7 Y=7089.45
Time=1581364 X=-10328.3 Y=7077.56
Time=1582357 X=-10328.3 Y=7077.56
Time=1583409 X=-10328.3 Y=7077.56
Time=1584422 X=-10328.3 Y=7077.56
Time=1585462 X=-10328.3 Y=7077.56
Time=1586463 X=-10328.3 Y=7077.56
Time=1587469 X=-10333.5 Y=7410.38
Time=1588509 X=-10339.7 Y=7808.74
Time=1589497 X=-10345.6 Y=8187.14
Time=1590535 X=-10392.8 Y=8582.22
Time=1591551 X=-10440.3 Y=8968.49
Time=1592547 X=-10482.5 Y=9311.87
Time=1593628 X=-10533 Y=9722.85
Time=1594647 X=-10580.5 Y=10110.3
Time=1595654 X=-10597 Y=10244.5
Time=1596656 X=-10597 Y=10244.5
Time=1597659 X=-10597 Y=10244.5
Time=1598664 X=-10551.1 Y=10058.6
Time=1599678 X=-10482.4 Y=9676.31
Time=1600673 X=-10421.4 Y=9337.31
Time=1601676 X=-10355.8 Y=8972.76
Time=1602687 X=-10271.8 Y=8594.73
Time=1603685 X=-10180.4 Y=8223.26
Time=1604716 X=-10085.9 Y=7839.8
Time=1605705 X=-9981.97 Y=7475.82
Time=1606744 X=-9880.85 Y=7208.84
Time=1607745 X=-9855.59 Y=7190.82
Time=1608741 X=-9545.18 Y=6969.03
Time=1609781 X=-9220.86 Y=6737.71
Time=1610797 X=-8917.64 Y=6521.44
Time=1611803 X=-8603.93 Y=6297.68
Time=1612810 X=-8289.9 Y=6073.7
Time=1613882 X=-7955.6 Y=5835.27
Time=1614878 X=-7922.83 Y=5821.49
Time=1615895 X=-7560.46 Y=5929.28
Time=1616915 X=-7193.49 Y=6063.37
Time=1617930 X=-6828.31 Y=6196.81
Time=1618946 X=-6516.16 Y=6310.86
Time=1619945 X=-6200.1 Y=6516.17
Time=1620969 X=-5976.86 Y=6838.57
Time=1621970 X=-5779.59 Y=7167.35
Time=1623021 X=-5596.92 Y=7526.16
Time=1624033 X=-5453.82 Y=7886.45
Time=1625051 X=-5329.8 Y=8214.95
Time=1626055 X=-5376.14 Y=8143.43
Time=1627047 X=-5393.48 Y=8107.56
Time=1628055 X=-5407.99 Y=8064.04
Time=1629076 X=-5416.87 Y=8037.39
Time=1630067 X=-5294.48 Y=8130.79
Time=1631092 X=-5009.25 Y=8400.59
Time=1632114 X=-4724.87 Y=8669.61
Time=1633129 X=-4442.43 Y=8936.78
Time=1634092 X=-4197.52 Y=9168.45
Time=1635147 X=-3915.41 Y=9435.31
Time=1636151 X=-3636.03 Y=9699.59
Time=1637182 X=-3528.58 Y=9834.82
Time=1638197 X=-3592.47 Y=10157.1
Time=1639209 X=-3592.69 Y=10526.6
Time=1640220 X=-3423.24 Y=10874.8
Time=1641260 X=-3263.02 Y=11239.4
Time=1642243 X=-3153.06 Y=11598.1
Time=1643261 X=-3280.79 Y=11930.5
Time=1644274 X=-3628.15 Y=12101.9
Time=1645295 X=-3985.42 Y=12261
Time=1646275 X=-4328.35 Y=12413.7
Time=1647325 X=-4375.95 Y=12434.8
Time=1648309 X=-4375.95 Y=12434.8
Time=1649345 X=-4484.44 Y=12501.9
Time=1650343 X=-4654.01 Y=12559.8
Time=1651389 X=-4725.42 Y=12569.5
Time=1652418 X=-4725.42 Y=12569.5
Time=1653418 X=-4896.15 Y=12669.2
Time=1654453 X=-5219.04 Y=12899.1
Time=1655483 X=-5553.41 Y=13108.4
Time=1656519 X=-5905.53 Y=13291.1
Time=1657549 X=-6257.43 Y=13469.4
Time=1658566 X=-6556.01 Y=13627.5
Time=1659599 X=-6556.01 Y=13627.5
Time=1660627 X=-6556.01 Y=13627.5
Time=1661637 X=-6556.01 Y=13627.5
Time=1662661 X=-6556.01 Y=13627.5
Time=1663694 X=-6556.01 Y=13627.5
Time=1664708 X=-6556.01 Y=13627.5
Time=1665748 X=-6556.01 Y=13627.5
Time=1666798 X=-6556.01 Y=13627.5
Time=1667826 X=-6556.01 Y=13627.5
Time=1668868 X=-6556.01 Y=13627.5
Time=1669888 X=-6556.01 Y=13627.5
Time=1670913 X=-6556.01 Y=13627.5
Time=1671923 X=-6556.01 Y=13627.5
Time=1672895 X=-6556.01 Y=13627.5
Time=1673976 X=-6556.01 Y=13627.5
Time=1674981 X=-6556.01 Y=13627.5
Time=1675992 X=-6556.01 Y=13627.5
Time=1677016 X=-6556.01 Y=13627.5
Time=1678031 X=-6556.01 Y=13627.5
Time=1679016 X=-6556.01 Y=13627.5
Time=1680003 X=-6556.01 Y=13627.5
Time=1681064 X=-6556.01 Y=13627.5
Time=1682067 X=-6561.4 Y=13714.1
Time=1683089 X=-6540.79 Y=14094.9
Time=1684111 X=-6495.73 Y=14473.2
Time=1685123 X=-6457.52 Y=14859
Time=1686146 X=-6445.8 Y=15250.6
Time=1687161 X=-6433.97 Y=15639.2
Time=1688162 X=-6427.19 Y=15862.1
Time=1689173 X=-6427.19 Y=15862.1
Time=1690195 X=-6427.19 Y=15862.1
Time=1691216 X=-6427.19 Y=15862.1
Time=1692235 X=-6384.79 Y=15826.8
Time=1693239 X=-6358.4 Y=15791.3
Time=1694267 X=-6358.4 Y=15791.3
Time=1695270 X=-6358.4 Y=15791.3
Time=1696287 X=-6155.8 Y=15889.3
Time=1697308 X=-6122.45 Y=15905.4
Time=1698330 X=-6122.45 Y=15905.4
Time=1699344 X=-6122.45 Y=15905.4
Time=1700346 X=-6122.45 Y=15905.4
Time=1701380 X=-6122.45 Y=15905.4
Time=1702369 X=-6122.45 Y=15905.4
Time=1703377 X=-6122.45 Y=15905.4
Time=1704390 X=-6122.45 Y=15905.4
Time=1705409 X=-6122.45 Y=15905.4
Time=1706427 X=-6074.55 Y=15920
Time=1707447 X=-6141.85 Y=15705.5
Time=1708472 X=-6259.4 Y=15330.9
Time=1709474 X=-6374.31 Y=14964.7
Time=1710495 X=-6491.4 Y=14591.5
Time=1711497 X=-6606.31 Y=14225.3
Time=1712545 X=-6726.5 Y=13842.3
Time=1713602 X=-6747.83 Y=13774.3
Time=1714613 X=-6756.36 Y=13705.7
Time=1715562 X=-6831.68 Y=13391.6
Time=1716658 X=-6929.56 Y=12983.4
Time=1717709 X=-6725.87 Y=13145.7
Time=1718712 X=-6462.24 Y=13429.1
Time=1719761 X=-6186.51 Y=13725.5
Time=1720780 X=-5918.68 Y=14013.4
Time=1721784 X=-5828.02 Y=14120
Time=1722797 X=-5756.16 Y=14463.9
Time=1723809 X=-5689.19 Y=14848.6
Time=1724827 X=-5622.2 Y=15233.5
Time=1725825 X=-5574.96 Y=15314.8
Time=1726879 X=-5298.11 Y=15022.8
Time=1727882 X=-5029.32 Y=14748.3
Time=1728871 X=-4764.27 Y=14477.6
Time=1729901 X=-4488.24 Y=14195.7
Time=1730917 X=-4215.96 Y=13917.6
Time=1731929 X=-3944.75 Y=13640.7
Time=1732916 X=-3680.25 Y=13370.6
Time=1734002 X=-3389.21 Y=13073.3
Time=1735002 X=-3124.54 Y=12803.1
Time=1736004 X=-3040.47 Y=12717.2
Time=1737004 X=-3040.47 Y=12717.2
Time=1738012 X=-3040.47 Y=12717.2
Time=1739030 X=-3048.82 Y=12839.9
Time=1740026 X=-3048.82 Y=12839.9
Time=1741064 X=-3048.82 Y=12839.9
Time=1742080 X=-3054.18 Y=12564.9
Time=1743104 X=-3069.88 Y=12172.9
Time=1744126 X=-3085.54 Y=11781.8
Time=1745144 X=-3100.26 Y=11414.3
Time=1746155 X=-3115.76 Y=11027.3
Time=1747146 X=-3130.96 Y=10648.1
Time=1748174 X=-3146.71 Y=10254.6
Time=1749178 X=-3162.11 Y=9870.35
Time=1750179 X=-3177.45 Y=9487.23
Time=1751196 X=-3193.04 Y=9097.99
Time=1752212 X=-3208.62 Y=8709.13
Time=1753216 X=-3223.05 Y=8348.8
Time=1754226 X=-3238.54 Y=7962.24
Time=1755241 X=-3209.59 Y=7579.69
Time=1756251 X=-2910.82 Y=7425.98
Time=1757273 X=-2519.69 Y=7442.33
Time=1758275 X=-2244.02 Y=7453.86
Time=1759274 X=-2400.53 Y=7430
Time=1760291 X=-2738.35 Y=7425.94
Time=1761320 X=-3129.15 Y=7454.75
Time=1762322 X=-3233.49 Y=7790.83
Time=1763318 X=-3153.65 Y=8163.94
Time=1764338 X=-3060.79 Y=8543.44
Time=1765356 X=-2968.11 Y=8922.2
Time=1766372 X=-2859.71 Y=9294.56
Time=1767385 X=-2618.42 Y=9591.02
Time=1768432 X=-2229.34 Y=9656.79
Time=1769418 X=-1908 Y=9690.72
Time=1770444 X=-1522.47 Y=9731.42
Time=1771456 X=-1136.98 Y=9772.11
Time=1772412 X=-811.981 Y=9806.42
Time=1773540 X=-811.981 Y=9806.42
Time=1774590 X=-811.981 Y=9806.42
Time=1775602 X=-891.412 Y=9778.42
Time=1776634 X=-1285.04 Y=9742.13
Time=1777639 X=-1668.37 Y=9706.78
Time=1778649 X=-2054.92 Y=9671.13
Time=1779664 X=-2442.22 Y=9633.75
Time=1780675 X=-2763.68 Y=9453.41
Time=1781680 X=-2922.49 Y=9108.64
Time=1782685 X=-3013.99 Y=8734.71
Time=1783706 X=-3106.94 Y=8354.84
Time=1784725 X=-3199.71 Y=7975.7
Time=1785723 X=-3217.04 Y=7602.64
Time=1786772 X=-2984.68 Y=7423.58
Time=1787787 X=-2596.23 Y=7439.13
Time=1788819 X=-2244.02 Y=7453.86
Time=1789823 X=-2244.02 Y=7453.86
Time=1790849 X=-2244.02 Y=7453.86
Time=1791858 X=-2244.02 Y=7453.86
Time=1792852 X=-2244.02 Y=7453.86
Time=1793927 X=-2244.02 Y=7453.86
Time=1794941 X=-2244.02 Y=7453.86
Time=1795944 X=-2244.02 Y=7453.86
Time=1796972 X=-2244.02 Y=7453.86
Time=1797983 X=-2244.02 Y=7453.86
Time=1799006 X=-2244.02 Y=7453.86
Time=1800007 X=-2244.02 Y=7453.86
Time=1801046 X=-2244.02 Y=7453.86
Time=1802043 X=-2244.02 Y=7453.86
Time=1803074 X=-2244.02 Y=7453.86
Time=1804072 X=-2244.02 Y=7453.86
Time=1805110 X=-2244.02 Y=7453.86
Time=1806111 X=-2244.02 Y=7453.86
Time=1807140 X=-2244.02 Y=7453.86
Time=1808158 X=-2244.02 Y=7453.86
Time=1809178 X=-2244.02 Y=7453.86
Time=1810194 X=-2290.77 Y=7432.17
Time=1811212 X=-2680.67 Y=7427
Time=1812239 X=-3072.24 Y=7442.47
Time=1813263 X=-3241.96 Y=7741.77
Time=1814277 X=-3163.85 Y=8122.27
Time=1815290 X=-3026.63 Y=8454.9
Time=1816297 X=-2977.72 Y=8694.34
Time=1817337 X=-2946.28 Y=8724.88
Time=1818330 X=-2907.17 Y=9103.23
Time=1819348 X=-2762.18 Y=9454.83
Time=1820343 X=-2775.81 Y=9441.92
Time=1821365 X=-2928.05 Y=9085.94
Time=1822367 X=-3019.27 Y=8713.13
Time=1823389 X=-3112.31 Y=8332.88
Time=1824400 X=-3201.91 Y=7966.7
Time=1825390 X=-3230.16 Y=7643.01
Time=1826403 X=-2973.13 Y=7423.37
Time=1827407 X=-2586.01 Y=7439.56
Time=1828443 X=-2244.02 Y=7453.86
Time=1829428 X=-2244.02 Y=7453.86
Time=1830439 X=-2244.02 Y=7453.86
Time=1831471 X=-2244.23 Y=7464.28
Time=1832483 X=-2252.04 Y=7854.75
Time=1833571 X=-2259.76 Y=8273.61
Time=1834580 X=-2262.15 Y=8441.36
Time=1835581 X=-2225.61 Y=8517.59
Time=1836577 X=-2225.61 Y=8517.59
Time=1837610 X=-2225.61 Y=8517.59
Time=1838630 X=-2225.61 Y=8517.59
Time=1839661 X=-2225.61 Y=8517.59
Time=1840675 X=-2183.97 Y=8459.22
Time=1841680 X=-2183.97 Y=8459.22
Time=1842690 X=-2308.57 Y=8250.74
Time=1843698 X=-2531.5 Y=7935.5
Time=1844699 X=-2348.63 Y=7614.62
Time=1845712 X=-2244.02 Y=7453.86
Time=1846741 X=-2244.02 Y=7453.86
Time=1847748 X=-2244.02 Y=7453.86
Time=1848753 X=-2244.02 Y=7453.86
Time=1849785 X=-2143.78 Y=7602.99
Time=1850817 X=-1924.56 Y=7931.92
Time=1851823 X=-1723.58 Y=8260.66
Time=1852824 X=-1597.46 Y=8469.09
Time=1853875 X=-1538.61 Y=8565.55
Time=1854876 X=-1538.61 Y=8565.55
Time=1855901 X=-1538.61 Y=8565.55
Time=1856928 X=-1538.61 Y=8565.55
Time=1857937 X=-1328.06 Y=8490.75
Time=1858956 X=-1149.96 Y=8534.71
Time=1859969 X=-948.463 Y=8541.49
Time=1860976 X=-685.834 Y=8491.1
Time=1861975 X=-693.291 Y=8450.83
Time=1863015 X=-738.363 Y=8404.94
Time=1864038 X=-1097.34 Y=8247.83
Time=1865071 X=-1459.82 Y=8089.19
Time=1866086 X=-1815.99 Y=7933.31
Time=1867053 X=-2155.32 Y=7784.8
Time=1868096 X=-2509.38 Y=7629.84
Time=1869080 X=-2854.67 Y=7478.73
Time=1870149 X=-3195.67 Y=7536.86
Time=1871157 X=-3212.63 Y=7911.62
Time=1872159 X=-3123.97 Y=8285.23
Time=1873215 X=-3027.83 Y=8678.13
Time=1874192 X=-2938.89 Y=9041.63
Time=1875217 X=-2805.03 Y=9408.52
Time=1876208 X=-2558.65 Y=9620.64
Time=1877246 X=-2163.06 Y=9663.79
Time=1878267 X=-1774.14 Y=9704.85
Time=1879278 X=-1389.03 Y=9745.5
Time=1880315 X=-994.009 Y=9787.21
Time=1881358 X=-811.981 Y=9806.42
Time=1882351 X=-811.981 Y=9806.42
Time=1883384 X=-811.981 Y=9806.42
Time=1884416 X=-811.981 Y=9806.42
Time=1885434 X=-811.981 Y=9806.42
Time=1886440 X=-811.981 Y=9806.42
Time=1887499 X=-811.981 Y=9806.42
Time=1888508 X=-811.981 Y=9806.42
Time=1889663 X=-811.981 Y=9806.42
Time=1890599 X=-811.981 Y=9806.42
Time=1891686 X=-811.981 Y=9806.42
Time=1892651 X=-811.981 Y=9806.42
Time=1893694 X=-811.981 Y=9806.42
Time=1894688 X=-811.981 Y=9806.42
Time=1895711 X=-811.981 Y=9806.42
Time=1896716 X=-811.981 Y=9806.42
Time=1897745 X=-811.981 Y=9806.42
Time=1898747 X=-811.981 Y=9806.42
Time=1899730 X=-811.981 Y=9806.42
Time=1900781 X=-811.981 Y=9806.42
Time=1901795 X=-811.981 Y=9806.42
Time=1902808 X=-811.981 Y=9806.42
Time=1903815 X=-811.981 Y=9806.42
Time=1904817 X=-811.981 Y=9806.42
Time=1905805 X=-811.981 Y=9806.42
Time=1906849 X=-811.981 Y=9806.42
Time=1907852 X=-811.981 Y=9806.42
Time=1908837 X=-811.981 Y=9806.42
Time=1909883 X=-811.981 Y=9806.42
Time=1910407 X=-811.981 Y=9806.42
Time=1911504 X=-811.981 Y=9806.42
Time=1912734 X=-811.981 Y=9806.42
Time=1912798 X=-811.981 Y=9806.42
Time=1914049 X=-811.981 Y=9806.42
Time=1915065 X=-811.981 Y=9806.42
Time=1916452 X=-811.981 Y=9806.42
Time=1917604 X=-811.981 Y=9806.42
Time=1917610 X=-811.981 Y=9806.42
Time=1919064 X=-811.981 Y=9806.42
Time=1920415 X=-811.981 Y=9806.42
Time=1921886 X=-811.981 Y=9806.42
Time=1921952 X=-811.981 Y=9806.42
Time=1923057 X=-811.981 Y=9806.42
Time=1924451 X=-811.981 Y=9806.42
Time=1924471 X=-811.981 Y=9806.42
Time=1925995 X=-811.981 Y=9806.42
Time=1927322 X=-811.981 Y=9806.42
Time=1928383 X=-811.981 Y=9806.42
Time=1929804 X=-811.981 Y=9806.42
Time=1929808 X=-811.981 Y=9806.42
Time=1931240 X=-811.981 Y=9806.42
Time=1932556 X=-811.981 Y=9806.42
Time=1932568 X=-811.981 Y=9806.42
Time=1933984 X=-811.981 Y=9806.42
Time=1935436 X=-811.981 Y=9806.42
Time=1936574 X=-811.981 Y=9806.42
Time=1937919 X=-811.981 Y=9806.42
Time=1937928 X=-811.981 Y=9806.42
Time=1939013 X=-811.981 Y=9806.42
Time=1940157 X=-811.981 Y=9806.42
Time=1941336 X=-811.981 Y=9806.42
Time=1942701 X=-811.981 Y=9806.42
Time=1943936 X=-811.981 Y=9806.42
Time=1944952 X=-811.981 Y=9806.42
Time=1944952 X=-811.981 Y=9806.42
Time=1946451 X=-811.981 Y=9806.42
Time=1947735 X=-811.981 Y=9806.42
Time=1947735 X=-811.981 Y=9806.42
Time=1949221 X=-811.981 Y=9806.42
Time=1950222 X=-811.981 Y=9806.42
Time=1951472 X=-811.981 Y=9806.42
Time=1952952 X=-811.981 Y=9806.42
Time=1952952 X=-811.981 Y=9806.42
Time=1953972 X=-811.981 Y=9806.42
Time=1955415 X=-811.981 Y=9806.42
Time=1956750 X=-811.981 Y=9806.42
Time=1956755 X=-811.981 Y=9806.42
Time=1958206 X=-811.981 Y=9806.42
Time=1959701 X=-811.981 Y=9806.42
Time=1960931 X=-811.981 Y=9806.42
Time=1960954 X=-811.981 Y=9806.42
Time=1962432 X=-811.981 Y=9806.42
Time=1963447 X=-811.981 Y=9806.42
Time=1964451 X=-811.981 Y=9806.42
Time=1965566 X=-811.981 Y=9806.42
Time=1966655 X=-811.981 Y=9806.42
Time=1967859 X=-811.981 Y=9806.42
Time=1967861 X=-811.981 Y=9806.42
Time=1969056 X=-811.981 Y=9806.42
Time=1970323 X=-811.981 Y=9806.42
Time=1971583 X=-811.981 Y=9806.42
Time=1971596 X=-811.981 Y=9806.42
Time=1973098 X=-811.981 Y=9806.42
Time=1974440 X=-811.981 Y=9806.42
Time=1975935 X=-811.981 Y=9806.42
Time=1975954 X=-811.981 Y=9806.42
Time=1977062 X=-811.981 Y=9806.42
Time=1978554 X=-811.981 Y=9806.42
Time=1979579 X=-811.981 Y=9806.42
Time=1979586 X=-811.981 Y=9806.42
Time=1981063 X=-811.981 Y=9806.42
Time=1982325 X=-811.981 Y=9806.42
Time=1983572 X=-811.981 Y=9806.42
Time=1983572 X=-811.981 Y=9806.42
Time=1985080 X=-811.981 Y=9806.42
Time=1986338 X=-811.981 Y=9806.42
Time=1987804 X=-811.981 Y=9806.42
Time=1987804 X=-811.981 Y=9806.42
Time=1989055 X=-811.981 Y=9806.42
Time=1990415 X=-811.981 Y=9806.42
Time=1991555 X=-811.981 Y=9806.42
Time=1991555 X=-811.981 Y=9806.42
Time=1993162 X=-811.981 Y=9806.42
Time=1994556 X=-811.981 Y=9806.42
Time=1994649 X=-811.981 Y=9806.42
Time=1996062 X=-811.981 Y=9806.42
Time=1997557 X=-811.981 Y=9806.42
Time=1997557 X=-811.981 Y=9806.42
Time=1999054 X=-811.981 Y=9806.42
Time=2000075 X=-811.981 Y=9806.42
Time=2001555 X=-811.981 Y=9806.42
Time=2002943 X=-811.981 Y=9806.42
Time=2002943 X=-811.981 Y=9806.42
Time=2004208 X=-811.981 Y=9806.42
Time=2005308 X=-811.981 Y=9806.42
Time=2006528 X=-811.981 Y=9806.42
Time=2007837 X=-811.981 Y=9806.42
Time=2007845 X=-811.981 Y=9806.42
Time=2009201 X=-811.981 Y=9806.42
Time=2010336 X=-811.981 Y=9806.42
Time=2011584 X=-811.981 Y=9806.42
Time=2011628 X=-811.981 Y=9806.42
Time=2013116 X=-811.981 Y=9806.42
Time=2014597 X=-811.981 Y=9806.42
Time=2015955 X=-811.981 Y=9806.42
Time=2015955 X=-811.981 Y=9806.42
Time=2017055 X=-811.981 Y=9806.42
Time=2018335 X=-811.981 Y=9806.42
Time=2019575 X=-811.981 Y=9806.42
Time=2020942 X=-811.981 Y=9806.42
Time=2022055 X=-811.981 Y=9806.42
Time=2023468 X=-811.981 Y=9806.42
Time=2024726 X=-811.981 Y=9806.42
Time=2025652 X=-811.981 Y=9806.42
Time=2026677 X=-773.833 Y=9748.03
Time=2027669 X=-439.38 Y=9567.69
Time=2028700 X=-91.778 Y=9380.25
Time=2029716 X=250.767 Y=9195.55
Time=2030730 X=592.637 Y=9011.21
Time=2031759 X=939.565 Y=8824.15
Time=2032764 X=1244.27 Y=8659.85
Time=2033794 X=1565.1 Y=8486.85
Time=2034780 X=1921.66 Y=8366.77
Time=2035781 X=2291.23 Y=8264.63
Time=2036812 X=2667.06 Y=8147.87
Time=2037820 X=2956.85 Y=7965.35
Time=2038858 X=3134 Y=7942
Time=2039874 X=3134 Y=7942
Time=2040914 X=3134 Y=7942
Time=2041953 X=3134 Y=7942
Time=2042961 X=3134 Y=7942
Time=2043993 X=3134 Y=7942
Time=2044997 X=3134 Y=7942
Time=2046010 X=3134 Y=7942
Time=2047005 X=3134 Y=7942
Time=2048064 X=3134 Y=7942
Time=2049055 X=3134 Y=7942
Time=2050087 X=3134 Y=7942
Time=2051093 X=3134 Y=7942
Time=2052126 X=3134 Y=7942
Time=2053112 X=3134 Y=7942
Time=2054172 X=3134 Y=7942
Time=2055160 X=3134 Y=7942
Time=2056184 X=3134 Y=7942
Time=2057177 X=3134 Y=7942
Time=2058212 X=3134 Y=7942
Time=2059236 X=3134 Y=7942
Time=2060257 X=3134 Y=7942
Time=2061288 X=3134 Y=7942
Time=2062287 X=3134 Y=7942
Time=2063307 X=3134 Y=7942
Time=2064309 X=3134 Y=7942
Time=2065319 X=3134 Y=7942
Time=2066380 X=3101.49 Y=7898.93
Time=2067403 X=2960.31 Y=7734.54
Time=2068443 X=2960.31 Y=7734.54
Time=2069453 X=2960.31 Y=7734.54
Time=2070447 X=2960.31 Y=7734.54
Time=2071491 X=2960.31 Y=7734.54
Time=2072457 X=2960.31 Y=7734.54
Time=2073553 X=2960.31 Y=7734.54
Time=2074598 X=2960.31 Y=7734.54
Time=2075603 X=2960.31 Y=7734.54
Time=2076701 X=2960.31 Y=7734.54
Time=2077710 X=2960.31 Y=7734.54
Time=2078785 X=2960.31 Y=7734.54
Time=2079781 X=2960.31 Y=7734.54
Time=2080814 X=2960.31 Y=7734.54
Time=2081833 X=2960.31 Y=7734.54
Time=2082855 X=2960.31 Y=7734.54
Time=2083847 X=2960.31 Y=7734.54
Time=2084878 X=2960.31 Y=7734.54
Time=2085856 X=2960.31 Y=7734.54
Time=2086926 X=2960.31 Y=7734.54
Time=2087954 X=2960.31 Y=7734.54
Time=2088980 X=2960.31 Y=7734.54
Time=2090004 X=2960.31 Y=7734.54
Time=2091011 X=2960.31 Y=7734.54
Time=2092034 X=2960.31 Y=7734.54
Time=2093025 X=2960.31 Y=7734.54
Time=2094118 X=2960.31 Y=7734.54
Time=2095121 X=2960.31 Y=7734.54
Time=2096148 X=2960.31 Y=7734.54
Time=2097187 X=2960.31 Y=7734.54
Time=2098211 X=2960.31 Y=7734.54
Time=2099218 X=2960.31 Y=7734.54
Time=2100261 X=2960.31 Y=7734.54
Time=2101295 X=2960.31 Y=7734.54
Time=2102306 X=2960.31 Y=7734.54
Time=2103318 X=3038.48 Y=7719.13
Time=2104353 X=3427.53 Y=7642.92
Time=2105375 X=3767.2 Y=7585.46
Time=2106348 X=4136.77 Y=7537.44
Time=2107394 X=4535.12 Y=7494.51
Time=2108399 X=4917.93 Y=7453.85
Time=2109441 X=5070.29 Y=7437.66
Time=2110445 X=5070.29 Y=7437.66
Time=2111484 X=5070.29 Y=7437.66
Time=2112491 X=5070.29 Y=7437.66
Time=2113514 X=5070.29 Y=7437.66
Time=2114559 X=5070.29 Y=7437.66
Time=2115571 X=5070.29 Y=7437.66
Time=2116588 X=5070.29 Y=7437.66
Time=2117616 X=5070.29 Y=7437.66
Time=2118667 X=5138.02 Y=7447.51
Time=2119692 X=5237.34 Y=7461.94
Time=2120702 X=5322.91 Y=7474.38
Time=2121717 X=5322.91 Y=7474.38
Time=2122771 X=5322.91 Y=7474.38
Time=2123782 X=5322.91 Y=7474.38
Time=2124820 X=5322.91 Y=7474.38
Time=2125831 X=5322.91 Y=7474.38
Time=2126850 X=5322.91 Y=7474.38
Time=2127825 X=5285.45 Y=7472.08
Time=2128903 X=5169.72 Y=7463.31
Time=2129931 X=5169.72 Y=7463.31
Time=2130964 X=5169.72 Y=7463.31
Time=2131981 X=5169.72 Y=7463.31
Time=2133041 X=5169.72 Y=7463.31
Time=2134053 X=5169.72 Y=7463.31
Time=2135066 X=5169.72 Y=7463.31
Time=2136093 X=5169.72 Y=7463.31
Time=2137121 X=5169.72 Y=7463.31
Time=2138164 X=4945.84 Y=7476.48
Time=2139179 X=4560.3 Y=7526.59
Time=2140234 X=4159.56 Y=7578.67
Time=2141252 X=3772.88 Y=7628.93
Time=2142289 X=3378.98 Y=7680.12
Time=2143300 X=3016.82 Y=7727.2
Time=2144302 X=3139.77 Y=7670.7
Time=2145340 X=3527.67 Y=7583.43
Time=2146372 X=3913.33 Y=7496.66
Time=2147409 X=4300.85 Y=7409.47
Time=2148417 X=4677.54 Y=7324.72
Time=2149443 X=5060.95 Y=7238.45
Time=2150428 X=5429.05 Y=7155.64
Time=2151459 X=5814.33 Y=7068.95
Time=2152458 X=6117.79 Y=6944.39
Time=2153084 X=6295.85 Y=6813.37
Time=2154530 X=6704.33 Y=6439.94
Time=2155550 X=6977.21 Y=6160.33
Time=2156575 X=7251.43 Y=5879.35
Time=2157610 X=7528.32 Y=5595.62
Time=2158641 X=7804.15 Y=5313
Time=2159634 X=7835.37 Y=5281.01
Time=2160684 X=7835.37 Y=5281.01
Time=2161699 X=7835.37 Y=5281.01
Time=2162722 X=7835.37 Y=5281.01
Time=2163744 X=7817.48 Y=5333.59
Time=2164771 X=7786.86 Y=5429.38
Time=2165768 X=7757.14 Y=5522.37
Time=2166808 X=7726.13 Y=5619.37
Time=2167876 X=7715.42 Y=5652.85
Time=2168892 X=7699.77 Y=5655.73
Time=2169874 X=7699.77 Y=5655.73
Time=2170933 X=7713.71 Y=5563.07
Time=2171945 X=7746.41 Y=5343.41
Time=2172988 X=7749 Y=5326
Time=2173989 X=7749 Y=5326
Time=2175060 X=7749 Y=5326
Time=2176081 X=7749 Y=5326
Time=2177108 X=7749 Y=5326
Time=2178105 X=7717.53 Y=5379.12
Time=2179135 X=7508.85 Y=5713.94
Time=2180164 X=7417.91 Y=5859.84
Time=2181146 X=7460.7 Y=5837.52
Time=2182241 X=7643.74 Y=5744.52
Time=2183242 X=7643.74 Y=5744.52
Time=2184247 X=7643.74 Y=5744.52
Time=2185280 X=7643.74 Y=5744.52
Time=2186314 X=7643.74 Y=5744.52
Time=2187327 X=7643.74 Y=5744.52
Time=2188338 X=7643.74 Y=5744.52
Time=2189371 X=7643.74 Y=5744.52
Time=2190400 X=7838.54 Y=5494.18
Time=2191444 X=7852.84 Y=5491.45
Time=2192383 X=8207.21 Y=5430.03
Time=2193484 X=8241.96 Y=5387.63
Time=2194512 X=8348.14 Y=5124.64
Time=2195514 X=8467.75 Y=4914.43
Time=2196526 X=8469.99 Y=4907.79
Time=2197523 X=8476.06 Y=4889.71
Time=2198556 X=8579.02 Y=4628.94
Time=2199610 X=8664.22 Y=4441.91
Time=2200621 X=8680.09 Y=4431.48
Time=2201617 X=8703.55 Y=4428.82
Time=2202662 X=8695.59 Y=4435.17
Time=2203695 X=8691.85 Y=4421.2
Time=2204735 X=8889.61 Y=4093.83
Time=2205758 X=9104.76 Y=3766.33
Time=2206815 X=9327.06 Y=3427.95
Time=2207835 X=9525.57 Y=3125.79
Time=2208864 X=9725.8 Y=2821
Time=2209880 X=9944.27 Y=2623.02
Time=2210898 X=10229.8 Y=2357.41
Time=2211919 X=10512.7 Y=2087.38
Time=2212891 X=10782 Y=1830.3
Time=2213649 X=10992 Y=1629.83
Time=2215003 X=11367.2 Y=1271.73
Time=2215967 X=11626.3 Y=1024.38
Time=2217045 X=11823.8 Y=819.271
Time=2218066 X=12209.3 Y=753.976
Time=2219101 X=12598.5 Y=678.15
Time=2220106 X=12974.8 Y=597.131
Time=2221135 X=13357.9 Y=504.634
Time=2222160 X=13739.5 Y=412.327
Time=2223204 X=13971.5 Y=356.354
Time=2224203 X=13971.5 Y=356.354
Time=2225228 X=13971.5 Y=356.354
Time=2226215 X=13971.5 Y=356.354
Time=2227236 X=13971.5 Y=356.354
Time=2228280 X=13971.5 Y=356.354
Time=2229289 X=13971.5 Y=356.354
Time=2230323 X=13971.5 Y=356.354
Time=2231356 X=13971.5 Y=356.354
Time=2232335 X=14132.4 Y=352.899
Time=2233397 X=14520.6 Y=470.154
Time=2234415 X=14888.1 Y=608.878
Time=2235445 X=15260 Y=749.237
Time=2236457 X=15625.4 Y=887.143
Time=2237456 X=15980 Y=1020.96
Time=2238468 X=15980 Y=1020.96
Time=2239470 X=15980 Y=1020.96
Time=2240491 X=15980 Y=1020.96
Time=2241517 X=15980 Y=1020.96
Time=2242523 X=15980 Y=1020.96
Time=2243524 X=15980 Y=1020.96
Time=2244542 X=15980 Y=1020.96
Time=2245558 X=15980 Y=1020.96
Time=2246601 X=15980 Y=1020.96
Time=2247602 X=15980 Y=1020.96
Time=2248650 X=15980 Y=1020.96
Time=2249656 X=15980 Y=1020.96
Time=2250671 X=15980 Y=1020.96
Time=2251651 X=15980 Y=1020.96
Time=2252716 X=15658.5 Y=867.764
Time=2253732 X=15309.8 Y=694.88
Time=2254777 X=14951.2 Y=517.062
Time=2255807 X=14646.6 Y=366
Time=2256848 X=14945 Y=475.598
Time=2257849 X=15304.9 Y=607.872
Time=2258858 X=15667.6 Y=741.203
Time=2259923 X=16050.5 Y=881.934
Time=2260930 X=16090.4 Y=896.601
Time=2261938 X=16175.6 Y=1171.16
Time=2262955 X=16496.9 Y=1295.91
Time=2263958 X=16856.7 Y=1430.59
Time=2264976 X=17221.9 Y=1567.28
Time=2265969 X=17578.1 Y=1700.61
Time=2267008 X=17950.8 Y=1840.12
Time=2268032 X=18253.6 Y=1953.42
Time=2269065 X=18437.2 Y=2043.56
Time=2270086 X=18529.9 Y=2111.78
Time=2271099 X=18529.9 Y=2111.78
Time=2272124 X=18529.9 Y=2111.78
Time=2273164 X=18529.9 Y=2111.78
Time=2274191 X=18529.9 Y=2111.78
Time=2275238 X=18529.9 Y=2111.78
Time=2276256 X=18529.9 Y=2111.78
Time=2277272 X=18529.9 Y=2111.78
Time=2278277 X=18529.9 Y=2111.78
Time=2279302 X=18529.9 Y=2111.78
Time=2280317 X=18539.7 Y=1759.98
Time=2281367 X=18592.4 Y=1361.34
Time=2282382 X=18600.7 Y=972.91
Time=2283392 X=18642.1 Y=588.471
Time=2284421 X=18683.1 Y=327.244
Time=2285461 X=18698.8 Y=226.629
Time=2286487 X=18763.2 Y=194.335
Time=2287508 X=18779.8 Y=131.179
Time=2288501 X=18760.3 Y=35.9073
Time=2289508 X=18742 Y=-54
Time=2290544 X=18742 Y=-54
Time=2291558 X=18742 Y=-54
Time=2292548 X=18742 Y=-54
Time=2293575 X=18742 Y=-54
Time=2294604 X=18742 Y=-54
Time=2295628 X=18742 Y=-54
Time=2296653 X=18742 Y=-54
Time=2297635 X=18742 Y=-54
Time=2298664 X=18742 Y=-54
Time=2299696 X=18742 Y=-54
Time=2300714 X=18742 Y=-54
Time=2301760 X=18742 Y=-54
Time=2302798 X=18742 Y=-54
Time=2303807 X=18742 Y=-54
Time=2304853 X=18549.1 Y=148.459
Time=2305884 X=18290.6 Y=447.005
Time=2306915 X=18039.6 Y=736.928
Time=2307906 X=17791.1 Y=1023.89
Time=2309029 X=17509.5 Y=1349.08
Time=2310025 X=17259.8 Y=1637.49
Time=2311025 X=17009 Y=1927.06
Time=2312035 X=16743.9 Y=2208.38
Time=2313157 X=16426.4 Y=2497.97
Time=2314164 X=16126.9 Y=2740.89
Time=2315190 X=15839.1 Y=2969.2
Time=2316198 X=15553.5 Y=3195.77
Time=2317233 X=15299.7 Y=3397.17
Time=2318259 X=15278.4 Y=3414.08
Time=2319271 X=15278.4 Y=3414.08
Time=2320356 X=15278.4 Y=3414.08
Time=2321366 X=15278.4 Y=3414.08
Time=2322384 X=15278.4 Y=3414.08
Time=2323403 X=15278.4 Y=3414.08
Time=2324443 X=15278.4 Y=3414.08
Time=2325449 X=15278.4 Y=3414.08
Time=2326508 X=15278.4 Y=3414.08
Time=2327526 X=15278.4 Y=3414.08
Time=2328532 X=15278.4 Y=3414.08
Time=2329548 X=15278.4 Y=3414.08
Time=2330563 X=15278.4 Y=3414.08
Time=2331608 X=15278.4 Y=3414.08
Time=2332620 X=15278.4 Y=3414.08
Time=2333614 X=15278.4 Y=3414.08
Time=2334644 X=15278.4 Y=3414.08
Time=2335650 X=15278.4 Y=3414.08
Time=2336679 X=15278.4 Y=3414.08
Time=2337704 X=15278.4 Y=3414.08
Time=2338741 X=15278.4 Y=3414.08
Time=2339732 X=15278.4 Y=3414.08
Time=2340795 X=15278.4 Y=3414.08
Time=2341793 X=15278.4 Y=3414.08
Time=2342807 X=15278.4 Y=3414.08
Time=2343795 X=15278.4 Y=3414.08
Time=2344825 X=15278.4 Y=3414.08
Time=2345829 X=15278.4 Y=3414.08
Time=2346812 X=15278.4 Y=3414.08
Time=2347868 X=15278.4 Y=3414.08
Time=2348900 X=15278.4 Y=3414.08
Time=2349894 X=15278.4 Y=3414.08
Time=2350906 X=15278.4 Y=3414.08
Time=2351938 X=15278.4 Y=3414.08
Time=2352978 X=15278.4 Y=3414.08
Time=2353937 X=15347.1 Y=3368.66
Time=2355014 X=15680.6 Y=3125.8
Time=2356028 X=15994.6 Y=2897.14
Time=2357024 X=15892.3 Y=3049.34
Time=2358071 X=15637.6 Y=3359.07
Time=2359100 X=15387.2 Y=3663.48
Time=2360128 X=15137.1 Y=3967.59
Time=2361076 X=14906.4 Y=4248.04
Time=2362198 X=14888.2 Y=4270.23
Time=2363213 X=14888.2 Y=4270.23
Time=2364195 X=14888.2 Y=4270.23
Time=2365201 X=15095.4 Y=4031.68
Time=2366244 X=15367.1 Y=3738.77
Time=2367284 X=15638 Y=3446.71
Time=2368263 X=15893.1 Y=3171.78
Time=2369359 X=16178.6 Y=2863.99
Time=2370390 X=16447.1 Y=2574.46
Time=2371397 X=16328.7 Y=2749.11
Time=2372392 X=16109 Y=3060.55
Time=2373460 X=15931.7 Y=3311.9
Time=2374484 X=15759.7 Y=3555.77
Time=2375495 X=15591.5 Y=3794.29
Time=2376513 X=15551.3 Y=3805.53
Time=2377541 X=15595.6 Y=3789.71
Time=2378551 X=15974.4 Y=3710.94
Time=2379576 X=16358.8 Y=3630.99
Time=2380581 X=16735.7 Y=3552.6
Time=2381619 X=17124.9 Y=3471.64
Time=2382654 X=17437.5 Y=3436.55
Time=2383674 X=17283.1 Y=3787.34
Time=2384694 X=17125.6 Y=4144.9
Time=2385718 X=16967.6 Y=4503.88
Time=2386777 X=16804.1 Y=4875.12
Time=2387802 X=16693.4 Y=5251.7
Time=2388809 X=16530.6 Y=5535.12
Time=2389829 X=16225.1 Y=5662.27
Time=2390876 X=15862.3 Y=5833.04
Time=2391838 X=15539.3 Y=6010.26
Time=2392870 X=15195.2 Y=6204.94
Time=2393961 X=15006.5 Y=6446.61
Time=2394969 X=14997 Y=6484
Time=2395993 X=14997 Y=6484
Time=2397014 X=14997 Y=6484
Time=2398012 X=14997 Y=6484
Time=2399043 X=14997 Y=6484
Time=2400030 X=14997 Y=6484
Time=2401152 X=14997 Y=6484
Time=2402147 X=14997 Y=6484
Time=2403149 X=14997 Y=6484
Time=2404193 X=14997 Y=6484
Time=2405229 X=14997 Y=6484
Time=2406259 X=14997 Y=6484
Time=2407259 X=14997 Y=6484
Time=2408311 X=14997 Y=6484
Time=2409331 X=14997 Y=6484
Time=2410369 X=14997 Y=6484
Time=2411393 X=14997 Y=6484
Time=2412425 X=14997 Y=6484
Time=2413443 X=14997 Y=6484
Time=2414451 X=14997 Y=6484
Time=2415421 X=14997 Y=6484
Time=2416464 X=14997 Y=6484
Time=2417473 X=14997 Y=6484
Time=2418509 X=14997 Y=6484
Time=2419524 X=14997 Y=6484
Time=2420543 X=14997 Y=6484
Time=2421634 X=14997 Y=6484
Time=2422668 X=14997 Y=6484
Time=2423692 X=14997 Y=6484
Time=2424773 X=14997 Y=6484
Time=2425764 X=14997 Y=6484
Time=2426792 X=14997 Y=6484
Time=2427835 X=14997 Y=6484
Time=2428920 X=14997 Y=6484
Time=2429905 X=14997 Y=6484
Time=2430924 X=14997 Y=6484
Time=2431937 X=14997 Y=6484
Time=2432977 X=14997 Y=6484
Time=2434042 X=14997 Y=6484
Time=2435036 X=14997 Y=6484
Time=2436071 X=14997 Y=6484
Time=2437069 X=14997 Y=6484
Time=2438080 X=14997 Y=6484
Time=2439118 X=14997 Y=6484
Time=2440146 X=14997 Y=6484
Time=2441169 X=14997 Y=6484
Time=2442169 X=14997 Y=6484
Time=2443196 X=14997 Y=6484
Time=2444231 X=14997 Y=6484
Time=2445261 X=14997 Y=6484
Time=2446284 X=14997 Y=6484
Time=2447308 X=14997 Y=6484
Time=2448319 X=15170.7 Y=6333.75
Time=2449322 X=15441 Y=6060.77
Time=2450329 X=15703.2 Y=5796.1
Time=2451322 X=15970.8 Y=5525.85
Time=2452369 X=16253 Y=5240.9
Time=2453316 X=16508.3 Y=4983.17
Time=2454393 X=16798.6 Y=4690.06
Time=2455371 X=16659 Y=5029.2
Time=2456394 X=16471.8 Y=5291.31
Time=2457421 X=16235 Y=5562.45
Time=2458429 X=16014.9 Y=5879.69
Time=2459453 X=15895.8 Y=6174.43
Time=2460496 X=15758 Y=6235
Time=2461505 X=15758 Y=6235
Time=2462489 X=15758 Y=6235
Time=2463514 X=15756.3 Y=6200.19
Time=2464550 X=15933.2 Y=5959.91
Time=2465569 X=16107.2 Y=5723.57
Time=2466608 X=16299.1 Y=5462.84
Time=2467637 X=16532.8 Y=5145.43
Time=2468667 X=16766.7 Y=4827.7
Time=2469648 X=16766.9 Y=4943.25
Time=2470686 X=16538.8 Y=5268.89
Time=2471688 X=16346.6 Y=5577.6
Time=2472727 X=16114.2 Y=5900.72
Time=2473718 X=15892.6 Y=6208.92
Time=2474787 X=15653.6 Y=6541.37
Time=2475759 X=15457.1 Y=6814.72
Time=2476815 X=15454.4 Y=6818.46
Time=2477793 X=15454.4 Y=6818.46
Time=2478864 X=15454.4 Y=6818.46
Time=2479890 X=15454.4 Y=6818.46
Time=2480901 X=15454.4 Y=6818.46
Time=2481953 X=15620.3 Y=6571.7
Time=2482996 X=15843.2 Y=6240.16
Time=2484025 X=16063.1 Y=5913.07
Time=2485068 X=16286 Y=5581.53
Time=2486082 X=16508.6 Y=5324.26
Time=2487116 X=16716.7 Y=4987.3
Time=2488086 X=16703.5 Y=5178.88
Time=2489200 X=16684.3 Y=5580.18
Time=2490209 X=16693.2 Y=5966.57
Time=2491228 X=16702.1 Y=6356.78
Time=2492214 X=16883.3 Y=6672.5
Time=2493335 X=17258.8 Y=6880.69
Time=2494328 X=17572.8 Y=7088.63
Time=2495359 X=17854.4 Y=7365.44
Time=2496388 X=17924.4 Y=7434.17
Time=2497424 X=17924.4 Y=7434.17
Time=2498445 X=17924.4 Y=7434.17
Time=2499481 X=17924.4 Y=7434.17
Time=2500493 X=17924.4 Y=7434.17
Time=2501501 X=17924.4 Y=7434.17
Time=2502518 X=17924.4 Y=7434.17
Time=2503543 X=17924.4 Y=7434.17
Time=2504566 X=17924.4 Y=7434.17
Time=2505589 X=17924.4 Y=7434.17
Time=2506612 X=17924.4 Y=7434.17
Time=2507627 X=17924.4 Y=7434.17
Time=2508667 X=17924.4 Y=7434.17
Time=2509672 X=17837.1 Y=7374.43
Time=2510685 X=17524.3 Y=7144.83
Time=2511720 X=17752.9 Y=6975.28
Time=2512729 X=18109.3 Y=6825.84
Time=2513756 X=18472.1 Y=6673.73
Time=2514755 X=18825 Y=6525.78
Time=2515745 X=19174.7 Y=6379.15
Time=2516758 X=19400 Y=6258.4
Time=2517761 X=19400 Y=6258.4
Time=2518794 X=19400 Y=6258.4
Time=2519797 X=19400 Y=6258.4
Time=2520886 X=19400 Y=6258.4
Time=2521875 X=19400 Y=6258.4
Time=2522912 X=19400 Y=6258.4
Time=2523906 X=19400 Y=6258.4
Time=2524915 X=19400 Y=6258.4
Time=2525963 X=19400 Y=6258.4
Time=2526930 X=19400 Y=6258.4
Time=2528019 X=19400 Y=6258.4
Time=2529020 X=19400 Y=6258.4
Time=2530071 X=19400 Y=6258.4
Time=2531139 X=19400 Y=6258.4
Time=2532131 X=19400 Y=6258.4
Time=2533213 X=19400 Y=6258.4
Time=2534213 X=19400 Y=6258.4
Time=2535245 X=19400 Y=6258.4
Time=2536270 X=19400 Y=6258.4
Time=2537347 X=19400 Y=6258.4
Time=2538388 X=19400 Y=6258.4
Time=2539426 X=19400 Y=6258.4
Time=2540466 X=19400 Y=6258.4
Time=2541497 X=19400 Y=6258.4
Time=2542535 X=19400 Y=6258.4
Time=2543524 X=19400 Y=6258.4
Time=2544565 X=19400 Y=6258.4
Time=2545571 X=19400 Y=6258.4
Time=2546590 X=19400 Y=6258.4
Time=2547616 X=19400 Y=6258.4
Time=2548639 X=19400 Y=6258.4
Time=2549654 X=19400 Y=6258.4
Time=2550684 X=19400 Y=6258.4
Time=2551709 X=19389.8 Y=6253.54
Time=2552669 X=19195.6 Y=6363.64
Time=2553765 X=19085.3 Y=6597.08
Time=2554801 X=19085.3 Y=6597.08
Time=2555803 X=19085.3 Y=6597.08
Time=2556791 X=19085.3 Y=6597.08
Time=2557842 X=19085.3 Y=6597.08
Time=2558823 X=19085.3 Y=6597.08
Time=2559922 X=19085.3 Y=6597.08
Time=2560952 X=19085.3 Y=6597.08
Time=2561953 X=18828.3 Y=6614.36
Time=2562983 X=18467.3 Y=6462
Time=2563967 X=18341.7 Y=6164.05
Time=2565024 X=18341.7 Y=6164.05
Time=2566022 X=18341.7 Y=6164.05
Time=2567081 X=18341.7 Y=6164.05
Time=2568086 X=18341.7 Y=6164.05
Time=2569136 X=18609.6 Y=5961.91
Time=2570150 X=18710.3 Y=5882.77
Time=2571169 X=18878.1 Y=5642.04
Time=2572161 X=19048.3 Y=5397.95
Time=2573160 X=19207.3 Y=5051.55
Time=2574237 X=19210.7 Y=5043.39
Time=2575222 X=19210.7 Y=5043.39
Time=2576233 X=19210.7 Y=5043.39
Time=2577283 X=19210.7 Y=5043.39
Time=2578306 X=19210.7 Y=5043.39
Time=2579354 X=19309 Y=4909.3
Time=2580328 X=19191.2 Y=5128.31
Time=2581413 X=19392.4 Y=5442.06
Time=2582413 X=19404.9 Y=5452.15
Time=2583430 X=19387.3 Y=5552.35
Time=2584444 X=19308.7 Y=5874.16
Time=2585456 X=19241.8 Y=6148.05
Time=2586477 X=19256.6 Y=6161.72
Time=2587494 X=19429.9 Y=6324.76
Time=2588512 X=19429.9 Y=6324.76
Time=2589523 X=19077.6 Y=6440.73
Time=2590546 X=18706.1 Y=6565.28
Time=2591585 X=18312.5 Y=6624.82
Time=2592596 X=18168.9 Y=6819.32
Time=2593624 X=18239.9 Y=7000.11
Time=2594657 X=18148 Y=7136.92
Time=2595671 X=18058.9 Y=7481.89
Time=2596699 X=17998.7 Y=7715.19
Time=2597714 X=17892.8 Y=7632.46
Time=2598727 X=17611 Y=7365.69
Time=2599734 X=17330.9 Y=7100.5
Time=2600747 X=17049.1 Y=6833.72
Time=2601796 X=16826.4 Y=6618.75
Time=2602793 X=16702.4 Y=6368.8
Time=2603801 X=16695.7 Y=6078.57
Time=2604831 X=16688.9 Y=5782.01
Time=2605864 X=16445.6 Y=5775.51
Time=2606875 X=16159.3 Y=5828.42
Time=2607871 X=15869 Y=5882.07
Time=2608942 X=15810 Y=5892.98
Time=2609930 X=15962.8 Y=5681.85
Time=2610957 X=16221.8 Y=5385.74
Time=2611926 X=16466.1 Y=5106.35
Time=2613037 X=16746.3 Y=4786.01
Time=2614032 X=16997.2 Y=4499.13
Time=2615046 X=17279.2 Y=4232.62
Time=2616083 X=17558.8 Y=3988.4
Time=2617081 X=17825.2 Y=3770.31
Time=2618100 X=18139.3 Y=3539.29
Time=2619116 X=18469.3 Y=3334.6
Time=2620151 X=18837.3 Y=3186.99
Time=2621159 X=19208.9 Y=3084.8
Time=2622148 X=19577.7 Y=2998.2
Time=2623179 X=19962.2 Y=2907.93
Time=2624210 X=20318.1 Y=2892.29
Time=2625176 X=20335 Y=2843.84
Time=2626187 X=20139 Y=2509.88
Time=2627242 X=19934.4 Y=2161.38
Time=2628237 X=19741.5 Y=1832.7
Time=2629257 X=19577 Y=1478.77
Time=2630258 X=19430.6 Y=1124.41
Time=2631258 X=19305.7 Y=822.128
Time=2632273 X=19175.3 Y=506.372
Time=2633269 X=19237.4 Y=676.773
Time=2634310 X=19097.5 Y=335.436
Time=2635321 X=18950.6 Y=-22.8597
Time=2636349 X=18884.6 Y=-198.37
Time=2637348 X=18864.1 Y=-249.572
Time=2638337 X=18864.1 Y=-249.572
Time=2639351 X=18864.1 Y=-249.572
Time=2640379 X=18864.1 Y=-249.572
Time=2641396 X=18864.1 Y=-249.572
Time=2642422 X=18999.7 Y=79.0213
Time=2643415 X=19144.7 Y=430.63
Time=2644448 X=19295.6 Y=796.402
Time=2645452 X=19442.3 Y=1151.91
Time=2646496 X=19594.8 Y=1521.57
Time=2647510 X=19771.8 Y=1865.68
Time=2648506 X=20012.9 Y=2145.71
Time=2649545 X=20299.3 Y=2360.5
Time=2650542 X=20641.2 Y=2534.95
Time=2651558 X=20945.7 Y=2676.99
Time=2652575 X=20945.7 Y=2676.99
Time=2653588 X=20732.7 Y=2577.61
Time=2654657 X=20358.8 Y=2403.18
Time=2655660 X=20048.2 Y=2172.15
Time=2656678 X=19784.7 Y=1884.99
Time=2657711 X=19630.3 Y=1529.19
Time=2658708 X=19537.7 Y=1158.7
Time=2659723 X=19477.6 Y=776.05
Time=2660717 X=19469.6 Y=395.406
Time=2661757 X=19481.5 Y=-2.7807
Time=2662750 X=19492.7 Y=-382.972
Time=2663744 X=19504 Y=-763.546
Time=2664777 X=19515.8 Y=-1159.05
Time=2665772 X=19525.4 Y=-1483.01
Time=2666798 X=19527.9 Y=-1566.25
Time=2667813 X=19527.9 Y=-1566.25
Time=2668827 X=19527.9 Y=-1566.25
Time=2669847 X=19372 Y=-1369.68
Time=2670848 X=19133.7 Y=-1069.27
Time=2671853 X=18894.5 Y=-767.662
Time=2672943 X=18635 Y=-440.544
Time=2673941 X=18397.5 Y=-141.036
Time=2674967 X=18153.3 Y=166.875
Time=2675980 X=17912.2 Y=470.884
Time=2676990 X=17671.8 Y=773.993
Time=2677994 X=17474.1 Y=1038.82
Time=2678983 X=17254.7 Y=1339.57
Time=2680011 X=17022.7 Y=1657.68
Time=2681029 X=16792.8 Y=1972.69
Time=2682037 X=16565.3 Y=2284.61
Time=2683070 X=16332.1 Y=2604.27
Time=2684071 X=16106.1 Y=2914.03
Time=2685107 X=15872.2 Y=3234.61
Time=2686114 X=15649.9 Y=3539.31
Time=2687192 X=15448.4 Y=3815.54
Time=2688192 X=15222.7 Y=4124.99
Time=2689219 X=14990.8 Y=4442.79
Time=2690212 X=14766.7 Y=4750.07
Time=2691225 X=14577.4 Y=5009.49
Time=2692246 X=14767.9 Y=5189.94
Time=2693239 X=15044 Y=5451.52
Time=2694309 X=15341.6 Y=5733.39
Time=2695281 X=15581.1 Y=5960.36
Time=2696329 X=15831.3 Y=6197.35
Time=2697333 X=16110.5 Y=6461.83
Time=2698326 X=16386.6 Y=6723.41
Time=2699350 X=16442.9 Y=6776.73
Time=2700378 X=16442.9 Y=6776.73
Time=2701394 X=16442.9 Y=6776.73
Time=2702384 X=16442.9 Y=6776.73
Time=2703393 X=16508.8 Y=7102.22
Time=2704418 X=16582.4 Y=7465.5
Time=2705421 X=16658.7 Y=7842.04
Time=2706437 X=16735.9 Y=8223.47
Time=2707455 X=16813.3 Y=8605.64
Time=2708461 X=17046.9 Y=8540.14
Time=2709480 X=17367.1 Y=8375.88
Time=2710494 X=17640.6 Y=8235.58
Time=2711513 X=17962 Y=8132.75
Time=2712506 X=18192.4 Y=8157.75
Time=2713514 X=18192.4 Y=8157.75
Time=2714564 X=18192.4 Y=8157.75
Time=2715572 X=18192.4 Y=8157.75
Time=2716570 X=18192.4 Y=8157.75
Time=2717610 X=18192.4 Y=8157.75
Time=2718617 X=18192.4 Y=8157.75
Time=2719626 X=18199.2 Y=8171.51
Time=2720649 X=18455 Y=8419.93
Time=2721696 X=18802.2 Y=8620.53
Time=2722695 X=18880.9 Y=8665.94
Time=2723719 X=18880.9 Y=8665.94
Time=2724741 X=18880.9 Y=8665.94
Time=2725764 X=18880.9 Y=8665.94
Time=2726781 X=18880.9 Y=8665.94
Time=2727815 X=18880.9 Y=8665.94
Time=2728847 X=18880.9 Y=8665.94
Time=2729858 X=18880.9 Y=8665.94
Time=2730867 X=18880.9 Y=8665.94
Time=2731845 X=18880.9 Y=8665.94
Time=2732935 X=18880.9 Y=8665.94
Time=2733926 X=18880.9 Y=8665.94
Time=2734946 X=18880.9 Y=8665.94
Time=2735981 X=18880.9 Y=8665.94
Time=2737006 X=18880.9 Y=8665.94
Time=2738007 X=18880.9 Y=8665.94
Time=2738971 X=18880.9 Y=8665.94
Time=2740075 X=18880.9 Y=8665.94
Time=2741083 X=18880.9 Y=8665.94
Time=2742099 X=18880.9 Y=8665.94
Time=2743111 X=18880.9 Y=8665.94
Time=2744091 X=18880.9 Y=8665.94
Time=2745141 X=18880.9 Y=8665.94
Time=2746156 X=18880.9 Y=8665.94
Time=2747175 X=18880.9 Y=8665.94
Time=2748193 X=18880.9 Y=8665.94
Time=2749235 X=18880.9 Y=8665.94
Time=2750251 X=18880.9 Y=8665.94
Time=2751275 X=18880.9 Y=8665.94
Time=2752272 X=18880.9 Y=8665.94
Time=2753243 X=18880.9 Y=8665.94
Time=2754329 X=18880.9 Y=8665.94
Time=2755360 X=18880.9 Y=8665.94
Time=2756385 X=18880.9 Y=8665.94
Time=2757405 X=18964.2 Y=8625.39
Time=2758419 X=19056.9 Y=8580.33
Time=2759438 X=19056.9 Y=8580.33
Time=2760501 X=19056.9 Y=8580.33
Time=2761492 X=19056.9 Y=8580.33
Time=2762847 X=19056.9 Y=8580.33
Time=2763869 X=19056.9 Y=8580.33
Time=2764908 X=19078.2 Y=8641.05
Time=2765901 X=18809.7 Y=8530.55
Time=2766921 X=18624 Y=8453.97
Time=2767961 X=18624 Y=8453.97
Time=2768984 X=18624 Y=8453.97
Time=2770005 X=18624 Y=8453.97
Time=2771022 X=18624 Y=8453.97
Time=2772029 X=18624 Y=8453.97
Time=2773061 X=18656.6 Y=8373.95
Time=2774041 X=18798.3 Y=8026.31
Time=2775085 X=18930.1 Y=7650.15
Time=2776112 X=19006.1 Y=7264.19
Time=2777122 X=19080.9 Y=6884.61
Time=2778127 X=19151.7 Y=6524.91
Time=2779159 X=19157.9 Y=6395.42
Time=2780181 X=19031.2 Y=6025.03
Time=2781197 X=18924.4 Y=5712.91
Time=2782217 X=18628.2 Y=5918.31
Time=2783245 X=18304.7 Y=6142.7
Time=2784275 X=17980.4 Y=6367.53
Time=2785279 X=17664.4 Y=6586.69
Time=2786318 X=17322.6 Y=6722.24
Time=2787345 X=16962.8 Y=6823.85
Time=2788385 X=16571.3 Y=6897.12
Time=2789357 X=16205.3 Y=6965.59
Time=2790398 X=15813.3 Y=7038.92
Time=2791412 X=15446.2 Y=7147.66
Time=2792380 X=15133.6 Y=7347.12
Time=2793443 X=14790.4 Y=7566.15
Time=2794454 X=14463.9 Y=7774.46
Time=2795497 X=14134 Y=7985.02
Time=2796521 X=13803.3 Y=8196.01
Time=2797514 X=13482.7 Y=8400.62
Time=2798529 X=13154.9 Y=8609.76
Time=2799561 X=12821.7 Y=8822.4
Time=2800575 X=12543.9 Y=8999.68
Time=2801590 X=12216.1 Y=9208.82
Time=2802653 X=11875.6 Y=9432
Time=2803665 X=11579.8 Y=9682.43
Time=2804711 X=11273.9 Y=9941.27
Time=2805708 X=10982.4 Y=10188
Time=2806751 X=10677.5 Y=10446.1
Time=2807773 X=10378.7 Y=10699
Time=2808791 X=10119.1 Y=10918.7
Time=2809820 X=10078 Y=10953.4
Time=2810863 X=10078 Y=10953.4
Time=2811857 X=10078 Y=10953.4
Time=2812866 X=10078 Y=10953.4
Time=2813954 X=10078 Y=10953.4
Time=2814944 X=10078 Y=10953.4
Time=2815947 X=10078 Y=10953.4
Time=2816992 X=10078 Y=10953.4
Time=2818020 X=10078 Y=10953.4
Time=2819042 X=10149.2 Y=10821.4
Time=2820026 X=10323.8 Y=10487.4
Time=2821100 X=10530.5 Y=10131.8
Time=2822121 X=10584.6 Y=10035.6
Time=2823146 X=10663.6 Y=9903.94
Time=2824134 X=10856.8 Y=9587.6
Time=2825148 X=11053.3 Y=9296.48
Time=2826169 X=11183.2 Y=9105.46
Time=2827172 X=11183.2 Y=9105.46
Time=2828219 X=11366.7 Y=8854.84
Time=2829235 X=11415.2 Y=8763.47
Time=2830244 X=11521.5 Y=8632.09
Time=2831308 X=11694.3 Y=8512.48
Time=2832296 X=11910 Y=8201.91
Time=2833325 X=12104.9 Y=7918.07
Time=2834310 X=12095.1 Y=7549.95
Time=2835382 X=11998.3 Y=7151.2
Time=2836394 X=11876.7 Y=6783.15
Time=2837385 X=11757.5 Y=6422.75
Time=2838405 X=11634.9 Y=6051.8
Time=2839442 X=11510.2 Y=5674.67
Time=2840449 X=11494.4 Y=5541.53
Time=2841481 X=11494.4 Y=5541.53
Time=2842515 X=11494.4 Y=5541.53
Time=2843549 X=11494.4 Y=5541.53
Time=2844577 X=11494.4 Y=5541.53
Time=2845600 X=11494.4 Y=5541.53
Time=2846657 X=11494.4 Y=5541.53
Time=2847671 X=11494.4 Y=5541.53
Time=2848707 X=11494.4 Y=5541.53
Time=2849730 X=11494.4 Y=5541.53
Time=2850758 X=11494.4 Y=5541.53
Time=2851778 X=11494.4 Y=5541.53
Time=2852857 X=11494.4 Y=5541.53
Time=2853911 X=11494.4 Y=5541.53
Time=2854916 X=11494.4 Y=5541.53
Time=2855912 X=11494.4 Y=5541.53
Time=2856937 X=11494.4 Y=5541.53
Time=2857957 X=11494.4 Y=5541.53
Time=2858947 X=11494.4 Y=5541.53
Time=2860037 X=11494.4 Y=5541.53
Time=2861044 X=11494.4 Y=5541.53
Time=2862050 X=11494.4 Y=5541.53
Time=2863104 X=11494.4 Y=5541.53
Time=2864106 X=11494.4 Y=5541.53
Time=2865116 X=11494.4 Y=5541.53
Time=2866169 X=11494.4 Y=5541.53
Time=2867169 X=11494.4 Y=5541.53
Time=2868195 X=11494.4 Y=5541.53
Time=2869208 X=11494.4 Y=5541.53
Time=2870237 X=11494.4 Y=5541.53
Time=2871252 X=11494.4 Y=5541.53
Time=2872287 X=11494.4 Y=5541.53
Time=2873332 X=11494.4 Y=5541.53
Time=2874329 X=11494.4 Y=5541.53
Time=2875358 X=11494.4 Y=5541.53
Time=2876387 X=11494.4 Y=5541.53
Time=2877399 X=11494.4 Y=5541.53
Time=2878436 X=11494.4 Y=5541.53
Time=2879440 X=11494.4 Y=5541.53
Time=2880451 X=11494.4 Y=5541.53
Time=2881451 X=11494.4 Y=5541.53
Time=2882440 X=11494.4 Y=5541.53
Time=2883492 X=11494.4 Y=5541.53
Time=2884494 X=11750.1 Y=5620.04
Time=2885546 X=12131.2 Y=5737.01
Time=2886563 X=12503.6 Y=5851.32
Time=2887585 X=12877.8 Y=5966.2
Time=2888584 X=13243.6 Y=6078.49
Time=2889588 X=13611.3 Y=6191.34
Time=2890617 X=13441.6 Y=6048
Time=2891661 X=13046.8 Y=6023.61
Time=2892677 X=12682.9 Y=5923.14
Time=2893709 X=12354.1 Y=5830.24
Time=2894735 X=11974.8 Y=5727.19
Time=2895744 X=11601.1 Y=5628.72
Time=2896764 X=11221.8 Y=5535.03
Time=2897804 X=10830.4 Y=5460.84
Time=2898823 X=10445.4 Y=5397.07
Time=2899855 X=10327.5 Y=5379.92
Time=2900867 X=10327.5 Y=5379.92
Time=2901917 X=10327.5 Y=5379.92
Time=2902907 X=10327.5 Y=5379.92
Time=2903927 X=10051.1 Y=5444.03
Time=2904972 X=10051.1 Y=5444.03
Time=2906004 X=10051.1 Y=5444.03
Time=2907006 X=10051.1 Y=5444.03
Time=2908013 X=10051.1 Y=5444.03
Time=2909070 X=10051.1 Y=5444.03
Time=2910095 X=10051.1 Y=5444.03
Time=2911104 X=10051.1 Y=5444.03
Time=2912074 X=10051.1 Y=5444.03
Time=2913172 X=10200.2 Y=5566.86
Time=2914180 X=10495.1 Y=5816.06
Time=2915218 X=10788.4 Y=6084.45
Time=2916240 X=11056.5 Y=6367.99
Time=2917258 X=11235.4 Y=6714.49
Time=2918245 X=11396.6 Y=7028.16
Time=2919258 X=11553.1 Y=7383.46
Time=2920300 X=11710.4 Y=7750.57
Time=2921304 X=11835 Y=8109.23
Time=2922309 X=11860 Y=8191
Time=2923345 X=11560.4 Y=8789.7
Time=2924342 X=11344.6 Y=9104.74
Time=2925384 X=11119 Y=9434.01
Time=2926403 X=10925.1 Y=9717.07
Time=2927415 X=10717.6 Y=10019.9
Time=2928407 X=10502.8 Y=10333.4
Time=2929426 X=10282.2 Y=10655.4
Time=2930424 X=10078 Y=10953.4
Time=2931447 X=10078 Y=10953.4
Time=2932443 X=10078 Y=10953.4
Time=2933490 X=10078 Y=10953.4
Time=2934474 X=10078 Y=10953.4
Time=2935499 X=10078 Y=10953.4
Time=2936496 X=10078 Y=10953.4
Time=2937501 X=9942.05 Y=11258.1
Time=2938512 X=9784.19 Y=11611.7
Time=2939509 X=9719.41 Y=11756.8
Time=2940537 X=9630.57 Y=11955.8
Time=2941551 X=9575.74 Y=12078.6
Time=2942605 X=9575.74 Y=12078.6
Time=2943628 X=9575.74 Y=12078.6
Time=2944626 X=9575.74 Y=12078.6
Time=2945651 X=9575.74 Y=12078.6
Time=2946678 X=9575.74 Y=12078.6
Time=2947749 X=9575.74 Y=12078.6
Time=2948740 X=9575.74 Y=12078.6
Time=2949758 X=9575.74 Y=12078.6
Time=2950761 X=9575.74 Y=12078.6
Time=2951790 X=9575.74 Y=12078.6
Time=2952811 X=9575.74 Y=12078.6
Time=2953815 X=9575.74 Y=12078.6
Time=2954861 X=9575.74 Y=12078.6
Time=2955848 X=9575.74 Y=12078.6
Time=2956857 X=9575.74 Y=12078.6
Time=2957900 X=9575.74 Y=12078.6
Time=2958909 X=9575.74 Y=12078.6
Time=2959945 X=9575.74 Y=12078.6
Time=2960898 X=9575.74 Y=12078.6
Time=2961986 X=9575.74 Y=12078.6
Time=2962987 X=9575.74 Y=12078.6
Time=2964024 X=9575.74 Y=12078.6
Time=2965036 X=9575.74 Y=12078.6
Time=2966074 X=9575.74 Y=12078.6
Time=2967112 X=9575.74 Y=12078.6
Time=2968103 X=9575.74 Y=12078.6
Time=2969203 X=9575.74 Y=12078.6
Time=2970206 X=9575.74 Y=12078.6
Time=2971217 X=9575.74 Y=12078.6
Time=2972215 X=9575.74 Y=12078.6
Time=2973338 X=9575.74 Y=12078.6
Time=2974310 X=9575.74 Y=12078.6
Time=2975344 X=9575.74 Y=12078.6
Time=2976362 X=9575.74 Y=12078.6
Time=2977374 X=9575.74 Y=12078.6
Time=2978390 X=9575.74 Y=12078.6
Time=2979435 X=9575.74 Y=12078.6
Time=2980439 X=9575.74 Y=12078.6
Time=2981476 X=9575.74 Y=12078.6
Time=2982484 X=9575.74 Y=12078.6
Time=2983488 X=9575.74 Y=12078.6
Time=2984510 X=9575.74 Y=12078.6
Time=2985521 X=9575.74 Y=12078.6
Time=2986582 X=9575.74 Y=12078.6
Time=2987569 X=9575.74 Y=12078.6
Time=2988619 X=9575.74 Y=12078.6
Time=2989645 X=9575.74 Y=12078.6
Time=2990673 X=9575.74 Y=12078.6
Time=2991698 X=9575.74 Y=12078.6
Time=2992710 X=9575.74 Y=12078.6
Time=2993742 X=9575.74 Y=12078.6
Time=2994781 X=9575.74 Y=12078.6
Time=2995779 X=9575.74 Y=12078.6
Time=2996797 X=9575.74 Y=12078.6
Time=2997813 X=9575.74 Y=12078.6
Time=2998836 X=9575.74 Y=12078.6
Time=2999838 X=9575.74 Y=12078.6
Time=3000900 X=9575.74 Y=12078.6
Time=3001908 X=9575.74 Y=12078.6
Time=3002931 X=9575.74 Y=12078.6
Time=3003945 X=9575.74 Y=12078.6
Time=3004945 X=9575.74 Y=12078.6
Time=3005965 X=9575.74 Y=12078.6
Time=3006981 X=9575.74 Y=12078.6
Time=3008020 X=9575.74 Y=12078.6
Time=3009055 X=9640.5 Y=12007.9
Time=3010088 X=9841.22 Y=11788.3
Time=3011116 X=9875.04 Y=11751.3
Time=3012154 X=9609.28 Y=11624.7
Time=3013142 X=9267.52 Y=11461.9
Time=3014145 X=8994.41 Y=11362.5
Time=3015183 X=8994.41 Y=11362.5
Time=3016191 X=8994.41 Y=11362.5
Time=3017215 X=8994.41 Y=11362.5
Time=3018223 X=8994.41 Y=11362.5
Time=3019227 X=8720.85 Y=11306.5
Time=3020249 X=8376.72 Y=11236
Time=3021263 X=8257.39 Y=11231.6
Time=3022294 X=7872.54 Y=11320.2
Time=3023322 X=7488.81 Y=11408.5
Time=3024344 X=7107.32 Y=11496.3
Time=3025328 X=6740.01 Y=11580.8
Time=3026345 X=6360.38 Y=11668.2
Time=3027356 X=5983 Y=11755.1
Time=3028370 X=5611.72 Y=11840.6
Time=3029395 X=5324.04 Y=11906.8
Time=3030405 X=4977.32 Y=11986.6
Time=3031431 X=4594.33 Y=12074.7
Time=3032427 X=4336.92 Y=12134
Time=3033505 X=4336.92 Y=12134
Time=3034503 X=4336.92 Y=12134
Time=3035572 X=4336.92 Y=12134
Time=3036553 X=4336.92 Y=12134
Time=3037596 X=4336.92 Y=12134
Time=3038626 X=4336.92 Y=12134
Time=3039638 X=4336.92 Y=12134
Time=3040651 X=4336.92 Y=12134
Time=3041659 X=4336.92 Y=12134
Time=3042686 X=4336.92 Y=12134
Time=3043687 X=4336.92 Y=12134
Time=3044689 X=4336.92 Y=12134
Time=3045710 X=4336.92 Y=12134
Time=3046753 X=4336.92 Y=12134
Time=3047733 X=4336.92 Y=12134
Time=3048732 X=4336.92 Y=12134
Time=3049767 X=4336.92 Y=12134
Time=3050810 X=4336.92 Y=12134
Time=3051840 X=4336.92 Y=12134
Time=3052821 X=4336.92 Y=12134
Time=3053902 X=4336.92 Y=12134
Time=3054888 X=4336.92 Y=12134
Time=3055902 X=4336.92 Y=12134
Time=3056959 X=4336.92 Y=12134
Time=3057970 X=4336.92 Y=12134
Time=3059004 X=4362.22 Y=12144
Time=3059974 X=4672.28 Y=12266.1
Time=3061080 X=4672.28 Y=12266.1
Time=3062066 X=4672.28 Y=12266.1
Time=3063066 X=4672.28 Y=12266.1
Time=3064074 X=4672.28 Y=12266.1
Time=3065100 X=4672.28 Y=12266.1
Time=3066117 X=4672.28 Y=12266.1
Time=3067093 X=4672.28 Y=12266.1
Time=3068140 X=4672.28 Y=12266.1
Time=3069150 X=4672.28 Y=12266.1
Time=3070133 X=4884.25 Y=12119.4
Time=3071173 X=5163.39 Y=11926.1
Time=3072192 X=5288.2 Y=11839.7
Time=3073214 X=5288.2 Y=11839.7
Time=3074220 X=5288.2 Y=11839.7
Time=3075263 X=5288.2 Y=11839.7
Time=3076281 X=5068.42 Y=11814.8
Time=3077295 X=4693.25 Y=11772.3
Time=3078323 X=4301.99 Y=11728
Time=3079369 X=3903.87 Y=11683
Time=3080390 X=3515.27 Y=11639
Time=3081434 X=3117.91 Y=11594
Time=3082446 X=2732.74 Y=11550.4
Time=3083492 X=2373.81 Y=11393.4
Time=3084510 X=2049.99 Y=11188
Time=3085520 X=1753.8 Y=11000.2
Time=3086505 X=1435.19 Y=10798.1
Time=3087577 X=1088.44 Y=10578.1
Time=3088598 X=855.74 Y=10430.5
Time=3089630 X=855.74 Y=10430.5
Time=3090629 X=855.74 Y=10430.5
Time=3091659 X=855.74 Y=10430.5
Time=3092700 X=855.74 Y=10430.5
Time=3093675 X=855.74 Y=10430.5
Time=3094712 X=855.74 Y=10430.5
Time=3095708 X=855.74 Y=10430.5
Time=3096744 X=855.74 Y=10430.5
Time=3097773 X=855.74 Y=10430.5
Time=3098765 X=855.74 Y=10430.5
Time=3099796 X=680.275 Y=10213.3
Time=3100817 X=449.77 Y=9897.64
Time=3101824 X=252.124 Y=9604.21
Time=3102846 X=51.64 Y=9306.57
Time=3103877 X=-170.641 Y=8976.57
Time=3104895 X=-390.12 Y=8650.73
Time=3105880 X=-640.079 Y=8380.63
Time=3106948 X=-1019.55 Y=8219.75
Time=3107972 X=-1383.38 Y=8065.49
Time=3108984 X=-1509.99 Y=8011.81
Time=3109989 X=-1509.99 Y=8011.81
Time=3110999 X=-1509.99 Y=8011.81
Time=3112005 X=-1509.99 Y=8011.81
Time=3113001 X=-1509.99 Y=8011.81
Time=3114087 X=-1509.99 Y=8011.81
Time=3115109 X=-1509.99 Y=8011.81
Time=3116144 X=-1509.99 Y=8011.81
Time=3117181 X=-1509.99 Y=8011.81
Time=3118196 X=-1509.99 Y=8011.81
Time=3119219 X=-1509.99 Y=8011.81
Time=3120261 X=-1509.99 Y=8011.81
Time=3121252 X=-1509.99 Y=8011.81
Time=3122289 X=-1542.78 Y=7992.77
Time=3123298 X=-1877.02 Y=7798.71
Time=3124320 X=-2215.57 Y=7602.16
Time=3125305 X=-2541.85 Y=7412.72
Time=3126331 X=-2881.72 Y=7215.4
Time=3127356 X=-3221.26 Y=7018.26
Time=3128364 X=-3552.46 Y=6825.98
Time=3129393 X=-3707.48 Y=6735.97
Time=3130423 X=-3733.22 Y=6382.96
Time=3131418 X=-3760.95 Y=6002.84
Time=3132419 X=-3788.83 Y=5620.43
Time=3133434 X=-3817.11 Y=5232.68
Time=3134466 X=-3845.86 Y=4838.43
Time=3135482 X=-3874.17 Y=4450.29
Time=3136537 X=-3902.34 Y=4064.03
Time=3137517 X=-3926.78 Y=3728.89
Time=3138554 X=-3955.67 Y=3332.73
Time=3139596 X=-3986.01 Y=2934.76
Time=3140589 X=-4015.05 Y=2555.51
Time=3141619 X=-4045.16 Y=2162.13
Time=3142656 X=-4075.48 Y=1766.07
Time=3143684 X=-4159.75 Y=1556.07
Time=3144690 X=-4333.85 Y=1436.8
Time=3145716 X=-4720.08 Y=1440.97
Time=3146730 X=-5105.42 Y=1489.67
Time=3147716 X=-5472 Y=1544.43
Time=3148774 X=-5254.81 Y=1864.17
Time=3149767 X=-4917.79 Y=2037.18
Time=3150779 X=-4619.14 Y=2149.09
Time=3151800 X=-4247.21 Y=2270.31
Time=3152854 X=-3862.29 Y=2392.07
Time=3153890 X=-3483.94 Y=2511.76
Time=3154915 X=-3106.5 Y=2619.9
Time=3155952 X=-2721.42 Y=2717.31
Time=3156976 X=-2341.16 Y=2813.5
Time=3158024 X=-1951.99 Y=2911.95
Time=3159005 X=-1608.9 Y=2998.74
Time=3160051 X=-1316.85 Y=3072.62
Time=3161064 X=-1152.68 Y=3114.15
Time=3162051 X=-1141.58 Y=3117.26
Time=3163081 X=-930.741 Y=3127.5
Time=3164094 X=-890.913 Y=3161.57
Time=3165110 X=-890.913 Y=3161.57
Time=3166103 X=-890.913 Y=3161.57
Time=3167145 X=-890.913 Y=3161.57
Time=3168171 X=-890.913 Y=3161.57
Time=3169187 X=-890.913 Y=3161.57
Time=3170230 X=-890.913 Y=3161.57
Time=3171278 X=-890.913 Y=3161.57
Time=3172312 X=-890.913 Y=3161.57
Time=3173330 X=-890.913 Y=3161.57
Time=3174328 X=-890.913 Y=3161.57
Time=3175357 X=-890.913 Y=3161.57
Time=3176400 X=-890.913 Y=3161.57
Time=3177410 X=-890.913 Y=3161.57
Time=3178438 X=-890.913 Y=3161.57
Time=3179452 X=-890.913 Y=3161.57
Time=3180461 X=-890.913 Y=3161.57
Time=3181512 X=-890.913 Y=3161.57
Time=3182546 X=-890.913 Y=3161.57
Time=3183568 X=-890.913 Y=3161.57
Time=3184583 X=-890.913 Y=3161.57
Time=3185619 X=-890.913 Y=3161.57
Time=3186652 X=-890.913 Y=3161.57
Time=3187699 X=-1077.18 Y=3070.57
Time=3188709 X=-1358.23 Y=3007.46
Time=3189709 X=-1731.96 Y=2923.53
Time=3190709 X=-2105.7 Y=2839.6
Time=3191770 X=-2502.23 Y=2750.56
Time=3192789 X=-2879.16 Y=2665.91
Time=3193766 X=-3244.3 Y=2583.91
Time=3194830 X=-3633.87 Y=2464.33
Time=3195827 X=-3997.97 Y=2349.15
Time=3196851 X=-4371.94 Y=2230.85
Time=3197857 X=-4674.23 Y=2128.45
Time=3198915 X=-5050.81 Y=1979.74
Time=3199917 X=-5356.18 Y=1755.8
Time=3200905 X=-5359.52 Y=1521.78
Time=3201990 X=-4947.2 Y=1469.68
Time=3203010 X=-4558.57 Y=1434.16
Time=3204013 X=-4202.72 Y=1522.75
Time=3205049 X=-4152.09 Y=1560.74
Time=3206057 X=-4445.44 Y=1435.49
Time=3207129 X=-4753.58 Y=1445.21
Time=3208099 X=-5075.61 Y=1485.9
Time=3209176 X=-5472 Y=1549.02
Time=3210201 X=-5260.3 Y=1858.3
Time=3211214 X=-4918.14 Y=2037.05
Time=3212183 X=-4570.58 Y=2167.29
Time=3213264 X=-4177.16 Y=2296.46
Time=3214278 X=-3807.98 Y=2417.12
Time=3215281 X=-3442.8 Y=2536.47
Time=3216280 X=-3124.96 Y=2640.34
Time=3217311 X=-2749.59 Y=2763.02
Time=3218314 X=-2384.41 Y=2882.37
Time=3219318 X=-2018.86 Y=3001.84
Time=3220387 X=-1629.65 Y=3129.04
Time=3221384 X=-1547.37 Y=3155.93
Time=3222424 X=-1283.69 Y=3173.77
Time=3223463 X=-981.024 Y=3194.42
Time=3224484 X=-981.024 Y=3194.42
Time=3225498 X=-981.024 Y=3194.42
Time=3226544 X=-981.024 Y=3194.42
Time=3227527 X=-981.024 Y=3194.42
Time=3228559 X=-981.024 Y=3194.42
Time=3229617 X=-981.024 Y=3194.42
Time=3230642 X=-981.024 Y=3194.42
Time=3231661 X=-981.024 Y=3194.42
Time=3232688 X=-981.024 Y=3194.42
Time=3233703 X=-981.024 Y=3194.42
Time=3234712 X=-981.024 Y=3194.42
Time=3235688 X=-1082.17 Y=3311.46
Time=3236726 X=-1257.7 Y=3527.11
Time=3237716 X=-1271.39 Y=3537.22
Time=3238765 X=-1273.15 Y=3525.7
Time=3239783 X=-1297.75 Y=3550.32
Time=3240838 X=-1297.83 Y=3552
Time=3241829 X=-1290.21 Y=3552
Time=3242837 X=-1488.57 Y=3469.36
Time=3243856 X=-1848.87 Y=3319.25
Time=3244877 X=-2209.88 Y=3168.85
Time=3245871 X=-2561.34 Y=3022.42
Time=3246877 X=-2917.04 Y=2874.23
Time=3247917 X=-3249.67 Y=2735.64
Time=3248928 X=-3553.19 Y=2609.19
Time=3249928 X=-3906.77 Y=2461.88
Time=3250971 X=-4275.55 Y=2308.24
Time=3251977 X=-4631.26 Y=2160.04
Time=3253002 X=-4993.68 Y=2009.05
Time=3254006 X=-5281.91 Y=1835.2
Time=3255038 X=-5467.44 Y=1535.42
Time=3256049 X=-5082.86 Y=1486.82
Time=3257059 X=-4696.15 Y=1437.95
Time=3258062 X=-4310.83 Y=1441.63
Time=3259089 X=-4081.01 Y=1614.07
Time=3260096 X=-4239.25 Y=1485.38
Time=3261104 X=-4614.52 Y=1433.5
Time=3262198 X=-5036.56 Y=1444.71
Time=3263210 X=-5424.02 Y=1456.66
Time=3264227 X=-5572.87 Y=1512.21
Time=3265259 X=-5338.28 Y=1774.94
Time=3266265 X=-5026.19 Y=1992.72
Time=3267280 X=-4668.96 Y=2146.23
Time=3268296 X=-4310.45 Y=2297.64
Time=3269324 X=-3947.7 Y=2450.83
Time=3270345 X=-3587.43 Y=2602.98
Time=3271344 X=-3234.92 Y=2751.85
Time=3272329 X=-2884.83 Y=2890.04
Time=3273424 X=-2512.79 Y=2954.67
Time=3274446 X=-2127.1 Y=3021.67
Time=3275442 X=-1751.22 Y=3086.96
Time=3276481 X=-1359.11 Y=3155.07
Time=3277482 X=-981.344 Y=3220.7
Time=3278521 X=-589.237 Y=3288.81
Time=3279527 X=-298.05 Y=3339.39
Time=3280536 X=-191.518 Y=3348.13
Time=3281547 X=-47.59 Y=3410.29
Time=3282603 X=-47.59 Y=3410.29
Time=3283582 X=-47.59 Y=3410.29
Time=3284623 X=-47.59 Y=3410.29
Time=3285615 X=145.293 Y=3379.34
Time=3286636 X=531.436 Y=3317.37
Time=3287657 X=917.335 Y=3253.33
Time=3288684 X=1303.08 Y=3176.18
Time=3289700 X=1639.06 Y=2987.47
Time=3290727 X=1943.22 Y=2737.99
Time=3291733 X=2241.16 Y=2493.62
Time=3292750 X=2543.82 Y=2248.82
Time=3293752 X=2886.76 Y=2076.48
Time=3294779 X=3219.67 Y=1911.78
Time=3295776 X=3528.61 Y=1762.06
Time=3296793 X=3750.42 Y=1708.09
Time=3297810 X=3880.11 Y=1686.97
Time=3298830 X=3880.11 Y=1686.97
Time=3299784 X=3880.11 Y=1686.97
Time=3300899 X=3880.11 Y=1686.97
Time=3301859 X=3880.11 Y=1686.97
Time=3302885 X=3880.11 Y=1686.97
Time=3303923 X=3880.11 Y=1686.97
Time=3304951 X=3880.11 Y=1686.97
Time=3305945 X=3880.11 Y=1686.97
Time=3306943 X=3880.11 Y=1686.97
Time=3307999 X=3880.11 Y=1686.97
Time=3309008 X=3880.11 Y=1686.97
Time=3309996 X=3880.11 Y=1686.97
Time=3311052 X=3895.43 Y=1657.89
Time=3312083 X=4048.54 Y=1446.57
Time=3313130 X=4048.54 Y=1446.57
Time=3314113 X=4048.54 Y=1446.57
Time=3315207 X=4048.54 Y=1446.57
Time=3316237 X=4048.54 Y=1446.57
Time=3317243 X=4048.54 Y=1446.57
Time=3318288 X=4048.54 Y=1446.57
Time=3319316 X=4048.54 Y=1446.57
Time=3320352 X=4048.54 Y=1446.57
Time=3321362 X=4048.54 Y=1446.57
Time=3322402 X=4048.54 Y=1446.57
Time=3323435 X=4048.54 Y=1446.57
Time=3324476 X=3766.75 Y=1566.79
Time=3325503 X=3425.65 Y=1762.76
Time=3326547 X=3340.63 Y=1811.61
Time=3327542 X=3340.63 Y=1811.61
Time=3328558 X=3453.74 Y=1753.5
Time=3329574 X=3793.62 Y=1579.01
Time=3330578 X=4129.71 Y=1406.28
Time=3331629 X=4487.76 Y=1222.26
Time=3332600 X=4537.5 Y=1196.69
Time=3333650 X=4537.5 Y=1196.69
Time=3334639 X=4270.5 Y=1301.73
Time=3335663 X=3915.88 Y=1469.33
Time=3336678 X=3564.37 Y=1635.46
Time=3337718 X=3204.21 Y=1805.68
Time=3338727 X=2910.84 Y=1944.34
Time=3339744 X=3187.13 Y=2015.71
Time=3340759 X=3217.92 Y=2023.52
Time=3341777 X=3217.92 Y=2023.52
Time=3342801 X=3234.33 Y=2001.83
Time=3343815 X=3403.93 Y=1777.62
Time=3344863 X=3751.91 Y=1647.38
Time=3345867 X=4112.08 Y=1512.58
Time=3346937 X=4495.93 Y=1368.92
Time=3347944 X=4857.18 Y=1233.72
Time=3348956 X=5220.22 Y=1097.84
Time=3349971 X=5529.51 Y=982.086
Time=3351015 X=5904.03 Y=841.914
Time=3352019 X=6264.2 Y=707.113
Time=3353076 X=6643.39 Y=565.196
Time=3354139 X=7024.73 Y=422.474
Time=3355154 X=7388.85 Y=286.196
Time=3356156 X=7699.31 Y=170
Time=3357191 X=7699.31 Y=170
Time=3358187 X=7699.31 Y=170
Time=3359194 X=7699.31 Y=170
Time=3360221 X=7699.31 Y=170
Time=3361249 X=7744.18 Y=82.2412
Time=3362268 X=7989.88 Y=-221.047
Time=3363284 X=8234.84 Y=-523.443
Time=3364283 X=8475.71 Y=-820.778
Time=3365329 X=8727.91 Y=-1132.1
Time=3366314 X=8965.41 Y=-1425.27
Time=3367342 X=9177.13 Y=-1686.63
Time=3368337 X=9357.51 Y=-1909.3
Time=3369370 X=9544.78 Y=-2140.47
Time=3370371 X=9738.69 Y=-2379.84
Time=3371399 X=9986.55 Y=-2685.8
Time=3372430 X=10235.1 Y=-2992.66
Time=3373450 X=10463.5 Y=-3301.93
Time=3374496 X=10427.7 Y=-3664.24
Time=3375501 X=10477.7 Y=-4015.79
Time=3376526 X=10631.9 Y=-4259.81
Time=3377539 X=10801 Y=-4397
Time=3378530 X=10801 Y=-4397
Time=3379579 X=10801 Y=-4397
Time=3380600 X=10685.5 Y=-4322.47
Time=3381646 X=10390.2 Y=-4060.31
Time=3382592 X=10390.2 Y=-4060.31
Time=3383645 X=10390.2 Y=-4060.31
Time=3384641 X=10390.2 Y=-4060.31
Time=3385631 X=10546.5 Y=-3933.52
Time=3386645 X=10639.8 Y=-3874.61
Time=3387681 X=10639.8 Y=-3874.61
Time=3388686 X=10639.8 Y=-3874.61
Time=3389704 X=10639.8 Y=-3874.61
Time=3390737 X=10639.8 Y=-3874.61
Time=3391741 X=10639.8 Y=-3874.61
Time=3392778 X=10639.8 Y=-3874.61
Time=3393818 X=10639.8 Y=-3874.61
Time=3394835 X=10639.8 Y=-3874.61
Time=3395847 X=10639.8 Y=-3874.61
Time=3396877 X=10663.9 Y=-3888.73
Time=3397888 X=10837.4 Y=-4012.55
Time=3398903 X=10731 Y=-4057.47
Time=3399953 X=10731 Y=-4057.47
Time=3400963 X=10730.9 Y=-4056.93
Time=3401972 X=11069.4 Y=-4167.67
Time=3402992 X=11229.4 Y=-4220
Time=3404009 X=11211.2 Y=-4272.87
Time=3405008 X=11079.4 Y=-4617.14
Time=3406034 X=10952.7 Y=-4989.16
Time=3407082 X=10823.3 Y=-5369.16
Time=3408050 X=10703.8 Y=-5720.16
Time=3409098 X=10574.4 Y=-6100.16
Time=3410121 X=10454.3 Y=-6452.92
Time=3411153 X=10326.9 Y=-6827.12
Time=3412171 X=10201.2 Y=-7196.24
Time=3413165 X=10078.5 Y=-7556.66
Time=3414280 X=10061.8 Y=-7950.59
Time=3415280 X=10093.1 Y=-8331.65
Time=3416280 X=10214.3 Y=-8693.72
Time=3417317 X=10432 Y=-9025.39
Time=3418322 X=10558.5 Y=-9263.43
Time=3419331 X=10708 Y=-9388
Time=3420342 X=10708 Y=-9388
Time=3421361 X=10708 Y=-9388
Time=3422393 X=10708 Y=-9388
Time=3423415 X=10708 Y=-9388
Time=3424443 X=10708 Y=-9388
Time=3425472 X=10708 Y=-9388
Time=3426507 X=10708 Y=-9388
Time=3427553 X=10708 Y=-9388
Time=3428520 X=10708 Y=-9388
Time=3429539 X=10708 Y=-9388
Time=3430528 X=10708 Y=-9388
Time=3431562 X=10708 Y=-9388
Time=3432595 X=10708 Y=-9388
Time=3433640 X=10708 Y=-9388
Time=3434688 X=10708 Y=-9388
Time=3435704 X=10708 Y=-9388
Time=3436734 X=10708 Y=-9388
Time=3437787 X=10708 Y=-9388
Time=3438801 X=10708 Y=-9388
Time=3439806 X=10708 Y=-9388
Time=3440817 X=10708 Y=-9388
Time=3441898 X=10642.9 Y=-9512.88
Time=3442892 X=10650.4 Y=-9663.91
Time=3443896 X=10816.7 Y=-9652.58
Time=3444911 X=10816.7 Y=-9652.58
Time=3445914 X=10816.7 Y=-9652.58
Time=3446932 X=10816.7 Y=-9652.58
Time=3447952 X=10816.7 Y=-9652.58
Time=3448993 X=10816.7 Y=-9652.58
Time=3449980 X=10816.7 Y=-9652.58
Time=3451003 X=10816.7 Y=-9652.58
Time=3451960 X=10816.7 Y=-9652.58
Time=3453065 X=10900.2 Y=-9542.1
Time=3454086 X=10996.5 Y=-9347.85
Time=3455114 X=10996.5 Y=-9347.85
Time=3456114 X=10996.5 Y=-9347.85
Time=3457141 X=10996.5 Y=-9347.85
Time=3458156 X=10855.7 Y=-9205.46
Time=3459113 X=10568.3 Y=-8978
Time=3460213 X=10561.6 Y=-8972.82
Time=3461206 X=10561.6 Y=-8972.82
Time=3462226 X=10561.6 Y=-8972.82
Time=3463245 X=10561.6 Y=-8972.82
Time=3464250 X=10561.6 Y=-8972.82
Time=3465274 X=10561.6 Y=-8972.82
Time=3466288 X=10561.6 Y=-8972.82
Time=3467295 X=10561.6 Y=-8972.82
Time=3468329 X=10480.1 Y=-8638.55
Time=3469355 X=10480.1 Y=-8638.55
Time=3470408 X=10524.5 Y=-8648.69
Time=3471418 X=10880.6 Y=-8794.34
Time=3472429 X=11228.5 Y=-8970.87
Time=3473512 X=11604 Y=-9149.37
Time=3474529 X=11970.7 Y=-9280.39
Time=3475548 X=12347.8 Y=-9380.82
Time=3476510 X=12703.6 Y=-9475.54
Time=3477581 X=13107.6 Y=-9541.16
Time=3478603 X=13493.4 Y=-9602.89
Time=3479596 X=13849.3 Y=-9593.59
Time=3480629 X=14178.2 Y=-9535.27
Time=3481607 X=14505.8 Y=-9354.68
Time=3482625 X=14741 Y=-9175
Time=3483661 X=14741 Y=-9175
Time=3484670 X=14741 Y=-9175
Time=3485672 X=14741 Y=-9175
Time=3486682 X=14741 Y=-9175
Time=3487695 X=14741 Y=-9175
Time=3488719 X=14741 Y=-9175
Time=3489737 X=14741 Y=-9175
Time=3490741 X=14741 Y=-9175
Time=3491772 X=14741 Y=-9175
Time=3492764 X=14741 Y=-9175
Time=3493767 X=14741 Y=-9175
Time=3494816 X=14675.3 Y=-9122.99
Time=3495810 X=14448.7 Y=-8946.99
Time=3496834 X=14448.7 Y=-8946.99
Time=3497892 X=14448.7 Y=-8946.99
Time=3498893 X=14448.7 Y=-8946.99
Time=3499903 X=14448.7 Y=-8946.99
Time=3500872 X=14448.7 Y=-8946.99
Time=3501952 X=14448.7 Y=-8946.99
Time=3502928 X=14448.7 Y=-8946.99
Time=3503918 X=14448.7 Y=-8946.99
Time=3504959 X=14088.3 Y=-9052.26
Time=3505982 X=13718.9 Y=-9182.8
Time=3506992 X=13354.1 Y=-9311.68
Time=3507983 X=12996.2 Y=-9438.13
Time=3509039 X=12659.1 Y=-9557.22
Time=3510046 X=12912.8 Y=-9533.54
Time=3511059 X=13300.6 Y=-9520.46
Time=3512030 X=13672.3 Y=-9507.92
Time=3513126 X=14091.9 Y=-9493.77
Time=3514127 X=14475.1 Y=-9480.84
Time=3515162 X=14871.3 Y=-9467.48
Time=3516136 X=15244.2 Y=-9454.9
Time=3517172 X=15640.8 Y=-9441.52
Time=3518189 X=15960.5 Y=-9430.74
Time=3519179 X=16339.5 Y=-9417.95
Time=3520257 X=16509.5 Y=-9412.22
Time=3521256 X=16509.5 Y=-9412.22
Time=3522287 X=16509.5 Y=-9412.22
Time=3523310 X=16509.5 Y=-9412.22
Time=3524343 X=16509.5 Y=-9412.22
Time=3525350 X=16509.5 Y=-9412.22
Time=3526384 X=16757.3 Y=-9396.2
Time=3527396 X=17091.9 Y=-9374.56
Time=3528392 X=17472.7 Y=-9349.95
Time=3529410 X=17534.2 Y=-9345.97
Time=3530428 X=17534.2 Y=-9345.97
Time=3531441 X=17534.2 Y=-9345.97
Time=3532480 X=17534.2 Y=-9345.97
Time=3533499 X=17534.2 Y=-9345.97
Time=3534503 X=17534.2 Y=-9345.97
Time=3535540 X=17534.2 Y=-9345.97
Time=3536559 X=17534.2 Y=-9345.97
Time=3537593 X=17534.2 Y=-9345.97
Time=3538630 X=17216.5 Y=-9363.49
Time=3539624 X=16837.7 Y=-9401.36
Time=3540677 X=16436.3 Y=-9441.48
Time=3541665 X=16059.7 Y=-9479.12
Time=3542709 X=15661.8 Y=-9518.9
Time=3543701 X=15348 Y=-9550.28
Time=3544726 X=14957.3 Y=-9589.33
Time=3545750 X=14567 Y=-9628.35
Time=3546772 X=14177.5 Y=-9667.29
Time=3547792 X=13788.7 Y=-9706.15
Time=3548811 X=13400.3 Y=-9744.97
Time=3549825 X=13013.9 Y=-9783.61
Time=3550842 X=12626.2 Y=-9822.36
Time=3551857 X=12262.9 Y=-9858.67
Time=3552874 X=11927.6 Y=-9892.2
Time=3553870 X=11844.1 Y=-9900.54
Time=3554922 X=11844.1 Y=-9900.54
Time=3555939 X=11844.1 Y=-9900.54
Time=3556934 X=11844.1 Y=-9900.54
Time=3557938 X=11593.7 Y=-9910.17
Time=3558953 X=11207.1 Y=-9955.48
Time=3559974 X=10818.7 Y=-10001
Time=3560957 X=10444.7 Y=-10044.9
Time=3562010 X=10044.1 Y=-10091.8
Time=3563015 X=9661.8 Y=-10136.6
Time=3564007 X=9284.41 Y=-10180.9
Time=3565056 X=8885.34 Y=-10227.6
Time=3566043 X=8509.85 Y=-10271.7
Time=3567085 X=8113.43 Y=-10318.1
Time=3568102 X=7780.52 Y=-10357.2
Time=3569097 X=7401.99 Y=-10401.5
Time=3570096 X=7021.94 Y=-10446.1
Time=3571140 X=6970.72 Y=-10452.1
Time=3572132 X=6763.82 Y=-10381.9
Time=3573217 X=6383.37 Y=-10215.4
Time=3574236 X=6040.1 Y=-10029.6
Time=3575249 X=5691.46 Y=-9859.53
Time=3576275 X=5583.47 Y=-9818.09
Time=3577256 X=5583.47 Y=-9818.09
Time=3578281 X=5583.47 Y=-9818.09
Time=3579308 X=5583.47 Y=-9818.09
Time=3580322 X=5583.47 Y=-9818.09
Time=3581335 X=5583.47 Y=-9818.09
Time=3582350 X=5583.47 Y=-9818.09
Time=3583371 X=5392.83 Y=-9813.24
Time=3584371 X=5012.17 Y=-9855.88
Time=3585406 X=4651.25 Y=-9896.31
Time=3586437 X=4356.17 Y=-9929.36
Time=3587459 X=4063.66 Y=-9962.13
Time=3588474 X=3945.8 Y=-9819.06
Time=3589534 X=3879.5 Y=-9420.13
Time=3590540 X=3916.3 Y=-9045.63
Time=3591565 X=3923.76 Y=-9027.58
Time=3592571 X=3923.76 Y=-9027.58
Time=3593598 X=3923.76 Y=-9027.58
Time=3594606 X=3923.76 Y=-9027.58
Time=3595622 X=3923.76 Y=-9027.58
Time=3596654 X=3923.76 Y=-9027.58
Time=3597643 X=3923.76 Y=-9027.58
Time=3598694 X=3923.76 Y=-9027.58
Time=3599699 X=3923.76 Y=-9027.58
Time=3600741 X=3923.76 Y=-9027.58
Time=3601747 X=3923.76 Y=-9027.58
Time=3602748 X=3923.76 Y=-9027.58
Time=3603773 X=3923.76 Y=-9027.58
Time=3604818 X=3923.76 Y=-9027.58
Time=3605852 X=3923.76 Y=-9027.58
Time=3606829 X=3923.76 Y=-9027.58
Time=3607898 X=3923.76 Y=-9027.58
Time=3608905 X=3923.76 Y=-9027.58
Time=3609917 X=3923.76 Y=-9027.58
Time=3610957 X=3923.76 Y=-9027.58
Time=3611973 X=3923.76 Y=-9027.58
Time=3612988 X=3923.76 Y=-9027.58
Time=3613986 X=3923.76 Y=-9027.58
Time=3614995 X=3923.76 Y=-9027.58
Time=3615993 X=3923.76 Y=-9027.58
Time=3617049 X=3923.76 Y=-9027.58
Time=3618054 X=3923.76 Y=-9027.58
Time=3619054 X=3923.76 Y=-9027.58
Time=3620089 X=3923.76 Y=-9027.58
Time=3621090 X=3923.76 Y=-9027.58
Time=3622147 X=3923.76 Y=-9027.58
Time=3623176 X=3923.76 Y=-9027.58
Time=3624203 X=3923.76 Y=-9027.58
Time=3625226 X=3923.76 Y=-9027.58
Time=3626265 X=3915.84 Y=-9009.35
Time=3627292 X=4072.47 Y=-9141.06
Time=3628302 X=4234.13 Y=-9267.41
Time=3629356 X=4244.16 Y=-9451.63
Time=3630345 X=4599.69 Y=-9582.41
Time=3631348 X=4953.78 Y=-9712.66
Time=3632338 X=4911.52 Y=-9692.3
Time=3633425 X=5132.45 Y=-9780.8
Time=3634426 X=5501.35 Y=-9895.47
Time=3635423 X=5867.86 Y=-10009.4
Time=3636455 X=6044.87 Y=-10059.5
Time=3637479 X=6044.87 Y=-10059.5
Time=3638470 X=5800.14 Y=-10041.3
Time=3639508 X=5402.65 Y=-10050.7
Time=3640499 X=5023.17 Y=-10059.7
Time=3641541 X=4638.12 Y=-10068.7
Time=3642566 X=4313.93 Y=-10076.4
Time=3643565 X=3931.38 Y=-10085.4
Time=3644588 X=3539.64 Y=-10094.7
Time=3645597 X=3153.26 Y=-10103.8
Time=3646633 X=2756.54 Y=-10113.2
Time=3647628 X=2692.44 Y=-9998.22
Time=3648631 X=2671.95 Y=-9614.58
Time=3649671 X=2650.71 Y=-9216.79
Time=3650697 X=2630.65 Y=-8841.14
Time=3651711 X=2609.94 Y=-8453.29
Time=3652722 X=2589.3 Y=-8066.59
Time=3653775 X=2623.56 Y=-7672.76
Time=3654773 X=2757.57 Y=-7314.76
Time=3655788 X=2886.36 Y=-6947.93
Time=3656792 X=3006.47 Y=-6582.6
Time=3657830 X=3129.13 Y=-6204.4
Time=3658833 X=3236.31 Y=-5873.94
Time=3659825 X=3475.65 Y=-5954.05
Time=3660887 X=3740.85 Y=-5933.14
Time=3661912 X=3736.93 Y=-5900.34
Time=3662907 X=3736.93 Y=-5900.34
Time=3663943 X=3736.93 Y=-5900.34
Time=3664987 X=3736.93 Y=-5900.34
Time=3665999 X=3736.93 Y=-5900.34
Time=3667004 X=3736.93 Y=-5900.34
Time=3668061 X=3736.93 Y=-5900.34
Time=3669057 X=3727.14 Y=-5902.54
Time=3670080 X=3618.43 Y=-5929.83
Time=3671097 X=3404.8 Y=-5876.27
Time=3672121 X=3404.8 Y=-5876.27
Time=3673143 X=3404.8 Y=-5876.27
Time=3674148 X=3404.8 Y=-5876.27
Time=3675194 X=3404.8 Y=-5876.27
Time=3676237 X=3404.8 Y=-5876.27
Time=3677251 X=3404.8 Y=-5876.27
Time=3678268 X=3404.8 Y=-5876.27
Time=3679272 X=3404.8 Y=-5876.27
Time=3680269 X=3431.35 Y=-5872.84
Time=3681263 X=3674.63 Y=-5930.11
Time=3682293 X=3724.5 Y=-5539.61
Time=3683313 X=3820.7 Y=-5160.93
Time=3684358 X=3918.5 Y=-4772.79
Time=3685393 X=3961.19 Y=-4559.12
Time=3686432 X=3961.19 Y=-4559.12
Time=3687453 X=3961.19 Y=-4559.12
Time=3688507 X=3961.19 Y=-4559.12
Time=3689502 X=3961.19 Y=-4559.12
Time=3690520 X=3961.19 Y=-4559.12
Time=3691543 X=3961.19 Y=-4559.12
Time=3692594 X=3961.19 Y=-4559.12
Time=3693567 X=3961.19 Y=-4559.12
Time=3694584 X=3961.19 Y=-4559.12
Time=3695602 X=3961.19 Y=-4559.12
Time=3696612 X=3961.19 Y=-4559.12
Time=3697646 X=3961.19 Y=-4559.12
Time=3698691 X=3961.19 Y=-4559.12
Time=3699721 X=3961.19 Y=-4559.12
Time=3700721 X=3961.19 Y=-4559.12
Time=3701744 X=3961.19 Y=-4559.12
Time=3702784 X=3961.19 Y=-4559.12
Time=3703783 X=3961.19 Y=-4559.12
Time=3704825 X=3961.19 Y=-4559.12
Time=3705822 X=3988.69 Y=-4649.5
Time=3706882 X=4120.32 Y=-4966.83
Time=3707888 X=4224.52 Y=-5337.82
Time=3708896 X=4328.93 Y=-5709.54
Time=3709900 X=4430.92 Y=-6072.98
Time=3710939 X=4539.43 Y=-6458.99
Time=3711964 X=4320.93 Y=-6364.9
Time=3712931 X=3982.49 Y=-6214.4
Time=3714028 X=3598.54 Y=-6043.67
Time=3715039 X=3341.24 Y=-5929.25
Time=3716062 X=3341.24 Y=-5929.25
Time=3717096 X=3341.24 Y=-5929.25
Time=3718106 X=3341.24 Y=-5929.25
Time=3719146 X=3341.24 Y=-5929.25
Time=3720149 X=3437.54 Y=-5960.39
Time=3721226 X=3813.01 Y=-6131.31
Time=3722204 X=4153.95 Y=-6286.52
Time=3723235 X=4513.38 Y=-6450.14
Time=3724240 X=4540.4 Y=-6462.44
Time=3725244 X=4540.4 Y=-6462.44
Time=3726264 X=4540.4 Y=-6462.44
Time=3727270 X=4540.4 Y=-6462.44
Time=3728262 X=4698.45 Y=-6145.34
Time=3729295 X=4876.3 Y=-5791.88
Time=3730310 X=4977.92 Y=-5590.45
Time=3731350 X=4977.92 Y=-5590.45
Time=3732370 X=4977.92 Y=-5590.45
Time=3733384 X=4977.92 Y=-5590.45
Time=3734403 X=4977.92 Y=-5590.45
Time=3735416 X=4977.92 Y=-5590.45
Time=3736432 X=4977.92 Y=-5590.45
Time=3737459 X=4977.92 Y=-5590.45
Time=3738469 X=4977.92 Y=-5590.45
Time=3739472 X=4977.92 Y=-5590.45
Time=3740482 X=4977.92 Y=-5590.45
Time=3741533 X=4977.92 Y=-5590.45
Time=3742522 X=4977.92 Y=-5590.45
Time=3743517 X=4977.92 Y=-5590.45
Time=3744528 X=4977.92 Y=-5590.45
Time=3745565 X=4977.92 Y=-5590.45
Time=3746556 X=4977.92 Y=-5590.45
Time=3747583 X=4977.92 Y=-5590.45
