Time=2634 X=15381 Y=12281
Time=3673 X=15381 Y=12281
Time=4678 X=15507.8 Y=12174.1
Time=5684 X=15802.3 Y=11925.6
Time=6760 X=16117.3 Y=11659.8
Time=7763 X=16304.9 Y=11565.1
Time=8785 X=16294.6 Y=11560.7
Time=9786 X=15941.9 Y=11410.5
Time=10802 X=15583.9 Y=11257.9
Time=11797 X=15246.4 Y=11114.2
Time=12764 X=14903.8 Y=10973.6
Time=13823 X=14525.9 Y=10826.1
Time=15539 X=13913.6 Y=10587.1
Time=16568 X=13545.7 Y=10445.8
Time=17581 X=13325.5 Y=10223.3
Time=18608 X=13170 Y=10338
Time=19634 X=13170 Y=10338
Time=20659 X=13170 Y=10338
Time=21705 X=13170 Y=10338
Time=22697 X=13170 Y=10338
Time=23711 X=13170 Y=10338
Time=24717 X=13170 Y=10338
Time=25750 X=13170 Y=10338
Time=26749 X=13170 Y=10338
Time=27755 X=13170 Y=10338
Time=28807 X=13170 Y=10338
Time=29784 X=13048 Y=10177.5
Time=30845 X=13048 Y=10177.5
Time=31863 X=13048 Y=10177.5
Time=32908 X=13048 Y=10177.5
Time=33942 X=13020.5 Y=10051
Time=34968 X=12965.2 Y=9670.61
Time=35991 X=12908.9 Y=9282.83
Time=37042 X=12850.9 Y=8884.45
Time=38036 X=12796.2 Y=8507.67
Time=39044 X=12741.2 Y=8129.62
Time=40043 X=12699.8 Y=7844.91
Time=41072 X=12634.7 Y=7629.67
Time=42095 X=12442.3 Y=7288.29
Time=43110 X=12251.5 Y=6949.59
Time=44123 X=12060.9 Y=6611.56
Time=45169 X=11864.2 Y=6262.52
Time=46184 X=11673.4 Y=5923.82
Time=47177 X=11475.6 Y=5599.37
Time=48249 X=11275.6 Y=5240.88
Time=49240 X=11120.9 Y=4951.43
Time=50263 X=11040 Y=4720.8
Time=51158 X=11040 Y=4720.8
Time=52292 X=11040 Y=4720.8
Time=53292 X=11040 Y=4720.8
Time=54316 X=11040 Y=4720.8
Time=55315 X=11040 Y=4720.8
Time=56360 X=11040 Y=4720.8
Time=57402 X=11040 Y=4720.8
Time=58406 X=11163.9 Y=4953.01
Time=59447 X=11211.7 Y=5201.86
Time=60537 X=10909 Y=5310.63
Time=61547 X=10909 Y=5310.63
Time=62552 X=10909 Y=5310.63
Time=63605 X=10909 Y=5310.63
Time=64615 X=10909 Y=5310.63
Time=65631 X=10909 Y=5310.63
Time=66647 X=10909 Y=5310.63
Time=67654 X=10909 Y=5310.63
Time=68650 X=10909 Y=5310.63
Time=69669 X=10909 Y=5310.63
Time=70700 X=10909 Y=5310.63
Time=71706 X=11090.6 Y=5455.98
Time=72696 X=11311.8 Y=5650.65
Time=73745 X=11563.7 Y=5872.37
Time=74823 X=11620.3 Y=5832.34
Time=75851 X=11427.4 Y=5489.09
Time=76877 X=11234.8 Y=5146.51
Time=77943 X=11040 Y=4788.89
Time=78975 X=11313.1 Y=4596.11
Time=79982 X=11700.9 Y=4570.08
Time=81018 X=12099.8 Y=4543.3
Time=82053 X=12497.3 Y=4524.16
Time=83087 X=12875.1 Y=4642.74
Time=84126 X=13166.5 Y=4730.54
Time=85152 X=13446.3 Y=4825.39
Time=86185 X=13521.6 Y=4991.26
Time=87187 X=13525.5 Y=4966.79
Time=88226 X=13525.5 Y=4966.79
Time=89270 X=13525.5 Y=4966.79
Time=90268 X=13525.5 Y=4966.79
Time=91294 X=13525.5 Y=4966.79
Time=92292 X=13525.5 Y=4966.79
Time=93276 X=13525.5 Y=4966.79
Time=94354 X=13525.5 Y=4966.79
Time=95366 X=13525.5 Y=4966.79
Time=96359 X=13525.5 Y=4966.79
Time=97409 X=13525.5 Y=4966.79
Time=98433 X=13525.5 Y=4966.79
Time=99468 X=13525.5 Y=4966.79
Time=100485 X=13525.5 Y=4966.79
Time=101509 X=13525.5 Y=4966.79
Time=102547 X=13525.5 Y=4966.79
Time=103587 X=13525.5 Y=4966.79
Time=104607 X=13525.5 Y=4966.79
Time=105619 X=13525.5 Y=4966.79
Time=106629 X=13525.5 Y=4966.79
Time=107663 X=13525.5 Y=4966.79
Time=108698 X=13525.5 Y=4966.79
Time=109717 X=13525.5 Y=4966.79
Time=110731 X=13340.5 Y=4887.15
Time=111742 X=12984.8 Y=4734.01
Time=112781 X=12619.3 Y=4576.64
Time=113840 X=12492.4 Y=4524.21
Time=114869 X=12789.8 Y=4562.76
Time=115890 X=12789.8 Y=4562.76
Time=116924 X=12789.8 Y=4562.76
Time=117987 X=12789.8 Y=4562.76
Time=119012 X=12750.7 Y=4556.79
Time=120032 X=12731 Y=4554.24
Time=121047 X=12482.4 Y=4467.83
Time=122080 X=12639.1 Y=4104.47
Time=123134 X=12798.9 Y=3733.73
Time=124170 X=12956 Y=3369.31
Time=125200 X=13252.8 Y=3135.14
Time=126272 X=13375 Y=2999.06
Time=127291 X=13375 Y=2999.06
Time=128285 X=13375 Y=2999.06
Time=129291 X=13375 Y=2999.06
Time=130330 X=13375 Y=2999.06
Time=131351 X=13375 Y=2999.06
Time=132391 X=13375 Y=2999.06
Time=133404 X=13375 Y=2999.06
Time=134452 X=13375 Y=2999.06
Time=135455 X=13375 Y=2999.06
Time=136461 X=13375 Y=2999.06
Time=137470 X=13375 Y=2999.06
Time=138506 X=13375 Y=2999.06
Time=139531 X=13375 Y=2999.06
Time=140575 X=13375 Y=2999.06
Time=141583 X=13375 Y=2999.06
Time=142638 X=13375 Y=2999.06
Time=143650 X=13375 Y=2999.06
Time=144702 X=13375 Y=2999.06
Time=145732 X=13484.6 Y=2886.78
Time=146775 X=13660.1 Y=2687.87
Time=147793 X=13660.1 Y=2687.87
Time=148821 X=13660.1 Y=2687.87
Time=149864 X=13699.1 Y=2678.46
Time=150867 X=13902.1 Y=2584.75
Time=151897 X=14175.5 Y=2469.59
Time=152936 X=14501.8 Y=2332.15
Time=153982 X=14871 Y=2176.61
Time=155028 X=15042 Y=1962.31
Time=156026 X=14827.6 Y=1645.88
Time=157037 X=14688 Y=1301.34
Time=158054 X=14772.9 Y=927.019
Time=159089 X=14923.6 Y=560.329
Time=160112 X=15074.4 Y=198.694
Time=161131 X=15117.4 Y=95.8537
Time=162149 X=15117.4 Y=95.8537
Time=163177 X=15117.4 Y=95.8537
Time=164215 X=15117.4 Y=95.8537
Time=165224 X=15117.4 Y=95.8537
Time=166240 X=15117.4 Y=95.8537
Time=167248 X=15117.4 Y=95.8537
Time=168286 X=14987.7 Y=414.854
Time=169301 X=14875 Y=467.407
Time=170296 X=14729.3 Y=116.94
Time=171307 X=14660.8 Y=193.427
Time=172326 X=14599.9 Y=480.526
Time=173369 X=14598.4 Y=487.57
Time=174407 X=14598.4 Y=487.57
Time=175414 X=14598.4 Y=487.57
Time=176422 X=14598.4 Y=487.57
Time=177462 X=14598.4 Y=487.57
Time=178505 X=14598.4 Y=487.57
Time=179507 X=14598.4 Y=487.57
Time=180516 X=14596.3 Y=590.209
Time=181497 X=14634.1 Y=940.842
Time=182556 X=14677.7 Y=1344.14
Time=183574 X=14975.3 Y=1501.56
Time=184552 X=15341.6 Y=1580.05
Time=185565 X=15721 Y=1661.35
Time=186653 X=16101.9 Y=1797.88
Time=187652 X=16343.9 Y=2066.63
Time=188647 X=16620 Y=2329.36
Time=189701 X=16866.6 Y=2564.04
Time=190706 X=16964.4 Y=2823.08
Time=191729 X=16866 Y=3183.82
Time=192718 X=16781 Y=3331
Time=193734 X=16781 Y=3331
Time=194796 X=16781 Y=3331
Time=195822 X=16781 Y=3331
Time=196850 X=16764.5 Y=3433.09
Time=197877 X=16727 Y=3664.17
Time=198871 X=16678.9 Y=3961.59
Time=199935 X=16620.8 Y=4320.09
Time=200960 X=16564.9 Y=4665.45
Time=201993 X=16506.9 Y=5013.23
Time=203037 X=16423.1 Y=5359.6
Time=204044 X=16360.6 Y=5618.04
Time=205058 X=16276.5 Y=5862.06
Time=206072 X=16150 Y=6089.47
Time=207093 X=16047.3 Y=6274.05
Time=208118 X=15919.4 Y=6503.92
Time=209131 X=15777.8 Y=6758.5
Time=210133 X=15897 Y=6518.95
Time=211145 X=16090.3 Y=6182.97
Time=212187 X=16289.3 Y=5837.02
Time=213185 X=16485.2 Y=5508.71
Time=214210 X=16642 Y=5292
Time=215230 X=16642 Y=5292
Time=216273 X=16642 Y=5292
Time=217253 X=16670.3 Y=5188.96
Time=218277 X=16751.4 Y=4892.99
Time=219342 X=16850.4 Y=4497.23
Time=220368 X=16901.7 Y=4104.79
Time=221359 X=16942.7 Y=3724.58
Time=222366 X=16941 Y=3389.47
Time=223376 X=17037 Y=3239
Time=224376 X=16988.9 Y=3370.37
Time=225409 X=17018.9 Y=3685.97
Time=226433 X=17046 Y=3729
Time=227437 X=17046 Y=3729
Time=228498 X=17046 Y=3729
Time=229499 X=17046 Y=3729
Time=230508 X=17046 Y=3729
Time=231534 X=17046 Y=3729
Time=232554 X=17088 Y=3548.12
Time=233589 X=16978.7 Y=3528.1
Time=234619 X=16692.5 Y=3600.91
Time=235661 X=16733.6 Y=3264.27
Time=236704 X=16797.5 Y=2869.91
Time=237729 X=16815.1 Y=2761.39
Time=238725 X=16815.1 Y=2761.39
Time=239723 X=16815.1 Y=2761.39
Time=240767 X=16815.1 Y=2761.39
Time=241781 X=16996.3 Y=2643.98
Time=242789 X=17154.9 Y=2525.1
Time=243840 X=17154.9 Y=2525.1
Time=244862 X=17154.9 Y=2525.1
Time=245891 X=17154.9 Y=2525.1
Time=246897 X=17154.9 Y=2525.1
Time=247922 X=17154.9 Y=2525.1
Time=248941 X=17015.3 Y=2715.77
Time=249962 X=16838.7 Y=2957.19
Time=251016 X=16659.5 Y=3202.21
Time=252003 X=16491.7 Y=3431.66
Time=253028 X=16425.1 Y=3522.79
Time=254047 X=16548.5 Y=3433.73
Time=255078 X=16765.2 Y=3536.35
Time=256100 X=17022.9 Y=3831.05
Time=257112 X=17026 Y=3834.67
Time=258154 X=17116.6 Y=3467.93
Time=259194 X=17115.4 Y=3098.49
Time=260202 X=17193.7 Y=2720.41
Time=261219 X=17272.8 Y=2338.96
Time=262263 X=17297.1 Y=2006.08
Time=263279 X=17311.5 Y=1752.32
Time=264302 X=17331.8 Y=1393.41
Time=265339 X=17335 Y=1337.96
Time=266363 X=17335 Y=1337.96
Time=267367 X=17324 Y=1531.46
Time=268414 X=17301.2 Y=1931.86
Time=269419 X=17274.5 Y=2314.96
Time=270437 X=17246.7 Y=2375.58
Time=271440 X=17425.2 Y=2035.37
Time=272449 X=17495.9 Y=1900.74
Time=273465 X=17315.3 Y=2245.46
Time=274498 X=17214.7 Y=2437.51
Time=275519 X=17394 Y=2095.42
Time=276533 X=17548.4 Y=1800.82
Time=277531 X=17693.1 Y=1524.67
Time=278538 X=17514.1 Y=1866.3
Time=279557 X=17332.9 Y=2212
Time=280569 X=17213.9 Y=2438.97
Time=281611 X=17399.2 Y=2085.46
Time=282642 X=17582.5 Y=1735.68
Time=283657 X=17740.2 Y=1434.94
Time=284707 X=17575.7 Y=1692.38
Time=285713 X=17408 Y=2039.3
Time=286753 X=17293.6 Y=2275.87
Time=287739 X=17293.6 Y=2275.87
Time=288775 X=17293.6 Y=2275.87
Time=289783 X=17196.2 Y=2471.53
Time=290825 X=17196.2 Y=2471.53
Time=291878 X=17144.9 Y=2681.6
Time=292867 X=16980.7 Y=3022.92
Time=293848 X=16701.2 Y=3202.38
Time=294892 X=16488.6 Y=2873.1
Time=295910 X=16333.7 Y=2515.26
Time=296918 X=16196 Y=2168.06
Time=297948 X=16188.3 Y=1836.98
Time=298935 X=16002.8 Y=1560.86
Time=299996 X=16188.7 Y=1866.77
Time=301039 X=16070.3 Y=1766.25
Time=301793 X=15809.5 Y=1680.33
Time=303275 X=15254.5 Y=1561.38
Time=304289 X=14874.7 Y=1480
Time=305299 X=14509.4 Y=1359.05
Time=306306 X=14173.4 Y=1206.82
Time=307341 X=13812.3 Y=1043.19
Time=308368 X=13454 Y=880.815
Time=309372 X=13103.8 Y=722.079
Time=310388 X=12749.3 Y=561.446
Time=311427 X=12386.8 Y=397.177
Time=312404 X=12045.9 Y=242.71
Time=313408 X=11772.7 Y=118.915
Time=314492 X=12036.6 Y=216.098
Time=315533 X=12336.8 Y=354.694
Time=316598 X=12707.2 Y=525.662
Time=317616 X=13061.2 Y=689.085
Time=318613 X=13408 Y=849.137
Time=319649 X=13571.1 Y=1176.39
Time=320668 X=13664.3 Y=1555.41
Time=321694 X=13775.4 Y=1932.35
Time=322709 X=13904.8 Y=2298.91
Time=323730 X=14036.5 Y=2613.48
Time=324748 X=14185.2 Y=2941.85
Time=325760 X=14345.1 Y=3294.97
Time=326795 X=14395.5 Y=3406.28
Time=327808 X=14395.5 Y=3406.28
Time=328837 X=14395.5 Y=3406.28
Time=329857 X=14601.2 Y=3164.01
Time=330881 X=14868.2 Y=2876.73
Time=331882 X=15129.3 Y=2595.89
Time=332915 X=15398.6 Y=2306.08
Time=333941 X=15666.2 Y=2018.24
Time=334949 X=15929.1 Y=1735.44
Time=335980 X=16203 Y=1898.96
Time=337028 X=16346.2 Y=2247.47
Time=338078 X=16486.8 Y=2624.3
Time=339083 X=16621.3 Y=2984.97
Time=340094 X=16640.6 Y=3024.34
Time=341087 X=16615.6 Y=2644.8
Time=342152 X=16588.8 Y=2237.75
Time=343208 X=16562.1 Y=1832.67
Time=344204 X=16536.8 Y=1449.13
Time=345224 X=16512.2 Y=1058.95
Time=346240 X=16602.8 Y=685.681
Time=347249 X=16801.7 Y=357.382
Time=348271 X=17101 Y=105.075
Time=349293 X=17381.3 Y=-164.284
Time=350314 X=17616.6 Y=-476.6
Time=351330 X=17890.4 Y=-747.232
Time=352359 X=17855.5 Y=-941.796
Time=353386 X=17521 Y=-1108
Time=354397 X=17499.1 Y=-1074.45
Time=355435 X=17609.4 Y=-757.177
Time=356577 X=17670 Y=-583
Time=357615 X=17670 Y=-583
Time=358657 X=17670 Y=-583
Time=359657 X=17670 Y=-583
Time=360681 X=17629.2 Y=-752.063
Time=361719 X=17655.5 Y=-1111.21
Time=362728 X=17634.1 Y=-1497.11
Time=363763 X=17625.1 Y=-1659.49
Time=364769 X=17625.1 Y=-1659.49
Time=365781 X=17625.1 Y=-1659.49
Time=366795 X=17469.3 Y=-1445.28
Time=367827 X=17578.4 Y=-1065.34
Time=368846 X=17604 Y=-976.297
Time=369886 X=17356.1 Y=-1119.25
Time=370894 X=17021.7 Y=-1312.15
Time=371929 X=16659.6 Y=-1434.23
Time=372966 X=16268.1 Y=-1492.81
Time=374035 X=15887.5 Y=-1590.33
Time=375091 X=15786.9 Y=-1711.42
Time=376076 X=15583 Y=-1652
Time=377111 X=15583 Y=-1652
Time=378105 X=15583 Y=-1652
Time=379121 X=15583 Y=-1652
Time=380148 X=15583 Y=-1652
Time=381153 X=15583 Y=-1652
Time=382196 X=15583 Y=-1652
Time=383236 X=15583 Y=-1652
Time=384251 X=15760.2 Y=-1638
Time=385279 X=15835 Y=-1632.08
Time=386310 X=15816.7 Y=-1630.2
Time=387330 X=15633.5 Y=-1405.84
Time=388369 X=15407.8 Y=-1109.3
Time=389406 X=15167.2 Y=-793.242
Time=390419 X=15304 Y=-891.278
Time=391426 X=15608.8 Y=-1132.42
Time=392465 X=15923.2 Y=-1381.22
Time=393474 X=16228.6 Y=-1622.84
Time=394520 X=16322 Y=-1696.73
Time=395534 X=16032.7 Y=-1709.43
Time=396581 X=15633.4 Y=-1748.85
Time=397598 X=15386.1 Y=-1998.49
Time=398625 X=15198.3 Y=-2311.77
Time=399686 X=14986.2 Y=-2658.42
Time=400723 X=14778.8 Y=-2997.23
Time=401737 X=14561.8 Y=-3318.99
Time=402767 X=14362 Y=-3560
Time=403789 X=14362 Y=-3560
Time=404798 X=14362 Y=-3560
Time=405820 X=14362 Y=-3560
Time=406839 X=14362 Y=-3560
Time=407872 X=14362 Y=-3560
Time=408912 X=14362 Y=-3560
Time=409934 X=14362 Y=-3560
Time=410984 X=14362 Y=-3560
Time=412013 X=14362 Y=-3560
Time=413024 X=14362 Y=-3560
Time=414068 X=14362 Y=-3560
Time=415103 X=14362 Y=-3560
Time=416118 X=14362 Y=-3560
Time=417134 X=14362 Y=-3560
Time=418165 X=14362 Y=-3560
Time=419176 X=14362 Y=-3560
Time=420196 X=14362 Y=-3560
Time=421234 X=14362 Y=-3560
Time=422249 X=14362 Y=-3560
Time=423252 X=14362 Y=-3560
Time=424275 X=14362 Y=-3560
Time=425291 X=14362 Y=-3560
Time=426304 X=14362 Y=-3560
Time=427276 X=14362 Y=-3560
Time=428341 X=14362 Y=-3560
Time=429340 X=14362 Y=-3560
Time=430368 X=14362 Y=-3560
Time=431396 X=14362 Y=-3560
Time=432412 X=14362 Y=-3560
Time=433470 X=14296.8 Y=-3495.92
Time=434562 X=14039 Y=-3166.9
Time=435550 X=13784 Y=-2887.25
Time=436604 X=13512 Y=-2588.93
Time=437619 X=13250 Y=-2301.64
Time=438640 X=12986.5 Y=-2012.66
Time=439652 X=13107.9 Y=-2164.4
Time=440651 X=13303.5 Y=-2375.35
Time=441661 X=13501.3 Y=-2588.61
Time=442677 X=13700.3 Y=-2803.15
Time=443704 X=13901.5 Y=-3020
Time=444710 X=14098.5 Y=-3232.42
Time=445742 X=14274.6 Y=-3471.68
Time=446776 X=14472.9 Y=-3745.65
Time=447787 X=14699.9 Y=-4059.37
Time=448809 X=14902.4 Y=-4269.62
Time=449817 X=15190.7 Y=-4526.12
Time=450865 X=15460 Y=-4823.75
Time=451878 X=15684.7 Y=-5075.66
Time=452889 X=15920.6 Y=-5345.07
Time=453881 X=16170.7 Y=-5631.17
Time=454930 X=16365.8 Y=-5854.39
Time=455946 X=16365.8 Y=-5854.39
Time=456968 X=16365.8 Y=-5854.39
Time=457972 X=16365.8 Y=-5854.39
Time=459009 X=16365.8 Y=-5854.39
Time=460057 X=16365.8 Y=-5854.39
Time=461065 X=16365.8 Y=-5854.39
Time=462081 X=16365.8 Y=-5854.39
Time=463134 X=16365.8 Y=-5854.39
Time=464157 X=16365.8 Y=-5854.39
Time=465154 X=16365.8 Y=-5854.39
Time=466183 X=16365.8 Y=-5854.39
Time=467224 X=16365.8 Y=-5854.39
Time=468233 X=16365.8 Y=-5854.39
Time=469232 X=16365.8 Y=-5854.39
Time=470263 X=16365.8 Y=-5854.39
Time=471319 X=16365.8 Y=-5854.39
Time=472316 X=16365.8 Y=-5854.39
Time=473333 X=16365.8 Y=-5854.39
Time=474331 X=16365.8 Y=-5854.39
Time=475326 X=16365.8 Y=-5854.39
Time=476360 X=16365.8 Y=-5854.39
Time=477388 X=16365.8 Y=-5854.39
Time=478416 X=16365.8 Y=-5854.39
Time=479452 X=16365.8 Y=-5854.39
Time=480482 X=16365.8 Y=-5854.39
Time=481479 X=16365.8 Y=-5854.39
Time=482525 X=16365.8 Y=-5854.39
Time=483546 X=16365.8 Y=-5854.39
Time=484604 X=16365.8 Y=-5854.39
Time=485629 X=16365.8 Y=-5854.39
Time=486624 X=16365.8 Y=-5854.39
Time=487650 X=16365.8 Y=-5854.39
Time=488685 X=16365.8 Y=-5854.39
Time=489702 X=16365.8 Y=-5854.39
Time=490737 X=16365.8 Y=-5854.39
Time=491779 X=16365.8 Y=-5854.39
Time=492788 X=16365.8 Y=-5854.39
Time=493846 X=16365.8 Y=-5854.39
Time=494861 X=16365.8 Y=-5854.39
Time=495895 X=16541.3 Y=-5959
Time=496912 X=16881.8 Y=-6148.28
Time=497931 X=17223 Y=-6337.93
Time=498959 X=17036.1 Y=-6277.25
Time=500002 X=16738.9 Y=-6118.33
Time=501017 X=16738.9 Y=-6118.33
Time=502119 X=16738.9 Y=-6118.33
Time=503105 X=16738.9 Y=-6118.33
Time=504124 X=16738.9 Y=-6118.33
Time=505139 X=16738.9 Y=-6118.33
Time=506150 X=16738.9 Y=-6118.33
Time=507202 X=16738.9 Y=-6118.33
Time=508237 X=16738.9 Y=-6118.33
Time=509262 X=16738.9 Y=-6118.33
Time=510277 X=16738.9 Y=-6118.33
Time=511292 X=16738.9 Y=-6118.33
Time=512297 X=16738.9 Y=-6118.33
Time=513300 X=16738.9 Y=-6118.33
Time=514318 X=16738.9 Y=-6118.33
Time=515321 X=16682.5 Y=-6204.3
Time=516365 X=16682.5 Y=-6204.3
Time=517374 X=16682.5 Y=-6204.3
Time=518427 X=16682.5 Y=-6204.3
Time=519424 X=16682.5 Y=-6204.3
Time=520444 X=16682.5 Y=-6204.3
Time=521475 X=16682.5 Y=-6204.3
Time=522483 X=16682.5 Y=-6204.3
Time=523511 X=16682.5 Y=-6204.3
Time=524544 X=16682.5 Y=-6204.3
Time=525575 X=16682.5 Y=-6204.3
Time=526586 X=16682.5 Y=-6204.3
Time=527579 X=16682.5 Y=-6204.3
Time=528602 X=16682.5 Y=-6204.3
Time=529636 X=16682.5 Y=-6204.3
Time=530643 X=16682.5 Y=-6204.3
Time=531668 X=16682.5 Y=-6204.3
Time=532683 X=16682.5 Y=-6204.3
Time=533700 X=16682.5 Y=-6204.3
Time=534722 X=16682.5 Y=-6204.3
Time=535741 X=16682.5 Y=-6204.3
Time=536760 X=16682.5 Y=-6204.3
Time=537781 X=16682.5 Y=-6204.3
Time=538816 X=16682.5 Y=-6204.3
Time=539842 X=16682.5 Y=-6204.3
Time=540845 X=16682.5 Y=-6204.3
Time=541851 X=16682.5 Y=-6204.3
Time=542722 X=11688.9 Y=-12.9165
Time=543952 X=11968.3 Y=-289.658
Time=544952 X=12203.5 Y=-570.515
Time=545973 X=12462.4 Y=-863.665
Time=547006 X=12724.3 Y=-1160.26
Time=548041 X=12986.7 Y=-1457.43
Time=549026 X=13236.4 Y=-1740.24
Time=550051 X=13496.3 Y=-2034.54
Time=551070 X=13754.7 Y=-2327.11
Time=552080 X=13971.9 Y=-2573.15
Time=553120 X=14235.6 Y=-2871.76
Time=554121 X=14492.5 Y=-3156.36
Time=555136 X=14759.4 Y=-3439.08
Time=556145 X=14997.5 Y=-3740.21
Time=557151 X=15274 Y=-4005.84
Time=558158 X=15389.8 Y=-4296.23
Time=559170 X=15546 Y=-4394
Time=560181 X=15546 Y=-4394
Time=561204 X=15546 Y=-4394
Time=562228 X=15546 Y=-4394
Time=563251 X=15546 Y=-4394
Time=564265 X=15546 Y=-4394
Time=565297 X=15546 Y=-4394
Time=566310 X=15546 Y=-4394
Time=567319 X=15546 Y=-4394
Time=568331 X=15546 Y=-4394
Time=569370 X=15546 Y=-4394
Time=570369 X=15546 Y=-4394
Time=571391 X=15546 Y=-4394
Time=572418 X=15546 Y=-4394
Time=573430 X=15546 Y=-4394
Time=574467 X=15546 Y=-4394
Time=575489 X=15546 Y=-4394
Time=576499 X=15546 Y=-4394
Time=577524 X=15546 Y=-4394
Time=578550 X=15546 Y=-4394
Time=579564 X=15546 Y=-4394
Time=580662 X=15546 Y=-4394
Time=581648 X=15546 Y=-4394
Time=582673 X=15546 Y=-4394
Time=583693 X=15546 Y=-4394
Time=584732 X=15546 Y=-4394
Time=585712 X=15546 Y=-4394
Time=586754 X=15546 Y=-4394
Time=587765 X=15546 Y=-4394
Time=588781 X=15546 Y=-4394
Time=589810 X=15546 Y=-4394
Time=590818 X=15546 Y=-4394
Time=591832 X=15546 Y=-4394
Time=592859 X=15546 Y=-4394
Time=593877 X=15546 Y=-4394
Time=594882 X=15546 Y=-4394
Time=595888 X=15546 Y=-4394
Time=596906 X=15546 Y=-4394
Time=597922 X=15546 Y=-4394
Time=598946 X=15546 Y=-4394
Time=599944 X=15546 Y=-4394
Time=600970 X=15546 Y=-4394
Time=601999 X=15546 Y=-4394
Time=603030 X=15546 Y=-4394
Time=604050 X=15546 Y=-4394
Time=605070 X=15546 Y=-4394
Time=606077 X=15546 Y=-4394
Time=607101 X=15546 Y=-4394
Time=608110 X=15546 Y=-4394
Time=609124 X=15546 Y=-4394
Time=610145 X=15546 Y=-4394
Time=611119 X=15546 Y=-4394
Time=612195 X=15546 Y=-4394
Time=613239 X=15546 Y=-4394
Time=614242 X=15546 Y=-4394
Time=615233 X=15546 Y=-4394
Time=616241 X=15546 Y=-4394
Time=617290 X=15546 Y=-4394
Time=618281 X=15546 Y=-4394
Time=619305 X=15546 Y=-4394
Time=620309 X=15546 Y=-4394
Time=621325 X=15546 Y=-4394
Time=622317 X=15546 Y=-4394
Time=623334 X=15546 Y=-4394
Time=624361 X=15546 Y=-4394
Time=625372 X=15546 Y=-4394
Time=626390 X=15546 Y=-4394
Time=627375 X=15546 Y=-4394
Time=628418 X=15546 Y=-4394
Time=629437 X=15546 Y=-4394
Time=630480 X=15546 Y=-4394
Time=631512 X=15546 Y=-4394
Time=632537 X=15546 Y=-4394
Time=633542 X=15546 Y=-4394
Time=634579 X=15546 Y=-4394
Time=635606 X=15546 Y=-4394
Time=636635 X=15546 Y=-4394
Time=637633 X=15546 Y=-4394
Time=638632 X=15546 Y=-4394
Time=639658 X=15546 Y=-4394
Time=640669 X=15546 Y=-4394
Time=641683 X=15546 Y=-4394
Time=642705 X=15546 Y=-4394
Time=643716 X=15546 Y=-4394
Time=644743 X=15546 Y=-4394
Time=645754 X=15546 Y=-4394
Time=646770 X=15546 Y=-4394
Time=647781 X=15546 Y=-4394
Time=648809 X=15546 Y=-4394
Time=649810 X=15546 Y=-4394
Time=650811 X=15546 Y=-4394
Time=651820 X=15546 Y=-4394
Time=652831 X=15546 Y=-4394
Time=653856 X=15806.4 Y=-4683.46
Time=654873 X=16067 Y=-4973.05
Time=655878 X=16324.5 Y=-5259.22
Time=656903 X=16587.1 Y=-5551.09
Time=657916 X=16782.9 Y=-5884.53
Time=658931 X=16968.3 Y=-6226.28
Time=659935 X=17151.6 Y=-6564.33
Time=660953 X=17077.3 Y=-6912
Time=661964 X=16786.4 Y=-6909.38
Time=662965 X=16471.4 Y=-6848.63
Time=663997 X=16106.6 Y=-6778.27
Time=665023 X=16106.6 Y=-6778.27
Time=666031 X=16106.6 Y=-6778.27
Time=667033 X=16106.6 Y=-6778.27
Time=668093 X=16106.6 Y=-6778.27
Time=669102 X=16106.6 Y=-6778.27
Time=670141 X=16409.8 Y=-6836.74
Time=671150 X=16789.2 Y=-6909.93
Time=672146 X=17128.9 Y=-6839.64
Time=673186 X=17273.3 Y=-6584.22
Time=674167 X=17087.6 Y=-6912
Time=675209 X=16685.8 Y=-6902.61
Time=676219 X=16297.3 Y=-6870.66
Time=677234 X=15907.2 Y=-6838.58
Time=678253 X=15804.5 Y=-6830.14
Time=679268 X=15804.5 Y=-6830.14
Time=680296 X=15900.5 Y=-6865.86
Time=681316 X=15607.2 Y=-7119.08
Time=682324 X=15315 Y=-7371.41
Time=683357 X=15246.9 Y=-7430.23
Time=684396 X=15246.9 Y=-7430.23
Time=685420 X=15246.9 Y=-7430.23
Time=686415 X=15246.9 Y=-7430.23
Time=687431 X=15246.9 Y=-7430.23
Time=688427 X=15264.6 Y=-7423.08
Time=689462 X=15273.5 Y=-7417.88
Time=690465 X=15416.6 Y=-7312.71
Time=691494 X=15268.3 Y=-7104.21
Time=692514 X=15143.2 Y=-6924.23
Time=693533 X=15143.2 Y=-6924.23
Time=694579 X=15143.2 Y=-6924.23
Time=695604 X=15143.2 Y=-6924.23
Time=696609 X=15143.2 Y=-6924.23
Time=697652 X=15143.2 Y=-6924.23
Time=698631 X=15143.2 Y=-6924.23
Time=699657 X=15143.2 Y=-6924.23
Time=700697 X=15512.3 Y=-6916.71
Time=701706 X=15898.8 Y=-6915.56
Time=702740 X=16264.9 Y=-6914.46
Time=703750 X=16651.8 Y=-6913.3
Time=704764 X=16649.9 Y=-6925.19
Time=705762 X=16267.9 Y=-6938.27
Time=706791 X=15873.9 Y=-6951.75
Time=707828 X=15477 Y=-6965.33
Time=708850 X=15085.7 Y=-6978.72
Time=709897 X=14688.7 Y=-6992.31
Time=710911 X=14688.7 Y=-6992.31
Time=711920 X=14688.7 Y=-6992.31
Time=712939 X=14688.7 Y=-6992.31
Time=713983 X=14688.7 Y=-6992.31
Time=714956 X=14688.7 Y=-6992.31
Time=715941 X=14688.7 Y=-6992.31
Time=717045 X=14688.7 Y=-6992.31
Time=718130 X=15021 Y=-7005.9
Time=718913 X=15320.6 Y=-6991.72
Time=720137 X=15788.9 Y=-6969.54
Time=721351 X=16253.4 Y=-6947.55
Time=722327 X=16627.3 Y=-6931.02
Time=723317 X=16985.5 Y=-6916.23
Time=724328 X=17180.8 Y=-6747.78
Time=725334 X=17323.4 Y=-6495.57
Time=726373 X=17328.4 Y=-6437.14
Time=727391 X=17094.2 Y=-6260.8
Time=728400 X=16862.1 Y=-6086.03
Time=729385 X=16635.4 Y=-5915.42
Time=730464 X=16594.7 Y=-5884.76
Time=731436 X=16608.4 Y=-5856.32
Time=732456 X=16727.2 Y=-6014.76
Time=733489 X=16964.6 Y=-6331.33
Time=734541 X=17172.1 Y=-6659.61
Time=735523 X=16977.7 Y=-6912
Time=736544 X=16586.3 Y=-6908.36
Time=737563 X=16196 Y=-6901.72
Time=738597 X=15800 Y=-6894.97
Time=739621 X=15463.4 Y=-6889.24
Time=740637 X=15113.3 Y=-6883.28
Time=741642 X=15100.2 Y=-6886.47
Time=742686 X=14766.4 Y=-6962.63
Time=743684 X=14588.7 Y=-7008.17
Time=744683 X=14684.8 Y=-7042.56
Time=745666 X=14619 Y=-7314.41
Time=746717 X=14540.2 Y=-7475.43
Time=747752 X=14698.1 Y=-7449.1
Time=748772 X=14790.9 Y=-7650.63
Time=749793 X=14818.7 Y=-7873.94
Time=750815 X=14863.2 Y=-7814.86
Time=751812 X=15170.1 Y=-7587.66
Time=752830 X=15483.6 Y=-7355.67
Time=753827 X=15790.5 Y=-7128.47
Time=754837 X=16068.2 Y=-6989.86
Time=755863 X=16358.7 Y=-6946.32
Time=756869 X=16648.1 Y=-6930.16
Time=757885 X=16940.4 Y=-6918.09
Time=758898 X=17133.6 Y=-6775.12
Time=759922 X=17100 Y=-6517.47
Time=760933 X=16919.8 Y=-6288.81
Time=761957 X=16737.2 Y=-6057.21
Time=762975 X=16555.7 Y=-5826.96
Time=763983 X=16376 Y=-5598.98
Time=764994 X=16195.7 Y=-5370.32
Time=766022 X=16012.4 Y=-5137.81
Time=767036 X=15831.6 Y=-4908.47
Time=768039 X=15652.8 Y=-4681.61
Time=769046 X=15483.2 Y=-4466.52
Time=770070 X=15469.3 Y=-4450.02
Time=771085 X=15411.9 Y=-4391.45
Time=772085 X=15243.8 Y=-4177.76
Time=773090 X=15253.1 Y=-4189.5
Time=774099 X=15407.8 Y=-4403.56
Time=775125 X=15653.3 Y=-4710.46
Time=776137 X=15895.5 Y=-5013.16
Time=777138 X=16135 Y=-5312.57
Time=778140 X=16374.7 Y=-5612.29
Time=779159 X=16618.5 Y=-5917.09
Time=780171 X=16860.7 Y=-6219.79
Time=781194 X=17105.4 Y=-6525.79
Time=782207 X=17108.2 Y=-6851.46
Time=783217 X=16815 Y=-6923.27
Time=784206 X=16436.5 Y=-6938.9
Time=785227 X=16051.9 Y=-6996.8
Time=786201 X=15727.4 Y=-7175.99
Time=787293 X=15393.6 Y=-7428.38
Time=788270 X=15101.6 Y=-7662.37
Time=789273 X=14801.7 Y=-7902.58
Time=790280 X=14500.7 Y=-8143.76
Time=791305 X=14194.3 Y=-8389.24
Time=792324 X=14166.7 Y=-8411.32
Time=793339 X=14229 Y=-8328.75
Time=794354 X=14346.2 Y=-8237.93
Time=795422 X=14401.8 Y=-8164.07
Time=796420 X=14612.1 Y=-7994.94
Time=797436 X=14925.6 Y=-7764.35
Time=798475 X=15246.2 Y=-7528.54
Time=799486 X=15558.2 Y=-7299.08
Time=800495 X=15873 Y=-7072.76
Time=801521 X=16247.5 Y=-6957.12
Time=802533 X=16619 Y=-7023.33
Time=803553 X=16968.4 Y=-7200.42
Time=804574 X=17286.3 Y=-7420.91
Time=805597 X=17569.2 Y=-7692.08
Time=806615 X=17850.7 Y=-7961.93
Time=807641 X=18100.9 Y=-8263.83
Time=808658 X=18300.7 Y=-8527.58
Time=809674 X=18436.6 Y=-8890.83
Time=810684 X=18562.8 Y=-9256.53
Time=811690 X=18668 Y=-9561.52
Time=812701 X=18750.2 Y=-9799.59
Time=813707 X=18750.2 Y=-9799.59
Time=814723 X=18750.2 Y=-9799.59
Time=815724 X=18750.2 Y=-9799.59
Time=816741 X=18750.2 Y=-9799.59
Time=817725 X=18750.2 Y=-9799.59
Time=818758 X=18750.2 Y=-9799.59
Time=819834 X=18750.2 Y=-9799.59
Time=820840 X=18750.2 Y=-9799.59
Time=821864 X=18750.2 Y=-9799.59
Time=822877 X=18750.2 Y=-9799.59
Time=823912 X=18750.2 Y=-9799.59
Time=824927 X=18750.2 Y=-9799.59
Time=825961 X=18750.2 Y=-9799.59
Time=826941 X=18750.2 Y=-9799.59
Time=827983 X=18699.2 Y=-10061.3
Time=828990 X=18629.4 Y=-10440.6
Time=829992 X=18559 Y=-10817.9
Time=831021 X=18486.2 Y=-11205.3
Time=832038 X=18420.2 Y=-11589.2
Time=833065 X=18395.2 Y=-11933.6
Time=834075 X=18431 Y=-12301
Time=835095 X=18545.4 Y=-11996.4
Time=836104 X=18588 Y=-11804
Time=837126 X=18588 Y=-11804
Time=838139 X=18588 Y=-11804
Time=839154 X=18574.1 Y=-11818.6
Time=840169 X=18371.8 Y=-12029.6
Time=841179 X=18227.1 Y=-12180.6
Time=842198 X=18227.1 Y=-12180.6
Time=843204 X=18220.5 Y=-12376.6
Time=844222 X=18213.1 Y=-12595.2
Time=845239 X=18213.1 Y=-12595.2
Time=846235 X=18213.1 Y=-12595.2
Time=847229 X=18223.4 Y=-12617.8
Time=848268 X=18379 Y=-12958.4
Time=849280 X=18214.9 Y=-13218.1
Time=850288 X=18015.1 Y=-13545.2
Time=851384 X=17796.3 Y=-13903.4
Time=852394 X=17594.6 Y=-14233.6
Time=853406 X=17392.6 Y=-14564.4
Time=854465 X=17181.1 Y=-14910.6
Time=855456 X=16983.2 Y=-15234.5
Time=856468 X=16781.2 Y=-15565.3
Time=857496 X=16601.8 Y=-15814
Time=858543 X=16261.1 Y=-15746.2
Time=859527 X=15891.6 Y=-15671.9
Time=860533 X=15513.8 Y=-15596
Time=861570 X=15168.6 Y=-15526.7
Time=862608 X=14907.4 Y=-15474.3
Time=863611 X=14750.7 Y=-15442.8
Time=864633 X=14750.7 Y=-15442.8
Time=865650 X=14750.7 Y=-15442.8
Time=866677 X=14750.7 Y=-15442.8
Time=867714 X=14750.7 Y=-15442.8
Time=868762 X=14750.7 Y=-15442.8
Time=869786 X=14750.7 Y=-15442.8
Time=870804 X=14750.7 Y=-15442.8
Time=871834 X=14750.7 Y=-15442.8
Time=872862 X=14586.4 Y=-15554.8
Time=873876 X=14305.2 Y=-15756.6
Time=874904 X=13995.1 Y=-15979.1
Time=875911 X=13681.4 Y=-16204.2
Time=876918 X=13368 Y=-16429.1
Time=877934 X=13085.1 Y=-16661
Time=878932 X=13072 Y=-16196
Time=879961 X=13072 Y=-16196
Time=880981 X=13072 Y=-16196
Time=881993 X=13072 Y=-16196
Time=883013 X=13072 Y=-16196
Time=884039 X=13072 Y=-16196
Time=885003 X=13072 Y=-16196
Time=886112 X=13072 Y=-16196
Time=887087 X=13039.9 Y=-16221.8
Time=888138 X=12821.8 Y=-16431.6
Time=889158 X=12610 Y=-16635.3
Time=890160 X=12402 Y=-16835.3
Time=891173 X=12191.7 Y=-17037.5
Time=892181 X=11982.4 Y=-17238.7
Time=893208 X=11769.2 Y=-17443.7
Time=894226 X=11557.9 Y=-17646.9
Time=895245 X=11346.4 Y=-17850.3
Time=896248 X=11169.5 Y=-18020.5
Time=897262 X=11048.6 Y=-18123.7
Time=898266 X=10780.7 Y=-18399.6
Time=899285 X=10656 Y=-18739.4
Time=900307 X=10842.1 Y=-19053.1
Time=901330 X=11222.1 Y=-19104
Time=902348 X=11612 Y=-19096.9
Time=903389 X=12001.1 Y=-19016
Time=904389 X=12365.5 Y=-18898
Time=905416 X=12676.9 Y=-18796.5
Time=906436 X=13051.6 Y=-18686.5
Time=907452 X=13296 Y=-18630
Time=908440 X=13296 Y=-18630
Time=909473 X=13296 Y=-18630
Time=910492 X=13296 Y=-18630
Time=911479 X=13296 Y=-18630
Time=912516 X=13296 Y=-18630
Time=913568 X=13296 Y=-18630
Time=914648 X=13296 Y=-18630
Time=915662 X=13296 Y=-18630
Time=916613 X=13296 Y=-18630
Time=917696 X=13296 Y=-18630
Time=918718 X=13296 Y=-18630
Time=919757 X=13296 Y=-18630
Time=920769 X=13296 Y=-18630
Time=921779 X=13296 Y=-18630
Time=922802 X=13296 Y=-18630
Time=923808 X=13296 Y=-18630
Time=924834 X=13409.8 Y=-18600.2
Time=925850 X=13728.9 Y=-18544
Time=926875 X=14058.4 Y=-18486.8
Time=927907 X=13669 Y=-18554.3
Time=928922 X=13291.9 Y=-18641.6
Time=929937 X=12925.9 Y=-18772.4
Time=930948 X=12862.9 Y=-18794.2
Time=931966 X=12862.9 Y=-18794.2
Time=932978 X=12928.8 Y=-18775.7
Time=933998 X=13054 Y=-18724
Time=935000 X=13429.5 Y=-18644.5
Time=936028 X=13284.9 Y=-18658.5
Time=937016 X=12910.6 Y=-18714.4
Time=938053 X=12517.8 Y=-18773.1
Time=939121 X=12350.3 Y=-18798.1
Time=940098 X=12494 Y=-18762.9
Time=941111 X=12876.1 Y=-18695.4
Time=942132 X=13261.2 Y=-18627.3
Time=943159 X=13628 Y=-18485.9
Time=944166 X=13986.3 Y=-18342.3
Time=945188 X=14349 Y=-18194.9
Time=946192 X=14705.2 Y=-18050.1
Time=947215 X=15068.3 Y=-17902.6
Time=948222 X=15397.8 Y=-17768.7
Time=949241 X=15731.8 Y=-17633
Time=950238 X=16085.5 Y=-17489.3
Time=951257 X=16258.8 Y=-17239.2
Time=952251 X=15930.2 Y=-17050.9
Time=953294 X=15554.6 Y=-16914.6
Time=954327 X=15177.6 Y=-16794.7
Time=955349 X=14800.9 Y=-16688.2
Time=956355 X=14430.1 Y=-16583.3
Time=957372 X=14266.4 Y=-16537.1
Time=958383 X=14266.4 Y=-16537.1
Time=959403 X=14266.4 Y=-16537.1
Time=960407 X=14266.4 Y=-16537.1
Time=961406 X=14538.7 Y=-16614.9
Time=962423 X=14910.1 Y=-16732.5
Time=963468 X=15291.6 Y=-16853.4
Time=964476 X=15659.7 Y=-16970.1
Time=965487 X=16028.9 Y=-17087
Time=966515 X=16288.3 Y=-17311.7
Time=967525 X=15993.8 Y=-17560
Time=968519 X=15675.5 Y=-17768.9
Time=969580 X=15335.7 Y=-17991.9
Time=970589 X=15012.5 Y=-18203.9
Time=971592 X=14747.9 Y=-18343.4
Time=972547 X=14457.7 Y=-18415.1
Time=973615 X=14060.6 Y=-18513.3
Time=974626 X=13684.7 Y=-18606.3
Time=975699 X=13285.7 Y=-18705
Time=976694 X=12915.7 Y=-18796.5
Time=977732 X=12529.8 Y=-18891.9
Time=978737 X=12156.1 Y=-18984.4
Time=979747 X=11780.5 Y=-19077.2
Time=980754 X=11417.5 Y=-19116.3
Time=981766 X=11076.5 Y=-19147.2
Time=982781 X=10689.3 Y=-19182.3
Time=983806 X=10339.3 Y=-19214
Time=984818 X=10487.1 Y=-18874.4
Time=985838 X=10660.1 Y=-18524.6
Time=986845 X=10958 Y=-18279.5
Time=987858 X=11058 Y=-18024.1
Time=988873 X=10982.6 Y=-17642.7
Time=989880 X=10919.4 Y=-17322.9
Time=990906 X=10862.1 Y=-17033
Time=991888 X=10807.2 Y=-16755.6
Time=992922 X=10755.5 Y=-16438
Time=993940 X=10694.1 Y=-16052.9
Time=994950 X=10633.3 Y=-15670.9
Time=995991 X=10570.6 Y=-15277.1
Time=997027 X=10830.2 Y=-15270.6
Time=998033 X=11212.2 Y=-15321.3
Time=999037 X=11593.5 Y=-15371.8
Time=1000061 X=11982.3 Y=-15423.3
Time=1001115 X=12340.7 Y=-15470.9
Time=1002127 X=12695.5 Y=-15517.9
Time=1003171 X=13091.9 Y=-15570.4
Time=1004168 X=13470.5 Y=-15620.6
Time=1005157 X=13846 Y=-15670.4
Time=1006182 X=14235.2 Y=-15722
Time=1007196 X=14620.3 Y=-15773
Time=1008209 X=15004.9 Y=-15824
Time=1009210 X=15385 Y=-15874.4
Time=1010209 X=15689.8 Y=-15914.8
Time=1011241 X=15902.5 Y=-15857.2
Time=1012255 X=16091.4 Y=-15517.9
Time=1013270 X=16280.6 Y=-15178.2
Time=1014278 X=16468.4 Y=-14840.8
Time=1015308 X=16660.3 Y=-14496.1
Time=1016310 X=16817.9 Y=-14213.2
Time=1017348 X=17011.3 Y=-13865.8
Time=1018381 X=17163 Y=-13501.9
Time=1019383 X=17283.8 Y=-13137.6
Time=1020397 X=17264.6 Y=-12883.1
Time=1021407 X=16896.9 Y=-12762.8
Time=1022425 X=16526.3 Y=-12641.6
Time=1023464 X=16148 Y=-12517.9
Time=1024469 X=15798.5 Y=-12475.4
Time=1025484 X=15438.3 Y=-12468.3
Time=1026497 X=15050.9 Y=-12488.5
Time=1027515 X=14828 Y=-12503
Time=1028518 X=14914.4 Y=-12497.2
Time=1029553 X=15172.8 Y=-12480.3
Time=1030566 X=15172.8 Y=-12480.3
Time=1031570 X=15172.8 Y=-12480.3
Time=1032567 X=15172.8 Y=-12480.3
Time=1033612 X=15172.8 Y=-12480.3
Time=1034649 X=15172.8 Y=-12480.3
Time=1035668 X=15172.8 Y=-12480.3
Time=1036695 X=15172.8 Y=-12480.3
Time=1037722 X=15049.1 Y=-12488
Time=1038748 X=14886.4 Y=-12504.5
Time=1039772 X=14713 Y=-12534
Time=1040807 X=14556.6 Y=-12563.3
Time=1041790 X=14556.6 Y=-12563.3
Time=1042828 X=14207.9 Y=-12614
Time=1043926 X=13881.6 Y=-12675.6
Time=1044904 X=13881.6 Y=-12675.6
Time=1045930 X=13881.6 Y=-12675.6
Time=1046955 X=13536.1 Y=-12565.8
Time=1047992 X=13172.8 Y=-12457.4
Time=1049003 X=12801.7 Y=-12346.8
Time=1050010 X=12432 Y=-12236.5
Time=1051021 X=12105.8 Y=-12283.4
Time=1052029 X=11845.1 Y=-12568.2
Time=1053047 X=11572.8 Y=-12832.3
Time=1054057 X=11356.2 Y=-12976.6
Time=1055065 X=11356.2 Y=-12976.6
Time=1056074 X=11356.2 Y=-12976.6
Time=1057060 X=11356.2 Y=-12976.6
Time=1058106 X=11356.2 Y=-12976.6
Time=1059115 X=11356.2 Y=-12976.6
Time=1060146 X=11356.2 Y=-12976.6
Time=1061131 X=11356.2 Y=-12976.6
Time=1062142 X=11356.2 Y=-12976.6
Time=1063154 X=11356.2 Y=-12976.6
Time=1064170 X=11356.2 Y=-12976.6
Time=1065220 X=11356.2 Y=-12976.6
Time=1066228 X=11356.2 Y=-12976.6
Time=1067227 X=11356.2 Y=-12976.6
Time=1068253 X=11359.6 Y=-12833.6
Time=1069311 X=11415.7 Y=-12452.7
Time=1070319 X=11471.9 Y=-12070.7
Time=1071360 X=11295.9 Y=-12032.3
Time=1072385 X=10959.1 Y=-12234.1
Time=1073389 X=10629.2 Y=-12431.7
Time=1074402 X=10328.3 Y=-12419.9
Time=1075417 X=9955.45 Y=-12400.1
Time=1076436 X=9565.31 Y=-12388.6
Time=1077435 X=9190.95 Y=-12463.5
Time=1078456 X=8807.76 Y=-12540.1
Time=1079472 X=8437.12 Y=-12658.6
Time=1080490 X=8101.71 Y=-12762
Time=1081491 X=7969 Y=-12740
Time=1082514 X=7969 Y=-12740
Time=1083540 X=7969 Y=-12740
Time=1084543 X=7969 Y=-12740
Time=1085555 X=7969 Y=-12740
Time=1086559 X=7969 Y=-12740
Time=1087583 X=7969 Y=-12740
Time=1088591 X=7969 Y=-12740
Time=1089600 X=7969 Y=-12740
Time=1090602 X=7969 Y=-12740
Time=1091593 X=8071.74 Y=-12825.3
Time=1092573 X=8071.74 Y=-12825.3
Time=1093638 X=8071.74 Y=-12825.3
Time=1094691 X=8071.74 Y=-12825.3
Time=1095696 X=8071.74 Y=-12825.3
Time=1096728 X=8083.18 Y=-12707.5
Time=1097815 X=8105.66 Y=-12497.6
Time=1098817 X=8105.66 Y=-12497.6
Time=1099841 X=8105.66 Y=-12497.6
Time=1100873 X=8105.66 Y=-12497.6
Time=1101898 X=8105.66 Y=-12497.6
Time=1102910 X=8105.66 Y=-12497.6
Time=1103935 X=8105.66 Y=-12497.6
Time=1104949 X=8105.66 Y=-12497.6
Time=1105953 X=8105.66 Y=-12497.6
Time=1106973 X=8105.66 Y=-12497.6
Time=1107975 X=8105.66 Y=-12497.6
Time=1108978 X=8106.38 Y=-12497.4
Time=1110000 X=8281.07 Y=-12734.3
Time=1111021 X=8494.62 Y=-13023.9
Time=1112026 X=8723.09 Y=-13333.8
Time=1113059 X=8752.5 Y=-13406
Time=1114084 X=8515.23 Y=-13092.7
Time=1115065 X=8319.46 Y=-12834.2
Time=1116069 X=8336.94 Y=-12824.6
Time=1117122 X=8621.01 Y=-12647.7
Time=1118118 X=8796.69 Y=-12573.7
Time=1119121 X=8796.69 Y=-12573.7
Time=1120139 X=8620.17 Y=-12488.3
Time=1121176 X=8262.66 Y=-12315.2
Time=1122216 X=7931.9 Y=-12143.7
Time=1123243 X=7580.04 Y=-11967.9
Time=1124260 X=7227.16 Y=-11802.8
Time=1125279 X=6874.74 Y=-11635.2
Time=1126284 X=6546.26 Y=-11434.7
Time=1127303 X=6216.67 Y=-11225.6
Time=1128359 X=6095.05 Y=-11148.5
Time=1129379 X=6095.05 Y=-11148.5
Time=1130392 X=6095.05 Y=-11148.5
Time=1131412 X=6095.05 Y=-11148.5
Time=1132414 X=6095.05 Y=-11148.5
Time=1133438 X=6095.05 Y=-11148.5
Time=1134434 X=6095.05 Y=-11148.5
Time=1135482 X=6095.05 Y=-11148.5
Time=1136514 X=6095.05 Y=-11148.5
Time=1137549 X=6011.36 Y=-11225.2
Time=1138573 X=6011.36 Y=-11225.2
Time=1139599 X=6011.36 Y=-11225.2
Time=1140589 X=6011.36 Y=-11225.2
Time=1141597 X=6011.36 Y=-11225.2
Time=1142629 X=5952.8 Y=-11259.7
Time=1143677 X=5625.5 Y=-11452.6
Time=1144689 X=5291.55 Y=-11649.4
Time=1145695 X=4959.57 Y=-11845
Time=1146718 X=4621.99 Y=-12044
Time=1147695 X=4299.93 Y=-12234.6
Time=1148712 X=3984.26 Y=-12461.7
Time=1149800 X=3658.56 Y=-12721.7
Time=1150809 X=3362.66 Y=-12957.9
Time=1151822 X=3144.52 Y=-13152
Time=1152786 X=2982.59 Y=-13296.2
Time=1153859 X=2982.59 Y=-13296.2
Time=1154931 X=2982.59 Y=-13296.2
Time=1155922 X=2982.59 Y=-13296.2
Time=1156963 X=2982.59 Y=-13296.2
Time=1157967 X=2982.59 Y=-13296.2
Time=1159004 X=2982.59 Y=-13296.2
Time=1160035 X=2982.59 Y=-13296.2
Time=1161084 X=2982.59 Y=-13296.2
Time=1162117 X=2982.59 Y=-13296.2
Time=1163152 X=2982.59 Y=-13296.2
Time=1164185 X=2955.35 Y=-13267.7
Time=1165197 X=2889.52 Y=-13198.7
Time=1166219 X=2889.52 Y=-13198.7
Time=1167252 X=2889.52 Y=-13198.7
Time=1168300 X=2889.52 Y=-13198.7
Time=1169302 X=2842.61 Y=-13231.6
Time=1170346 X=2596.5 Y=-13404.4
Time=1171359 X=2546.29 Y=-13439.6
Time=1172378 X=2546.29 Y=-13439.6
Time=1173388 X=2546.29 Y=-13439.6
Time=1174427 X=2546.29 Y=-13439.6
Time=1175437 X=2464.29 Y=-13592.9
Time=1176480 X=2332.08 Y=-13726.8
Time=1177499 X=2151.01 Y=-13799.6
Time=1178539 X=1966.21 Y=-13874
Time=1179590 X=1962.66 Y=-13875.4
Time=1180599 X=1962.66 Y=-13875.4
Time=1181633 X=1962.66 Y=-13875.4
Time=1182625 X=1962.66 Y=-13875.4
Time=1183660 X=1981.62 Y=-13858.6
Time=1184634 X=2079.45 Y=-13770.3
Time=1185760 X=2239.56 Y=-13625.9
Time=1186781 X=2228.89 Y=-13746.3
Time=1187800 X=2152.32 Y=-13865.3
Time=1188851 X=1990.29 Y=-13745.9
Time=1189886 X=1792.42 Y=-13600
Time=1190943 X=1575.69 Y=-13440.3
Time=1191960 X=1404.21 Y=-13313.9
Time=1192999 X=1246.71 Y=-13192.4
Time=1193997 X=1074.33 Y=-13063.7
Time=1195030 X=793.413 Y=-12802.5
Time=1196051 X=505.282 Y=-12533.8
Time=1197076 X=474.803 Y=-12505.3
Time=1198085 X=474.803 Y=-12505.3
Time=1199129 X=474.803 Y=-12505.3
Time=1200169 X=474.803 Y=-12505.3
Time=1201184 X=474.803 Y=-12505.3
Time=1202248 X=474.803 Y=-12505.3
Time=1203318 X=474.803 Y=-12505.3
Time=1204345 X=474.803 Y=-12505.3
Time=1205371 X=474.803 Y=-12505.3
Time=1206421 X=474.803 Y=-12505.3
Time=1207441 X=474.803 Y=-12505.3
Time=1208457 X=425.841 Y=-12509.1
Time=1209497 X=51.2815 Y=-12639.1
Time=1210374 X=-238.496 Y=-12812.7
Time=1211590 X=-640.778 Y=-13054.4
Time=1212547 X=-744.326 Y=-13116.6
Time=1213573 X=-744.326 Y=-13116.6
Time=1214658 X=-744.326 Y=-13116.6
Time=1215693 X=-744.326 Y=-13116.6
Time=1216656 X=-744.326 Y=-13116.6
Time=1217739 X=-744.326 Y=-13116.6
Time=1218783 X=-644.651 Y=-13274
Time=1219811 X=-486.28 Y=-13524.1
Time=1220860 X=-324.674 Y=-13779.4
Time=1221886 X=-225.615 Y=-13935.8
Time=1222921 X=-225.615 Y=-13935.8
Time=1223933 X=-288.636 Y=-13932.9
Time=1224996 X=-695.757 Y=-13939.4
Time=1226001 X=-1080.66 Y=-13945.5
Time=1226983 X=-1456.76 Y=-13951.4
Time=1228070 X=-1528.85 Y=-13935.3
Time=1229142 X=-1687.34 Y=-13976.8
Time=1230135 X=-1838.38 Y=-14092.4
Time=1231158 X=-1989.43 Y=-14217.1
Time=1232147 X=-2123.59 Y=-14328
Time=1233225 X=-2156.89 Y=-14355.5
Time=1234257 X=-2156.89 Y=-14355.5
Time=1235260 X=-2156.89 Y=-14355.5
Time=1236266 X=-2156.89 Y=-14355.5
Time=1237281 X=-2156.89 Y=-14355.5
Time=1238309 X=-2156.89 Y=-14355.5
Time=1239314 X=-2156.89 Y=-14355.5
Time=1240371 X=-2156.89 Y=-14355.5
Time=1241396 X=-2156.89 Y=-14355.5
Time=1242444 X=-2156.89 Y=-14355.5
Time=1243460 X=-2156.89 Y=-14355.5
Time=1244476 X=-2156.89 Y=-14355.5
Time=1245502 X=-2156.89 Y=-14355.5
Time=1246568 X=-2156.89 Y=-14355.5
Time=1247570 X=-2156.89 Y=-14355.5
Time=1248619 X=-2156.89 Y=-14355.5
Time=1249698 X=-2156.89 Y=-14355.5
Time=1250720 X=-2156.89 Y=-14355.5
Time=1251736 X=-2156.89 Y=-14355.5
Time=1252765 X=-2156.89 Y=-14355.5
Time=1253796 X=-2156.89 Y=-14355.5
Time=1254821 X=-2156.89 Y=-14355.5
Time=1255849 X=-2156.89 Y=-14355.5
Time=1256899 X=-2156.89 Y=-14355.5
Time=1257939 X=-2156.89 Y=-14355.5
Time=1258966 X=-2156.89 Y=-14355.5
Time=1259946 X=-2156.89 Y=-14355.5
Time=1260878 X=-2156.89 Y=-14355.5
Time=1262139 X=-2156.89 Y=-14355.5
Time=1263251 X=-2156.89 Y=-14355.5
Time=1264225 X=-2156.89 Y=-14355.5
Time=1265266 X=-2156.89 Y=-14355.5
Time=1266260 X=-2156.89 Y=-14355.5
Time=1267278 X=-1955.27 Y=-14099.8
Time=1268366 X=-1737.89 Y=-14016.1
Time=1269443 X=-1737.89 Y=-14016.1
Time=1270499 X=-1734.12 Y=-13985.7
Time=1271556 X=-1130.76 Y=-13886.6
Time=1272528 X=-818.794 Y=-13831.6
Time=1273640 X=-818.794 Y=-13831.6
Time=1274680 X=-818.794 Y=-13831.6
Time=1275683 X=-818.794 Y=-13831.6
Time=1276755 X=-818.794 Y=-13831.6
Time=1277784 X=-818.794 Y=-13831.6
Time=1278804 X=-818.794 Y=-13831.6
Time=1279866 X=-818.794 Y=-13831.6
Time=1280851 X=-818.794 Y=-13831.6
Time=1281880 X=-711.221 Y=-13788.4
Time=1282946 X=-307.707 Y=-13726
Time=1283951 X=72.7168 Y=-13667.1
Time=1284982 X=462.982 Y=-13606.6
Time=1286034 X=861.197 Y=-13545
Time=1287023 X=1235.56 Y=-13487
Time=1288069 X=1631.51 Y=-13425.7
Time=1289099 X=1615.89 Y=-13433.3
Time=1290101 X=1309.03 Y=-13490
Time=1291142 X=914.115 Y=-13545.1
Time=1292160 X=527.826 Y=-13598.3
Time=1293186 X=163.887 Y=-13648.1
Time=1294277 X=163.887 Y=-13648.1
Time=1295272 X=163.887 Y=-13648.1
Time=1296333 X=163.887 Y=-13648.1
Time=1297337 X=163.887 Y=-13648.1
Time=1298328 X=163.887 Y=-13648.1
Time=1299335 X=163.887 Y=-13648.1
Time=1300353 X=163.887 Y=-13648.1
Time=1301390 X=163.887 Y=-13648.1
Time=1302424 X=163.887 Y=-13648.1
Time=1303475 X=-119.502 Y=-13509.2
Time=1304475 X=-147.859 Y=-13495.7
Time=1305523 X=-147.859 Y=-13495.7
Time=1306555 X=-147.859 Y=-13495.7
Time=1307585 X=-147.859 Y=-13495.7
Time=1308630 X=-147.859 Y=-13495.7
Time=1309685 X=-147.859 Y=-13495.7
Time=1310733 X=-147.859 Y=-13495.7
Time=1311776 X=-147.859 Y=-13495.7
Time=1312784 X=-147.859 Y=-13495.7
Time=1313797 X=-147.859 Y=-13495.7
Time=1314872 X=-147.859 Y=-13495.7
Time=1315870 X=-147.859 Y=-13495.7
Time=1316892 X=-147.859 Y=-13495.7
Time=1317918 X=-147.859 Y=-13495.7
Time=1318918 X=-210.803 Y=-13540.8
Time=1319959 X=-373.898 Y=-13657.9
Time=1320970 X=-373.898 Y=-13657.9
Time=1322020 X=-373.898 Y=-13657.9
Time=1323016 X=-373.898 Y=-13657.9
Time=1324057 X=-373.898 Y=-13657.9
Time=1325061 X=-373.898 Y=-13657.9
Time=1326095 X=-373.898 Y=-13657.9
Time=1327088 X=-373.898 Y=-13657.9
Time=1328106 X=-373.898 Y=-13657.9
Time=1329115 X=-373.898 Y=-13657.9
Time=1330154 X=-373.898 Y=-13657.9
Time=1331154 X=-373.898 Y=-13657.9
Time=1332187 X=-373.898 Y=-13657.9
Time=1333218 X=-373.898 Y=-13657.9
Time=1334258 X=-373.898 Y=-13657.9
Time=1335288 X=-373.898 Y=-13657.9
Time=1336299 X=-293.623 Y=-13648.5
Time=1337333 X=63.9091 Y=-13623.6
Time=1338375 X=140.404 Y=-13619.5
Time=1339412 X=140.404 Y=-13619.5
Time=1340423 X=140.404 Y=-13619.5
Time=1341470 X=140.404 Y=-13619.5
Time=1342508 X=140.404 Y=-13619.5
Time=1343542 X=140.404 Y=-13619.5
Time=1344570 X=140.404 Y=-13619.5
Time=1345584 X=140.404 Y=-13619.5
Time=1346611 X=140.404 Y=-13619.5
Time=1347625 X=140.404 Y=-13619.5
Time=1348648 X=140.404 Y=-13619.5
Time=1349683 X=140.404 Y=-13619.5
Time=1350690 X=140.404 Y=-13619.5
Time=1351729 X=140.404 Y=-13619.5
Time=1352755 X=140.404 Y=-13619.5
Time=1353768 X=140.404 Y=-13619.5
Time=1354784 X=140.404 Y=-13619.5
Time=1355804 X=140.404 Y=-13619.5
Time=1356799 X=140.404 Y=-13619.5
Time=1357823 X=140.404 Y=-13619.5
Time=1358869 X=140.404 Y=-13619.5
Time=1359841 X=11290.8 Y=-18228.2
Time=1360937 X=10960 Y=-18008.7
Time=1361931 X=10637.4 Y=-17808.8
Time=1362949 X=10306.7 Y=-17604.6
Time=1363970 X=9971.2 Y=-17403.7
Time=1364991 X=9635.69 Y=-17202.7
Time=1366023 X=9296.57 Y=-16999.6
Time=1367039 X=8962.71 Y=-16799.6
Time=1368083 X=9131.94 Y=-16907.3
Time=1369099 X=9403.85 Y=-17076.9
Time=1370095 X=9727.55 Y=-17278.8
Time=1371106 X=10056.1 Y=-17483.7
Time=1372114 X=10383.7 Y=-17688
Time=1373143 X=10718.2 Y=-17896.6
Time=1374149 X=11045.1 Y=-18100.5
Time=1375179 X=10871.2 Y=-17981.6
Time=1376180 X=10543 Y=-17783.4
Time=1377184 X=10245 Y=-17603.5
Time=1378182 X=9937.66 Y=-17418
Time=1379194 X=9605.82 Y=-17217.6
Time=1380213 X=9271.68 Y=-17015.9
Time=1381219 X=8941.81 Y=-16816.7
Time=1382240 X=8754.11 Y=-16702.8
Time=1383236 X=8754.11 Y=-16702.8
Time=1384273 X=8754.11 Y=-16702.8
Time=1385263 X=8754.11 Y=-16702.8
Time=1386281 X=8754.11 Y=-16702.8
Time=1387277 X=8754.11 Y=-16702.8
Time=1388296 X=8754.11 Y=-16702.8
Time=1389316 X=8754.11 Y=-16702.8
Time=1390319 X=8968.69 Y=-16620.3
Time=1391332 X=9207.47 Y=-16585.3
Time=1392356 X=9524.52 Y=-16364.8
Time=1393352 X=9802.38 Y=-16113.1
Time=1394396 X=9705.96 Y=-15753.1
Time=1395387 X=9514.99 Y=-15425.1
Time=1396398 X=9320.17 Y=-15090.4
Time=1397392 X=9112.86 Y=-14772.7
Time=1398432 X=8800.27 Y=-14546.1
Time=1399417 X=8441.88 Y=-14428.2
Time=1400475 X=8056.93 Y=-14301.5
Time=1401479 X=7721.22 Y=-14113.9
Time=1402481 X=7406.57 Y=-13929.5
Time=1403490 X=7073.14 Y=-13734.1
Time=1404521 X=6732.43 Y=-13534.4
Time=1405540 X=6405.25 Y=-13321.8
Time=1406576 X=6083.91 Y=-13088.9
Time=1407611 X=5762.88 Y=-12856.3
Time=1408623 X=5448.98 Y=-12628.9
Time=1409660 X=5317.23 Y=-12421.3
Time=1410655 X=5369.38 Y=-12059.1
Time=1411671 X=5424.84 Y=-11673.9
Time=1412692 X=5460.26 Y=-11427.9
Time=1413685 X=5481.78 Y=-11388.8
Time=1414719 X=5826.94 Y=-11194.5
Time=1415742 X=6029.23 Y=-11080.7
Time=1416741 X=5903.29 Y=-11143.4
Time=1417784 X=5566.24 Y=-11357.8
Time=1418816 X=5232.74 Y=-11570.1
Time=1419823 X=4907.32 Y=-11777.1
Time=1420835 X=4580.29 Y=-11985.3
Time=1421850 X=4252.28 Y=-12194
Time=1422883 X=3918.46 Y=-12406.4
Time=1423887 X=3594.01 Y=-12612.9
Time=1424909 X=3281.14 Y=-12812
Time=1425939 X=2948.29 Y=-13023.8
Time=1426960 X=2718.39 Y=-13137.4
Time=1427969 X=2345.39 Y=-13238.6
Time=1428964 X=1977.56 Y=-13338.4
Time=1429993 X=1594.63 Y=-13429.7
Time=1431015 X=1206.74 Y=-13482.5
Time=1432047 X=815.06 Y=-13535.8
Time=1433060 X=486.714 Y=-13580.5
Time=1434107 X=187.934 Y=-13621.2
Time=1435119 X=-100.858 Y=-13660.5
Time=1436113 X=-384.514 Y=-13699.2
Time=1437124 X=-636.779 Y=-13733.5
Time=1438136 X=-649.564 Y=-13690.1
Time=1439147 X=-733.156 Y=-13411.2
Time=1440172 X=-802.129 Y=-13181.1
Time=1441205 X=-843.338 Y=-13214.9
Time=1442220 X=-1122.94 Y=-13399.5
Time=1443228 X=-1408.58 Y=-13659.3
Time=1444289 X=-1672.99 Y=-13899.8
Time=1445320 X=-1681.47 Y=-13912.6
Time=1446321 X=-1865.87 Y=-14223.1
Time=1447364 X=-1929.36 Y=-14441.9
Time=1448403 X=-1929.36 Y=-14441.9
Time=1449453 X=-1929.36 Y=-14441.9
Time=1450472 X=-1929.36 Y=-14441.9
Time=1451485 X=-1929.36 Y=-14441.9
Time=1452459 X=-1929.36 Y=-14441.9
Time=1453511 X=-1973.92 Y=-14573.8
Time=1454522 X=-2015.56 Y=-14560.6
Time=1455565 X=-2330.83 Y=-14461.1
Time=1456586 X=-2694.34 Y=-14346.3
Time=1457627 X=-3074.59 Y=-14226.3
Time=1458623 X=-3229.83 Y=-14184.4
Time=1459711 X=-3229.83 Y=-14184.4
Time=1460762 X=-3229.83 Y=-14184.4
Time=1461757 X=-3229.83 Y=-14184.4
Time=1462799 X=-3229.83 Y=-14184.4
Time=1463816 X=-3239.45 Y=-14142.6
Time=1464908 X=-3310.18 Y=-13835.4
Time=1465922 X=-3310.18 Y=-13835.4
Time=1466957 X=-3310.18 Y=-13835.4
Time=1468010 X=-3310.18 Y=-13835.4
Time=1469006 X=-3310.18 Y=-13835.4
Time=1470055 X=-3310.18 Y=-13835.4
Time=1471056 X=-3310.18 Y=-13835.4
Time=1472083 X=-3186.05 Y=-13835.2
Time=1473119 X=-3044.36 Y=-13835.1
Time=1474151 X=-3044.36 Y=-13835.1
Time=1475151 X=-3097.68 Y=-13865.4
Time=1476174 X=-3384.35 Y=-14028.5
Time=1477215 X=-3713.14 Y=-14215.5
Time=1478266 X=-3888.11 Y=-14315
Time=1479271 X=-4055.42 Y=-14410.1
Time=1480296 X=-4274.08 Y=-14534.5
Time=1481307 X=-4321.68 Y=-14561.6
Time=1482336 X=-4321.68 Y=-14561.6
Time=1483350 X=-4321.68 Y=-14561.6
Time=1484394 X=-4321.68 Y=-14561.6
Time=1485419 X=-4321.68 Y=-14561.6
Time=1486438 X=-4321.68 Y=-14561.6
Time=1487426 X=-4321.68 Y=-14561.6
Time=1488496 X=-4368.48 Y=-14578.6
Time=1489508 X=-4550.65 Y=-14644.7
Time=1490505 X=-4676.78 Y=-14690.6
Time=1491533 X=-4676.78 Y=-14690.6
Time=1492563 X=-4676.78 Y=-14690.6
Time=1493576 X=-4652.65 Y=-14823.2
Time=1494607 X=-4599.65 Y=-15013.3
Time=1495657 X=-4524.34 Y=-15199.7
Time=1496674 X=-4442.56 Y=-15352.9
Time=1497698 X=-4351.36 Y=-15493.8
Time=1498773 X=-4218.3 Y=-15649.6
Time=1499774 X=-4084.36 Y=-15786.8
Time=1500805 X=-3946.29 Y=-15928
Time=1501850 X=-3765.15 Y=-16113.1
Time=1502866 X=-3695.14 Y=-16184.7
Time=1503930 X=-3695.14 Y=-16184.7
Time=1504971 X=-3695.14 Y=-16184.7
Time=1506020 X=-3695.14 Y=-16184.7
Time=1507033 X=-3695.14 Y=-16184.7
Time=1508084 X=-3695.14 Y=-16184.7
Time=1509140 X=-3695.14 Y=-16184.7
Time=1510177 X=-3695.14 Y=-16184.7
Time=1511196 X=-3671.13 Y=-16276.2
Time=1512248 X=-3671.13 Y=-16276.2
Time=1513289 X=-3671.13 Y=-16276.2
Time=1514351 X=-3671.13 Y=-16276.2
Time=1515388 X=-3902.94 Y=-16400.8
Time=1516425 X=-4206.57 Y=-16450.5
Time=1517426 X=-4467.62 Y=-16571.1
Time=1518447 X=-4719.22 Y=-16797.6
Time=1519463 X=-4777.43 Y=-16850.1
Time=1520484 X=-4777.43 Y=-16850.1
Time=1521518 X=-4777.43 Y=-16850.1
Time=1522541 X=-4777.43 Y=-16850.1
Time=1523553 X=-4777.43 Y=-16850.1
Time=1524597 X=-4777.43 Y=-16850.1
Time=1525638 X=-4777.43 Y=-16850.1
Time=1526655 X=-4777.43 Y=-16850.1
Time=1527681 X=-4777.43 Y=-16850.1
Time=1528695 X=-4781.24 Y=-16822.1
Time=1529676 X=-4716.66 Y=-16637.4
Time=1530706 X=-4689.91 Y=-16570.5
Time=1531721 X=-4689.91 Y=-16570.5
Time=1532743 X=-4544.19 Y=-16227.1
Time=1533753 X=-4516.66 Y=-16162.2
Time=1534773 X=-4516.66 Y=-16162.2
Time=1535776 X=-4516.66 Y=-16162.2
Time=1536793 X=-4516.66 Y=-16162.2
Time=1537813 X=-4516.66 Y=-16162.2
Time=1538831 X=-4516.66 Y=-16162.2
Time=1539884 X=-4516.66 Y=-16162.2
Time=1540904 X=-4516.66 Y=-16162.2
Time=1541956 X=-4516.66 Y=-16162.2
Time=1543018 X=-4368.42 Y=-16303
Time=1544034 X=-4368.42 Y=-16303
Time=1545043 X=-4368.42 Y=-16303
Time=1546067 X=-4378.76 Y=-16320.9
Time=1547131 X=-4582.55 Y=-16673.8
Time=1548183 X=-4784.05 Y=-17022.8
Time=1549179 X=-4980.98 Y=-17327.9
Time=1550192 X=-5174.03 Y=-17592.9
Time=1551183 X=-5321.07 Y=-17924.2
Time=1552198 X=-5638.53 Y=-17986.9
Time=1553195 X=-6013.18 Y=-18060.9
Time=1554200 X=-6389.78 Y=-18018.3
Time=1555222 X=-6763.45 Y=-17935.8
Time=1556225 X=-6763.45 Y=-17935.8
Time=1557230 X=-6763.45 Y=-17935.8
Time=1558242 X=-6763.45 Y=-17935.8
Time=1559271 X=-6778.24 Y=-17918.8
Time=1560270 X=-6778.24 Y=-17918.8
Time=1561275 X=-6778.24 Y=-17918.8
Time=1562298 X=-6778.24 Y=-17918.8
Time=1563321 X=-6778.24 Y=-17918.8
Time=1564348 X=-6778.24 Y=-17918.8
Time=1565363 X=-6778.24 Y=-17918.8
Time=1566378 X=-6778.24 Y=-17918.8
Time=1567424 X=-6778.24 Y=-17918.8
Time=1568440 X=-6808.3 Y=-17945.9
Time=1569460 X=-6917.44 Y=-18044.2
Time=1570504 X=-7029.15 Y=-18144.8
Time=1571518 X=-7137.64 Y=-18242.5
Time=1572479 X=-7158.29 Y=-18261.1
Time=1573531 X=-7158.29 Y=-18261.1
Time=1574584 X=-7158.29 Y=-18261.1
Time=1575605 X=-7158.29 Y=-18261.1
Time=1576604 X=-7158.29 Y=-18261.1
Time=1577599 X=-7158.29 Y=-18261.1
Time=1578620 X=-7158.29 Y=-18261.1
Time=1579681 X=-7158.29 Y=-18261.1
Time=1580708 X=-7158.29 Y=-18261.1
Time=1581711 X=-7158.29 Y=-18261.1
Time=1582736 X=-6982.11 Y=-18231.3
Time=1583745 X=-6886.61 Y=-18215
Time=1584753 X=-6910.52 Y=-18236.8
Time=1585761 X=-7071.92 Y=-18324.8
Time=1586764 X=-7263.83 Y=-18323.8
Time=1587785 X=-7548.71 Y=-18374.8
Time=1588800 X=-7926.45 Y=-18466.8
Time=1589820 X=-8283.35 Y=-18553.8
Time=1590829 X=-8283.35 Y=-18553.8
Time=1591817 X=-8283.35 Y=-18553.8
Time=1592836 X=-8283.35 Y=-18553.8
Time=1593846 X=-8283.35 Y=-18553.8
Time=1594849 X=-8283.35 Y=-18553.8
Time=1595839 X=-8264.19 Y=-18593
Time=1596854 X=-8264.19 Y=-18593
Time=1597891 X=-8264.19 Y=-18593
Time=1598916 X=-8264.19 Y=-18593
Time=1599931 X=-8264.19 Y=-18593
Time=1600965 X=-8323.86 Y=-18586.5
Time=1601965 X=-8701.71 Y=-18525.7
Time=1603001 X=-8850.66 Y=-18486.6
Time=1604004 X=-8850.66 Y=-18486.6
Time=1605031 X=-8850.66 Y=-18486.6
Time=1606000 X=-8850.66 Y=-18486.6
Time=1607067 X=-8850.66 Y=-18486.6
Time=1608095 X=-8850.66 Y=-18486.6
Time=1609118 X=-8633.4 Y=-18250
Time=1610145 X=-8373.82 Y=-18536.3
Time=1611164 X=-8327.79 Y=-18587.4
Time=1612167 X=-8077.5 Y=-18437.2
Time=1613201 X=-7737.79 Y=-18233.6
Time=1614225 X=-7404.7 Y=-18033.9
Time=1615254 X=-7150.51 Y=-17881.6
Time=1616269 X=-6966.47 Y=-17771.3
Time=1617301 X=-6966.47 Y=-17771.3
Time=1618308 X=-6966.47 Y=-17771.3
Time=1619306 X=-6966.47 Y=-17771.3
Time=1620275 X=-6966.47 Y=-17771.3
Time=1621329 X=-7004.46 Y=-17719.4
Time=1622421 X=-7108.18 Y=-17741.7
Time=1623406 X=-7061.06 Y=-17585.5
Time=1624408 X=-7087.22 Y=-17579.6
Time=1625413 X=-7089.83 Y=-17491.2
Time=1626430 X=-7171.78 Y=-17427.3
Time=1627416 X=-7042.38 Y=-17279.4
Time=1628440 X=-7086.53 Y=-17115.1
Time=1629480 X=-6881.42 Y=-17060.8
Time=1630497 X=-6888.49 Y=-16990.8
Time=1631510 X=-6529.02 Y=-16945.3
Time=1632492 X=-6153.28 Y=-16927.7
Time=1633519 X=-5760.33 Y=-16909.3
Time=1634548 X=-5450.73 Y=-16894.9
Time=1635557 X=-5160.45 Y=-16881.3
Time=1636574 X=-4867.88 Y=-16867.6
Time=1637605 X=-6824.06 Y=-17029.3
Time=1638608 X=-6824.06 Y=-17029.3
Time=1639647 X=-6741.84 Y=-16815.5
Time=1640691 X=-6579.44 Y=-16786
Time=1641715 X=-6187.72 Y=-16806.1
Time=1642731 X=-5799.06 Y=-16826
Time=1643745 X=-5411.16 Y=-16845.8
Time=1644798 X=-5008.35 Y=-16866.4
Time=1645808 X=-4858.78 Y=-16874.1
Time=1646808 X=-4846.97 Y=-16636.9
Time=1647838 X=-4828.3 Y=-16259.9
Time=1648860 X=-4812.73 Y=-15945.5
Time=1649907 X=-4792.9 Y=-15545
Time=1650949 X=-4773.16 Y=-15146.3
Time=1651954 X=-4754.11 Y=-14761.9
Time=1652987 X=-4750.55 Y=-14690
Time=1654026 X=-4442.3 Y=-14569.5
Time=1655045 X=-4078.74 Y=-14427.5
Time=1656058 X=-3717.33 Y=-14286.3
Time=1657051 X=-3396.95 Y=-14161.1
Time=1658079 X=-3064.43 Y=-14031.2
Time=1659111 X=-2696.23 Y=-13887.4
Time=1660151 X=-2325.18 Y=-13742.4
Time=1661201 X=-1950.57 Y=-13596.1
Time=1662208 X=-1591.29 Y=-13455.7
Time=1663208 X=-1234.51 Y=-13316.3
Time=1664241 X=-865.96 Y=-13172.3
Time=1665258 X=-514.891 Y=-13035.2
Time=1666322 X=-214.929 Y=-12918
Time=1667349 X=151.482 Y=-12774.8
Time=1668380 X=206.666 Y=-12786.4
Time=1669391 X=-53.8329 Y=-13072.9
Time=1670395 X=-312.528 Y=-13357.5
Time=1671417 X=-575.861 Y=-13647.1
Time=1672436 X=-777.555 Y=-13895.8
Time=1673452 X=-601.337 Y=-14194.6
Time=1674507 X=-480.085 Y=-14513.3
Time=1675560 X=-319.482 Y=-14853.5
Time=1676569 X=-347.622 Y=-14891.8
Time=1677561 X=-347.622 Y=-14891.8
Time=1678589 X=-400.929 Y=-14866
Time=1679630 X=-400.929 Y=-14866
Time=1680626 X=-400.929 Y=-14866
Time=1681625 X=-531.364 Y=-14760.5
Time=1682687 X=-531.364 Y=-14760.5
Time=1683693 X=-531.364 Y=-14760.5
Time=1684695 X=-546.717 Y=-14901
Time=1685708 X=-518.133 Y=-15196.4
Time=1686766 X=-518.133 Y=-15196.4
Time=1687783 X=-518.133 Y=-15196.4
Time=1688803 X=-518.133 Y=-15196.4
Time=1689839 X=-518.133 Y=-15196.4
Time=1690876 X=-450.21 Y=-15318.1
Time=1691887 X=-450.21 Y=-15318.1
Time=1692907 X=-450.21 Y=-15318.1
Time=1693909 X=-450.21 Y=-15318.1
Time=1694944 X=-633.832 Y=-15124.4
Time=1695975 X=-826.367 Y=-14780.6
Time=1697019 X=-1027.89 Y=-14436
Time=1698038 X=-1087.86 Y=-14361.8
Time=1699052 X=-952.069 Y=-14550.9
Time=1700085 X=-931.576 Y=-14575.7
Time=1701082 X=-872.153 Y=-14661.4
Time=1702125 X=-811.646 Y=-14938.9
Time=1703127 X=-811.646 Y=-14938.9
Time=1704172 X=-579.245 Y=-15226.2
Time=1705186 X=-483.738 Y=-15348.5
Time=1706202 X=-474.412 Y=-15360.2
Time=1707237 X=-510.545 Y=-15429.9
Time=1708300 X=-692.702 Y=-15145.1
Time=1709324 X=-813.526 Y=-14949.4
Time=1710358 X=-918.365 Y=-14781.5
Time=1711406 X=-776.724 Y=-14916.1
Time=1712421 X=-633.017 Y=-15035
Time=1713464 X=-633.017 Y=-15035
Time=1714478 X=-633.017 Y=-15035
Time=1715507 X=-633.017 Y=-15035
Time=1716542 X=-633.017 Y=-15035
Time=1717581 X=-633.017 Y=-15035
Time=1718619 X=-633.017 Y=-15035
Time=1719657 X=-633.017 Y=-15035
Time=1720655 X=-633.017 Y=-15035
Time=1721667 X=-633.017 Y=-15035
Time=1722688 X=-620.872 Y=-15045
Time=1723720 X=-358.718 Y=-15260.7
Time=1724729 X=-152.207 Y=-15430.7
Time=1725733 X=-152.207 Y=-15430.7
Time=1726843 X=-152.207 Y=-15430.7
Time=1727833 X=-152.207 Y=-15430.7
Time=1728850 X=-152.207 Y=-15430.7
Time=1729849 X=-152.207 Y=-15430.7
Time=1730883 X=-152.207 Y=-15430.7
Time=1731883 X=-152.207 Y=-15430.7
Time=1732884 X=-152.207 Y=-15430.7
Time=1733924 X=-152.207 Y=-15430.7
Time=1734961 X=-166.39 Y=-15506.4
Time=1735964 X=-222.769 Y=-15807.2
Time=1736965 X=-222.769 Y=-15807.2
Time=1738002 X=-222.769 Y=-15807.2
Time=1739034 X=-222.769 Y=-15807.2
Time=1740035 X=-222.769 Y=-15807.2
Time=1741067 X=-222.769 Y=-15807.2
Time=1742101 X=-222.769 Y=-15807.2
Time=1743098 X=-222.769 Y=-15807.2
Time=1744113 X=-222.769 Y=-15807.2
Time=1745142 X=-263.34 Y=-15905.2
Time=1746150 X=-297.759 Y=-15988.4
Time=1747165 X=-297.759 Y=-15988.4
Time=1748178 X=-297.759 Y=-15988.4
Time=1749189 X=-297.759 Y=-15988.4
Time=1750226 X=-297.759 Y=-15988.4
Time=1751253 X=-297.759 Y=-15988.4
Time=1752300 X=-297.759 Y=-15988.4
Time=1753333 X=-318.974 Y=-16026.4
Time=1754393 X=-382.058 Y=-16139.5
Time=1755389 X=-382.058 Y=-16139.5
Time=1756403 X=-382.058 Y=-16139.5
Time=1757375 X=-382.058 Y=-16139.5
Time=1758456 X=-382.058 Y=-16139.5
Time=1759518 X=-382.058 Y=-16139.5
Time=1760539 X=-382.058 Y=-16139.5
Time=1761528 X=-382.058 Y=-16139.5
Time=1762580 X=-382.058 Y=-16139.5
Time=1763631 X=-382.058 Y=-16139.5
Time=1764657 X=-382.058 Y=-16139.5
Time=1765664 X=-382.058 Y=-16139.5
Time=1766705 X=-382.058 Y=-16139.5
Time=1767736 X=-382.058 Y=-16139.5
Time=1768743 X=-382.058 Y=-16139.5
Time=1769724 X=-452.547 Y=-16258.2
Time=1770810 X=-639.847 Y=-15956.3
Time=1771822 X=-783.275 Y=-15596.3
Time=1772849 X=-784.172 Y=-15226.8
Time=1773900 X=-608.57 Y=-15328.2
Time=1774919 X=-608.603 Y=-15718.5
Time=1775950 X=-608.638 Y=-16113.4
Time=1776981 X=-598.913 Y=-16493.6
Time=1777992 X=-608.691 Y=-16730.3
Time=1779019 X=-633.535 Y=-16691.8
Time=1780081 X=-750.208 Y=-16410.7
Time=1781101 X=-796.044 Y=-16134.5
Time=1782127 X=-812.11 Y=-15868
Time=1783169 X=-839.196 Y=-15570.1
Time=1784208 X=-790.11 Y=-15229.8
Time=1785252 X=-788.137 Y=-15101.2
Time=1786259 X=-788.137 Y=-15101.2
Time=1787331 X=-788.137 Y=-15101.2
Time=1788336 X=-682.95 Y=-15241.5
Time=1789347 X=-656.639 Y=-15278.2
Time=1790374 X=-656.639 Y=-15278.2
Time=1791397 X=-656.639 Y=-15278.2
Time=1792431 X=-656.639 Y=-15278.2
Time=1793428 X=-656.639 Y=-15278.2
Time=1794410 X=-656.639 Y=-15278.2
Time=1795477 X=-656.639 Y=-15278.2
Time=1796480 X=-656.639 Y=-15278.2
Time=1797507 X=-656.639 Y=-15278.2
Time=1798518 X=-656.639 Y=-15278.2
Time=1799524 X=-656.639 Y=-15278.2
Time=1800525 X=-656.639 Y=-15278.2
Time=1801573 X=-656.639 Y=-15278.2
Time=1802593 X=-656.639 Y=-15278.2
Time=1803631 X=-656.639 Y=-15278.2
Time=1804634 X=-656.639 Y=-15278.2
Time=1805641 X=-656.639 Y=-15278.2
Time=1806665 X=-656.639 Y=-15278.2
Time=1807674 X=-656.639 Y=-15278.2
Time=1808671 X=-656.639 Y=-15278.2
Time=1809708 X=-656.639 Y=-15278.2
Time=1810714 X=-656.639 Y=-15278.2
Time=1811720 X=-656.639 Y=-15278.2
Time=1812723 X=-656.639 Y=-15278.2
Time=1813781 X=-656.639 Y=-15278.2
Time=1814805 X=-656.639 Y=-15278.2
Time=1815802 X=-656.639 Y=-15278.2
Time=1816825 X=-656.639 Y=-15278.2
Time=1817862 X=-656.639 Y=-15278.2
Time=1818875 X=-656.639 Y=-15278.2
Time=1819897 X=-656.639 Y=-15278.2
Time=1820912 X=-656.639 Y=-15278.2
Time=1821924 X=-656.639 Y=-15278.2
Time=1822950 X=-656.639 Y=-15278.2
Time=1823980 X=-656.639 Y=-15278.2
Time=1824971 X=-656.639 Y=-15278.2
Time=1825982 X=-656.639 Y=-15278.2
Time=1826966 X=-656.639 Y=-15278.2
Time=1828036 X=-656.639 Y=-15278.2
Time=1829015 X=-656.639 Y=-15278.2
Time=1830054 X=-656.639 Y=-15278.2
Time=1831044 X=-656.639 Y=-15278.2
Time=1832052 X=-656.639 Y=-15278.2
Time=1833101 X=-656.639 Y=-15278.2
Time=1834118 X=-635.704 Y=-15286.4
Time=1835128 X=-364.62 Y=-15391.9
Time=1836163 X=-86.827 Y=-15499.9
Time=1837167 X=182.646 Y=-15604.8
Time=1838204 X=332.91 Y=-15663.3
Time=1839235 X=332.91 Y=-15663.3
Time=1840236 X=332.91 Y=-15663.3
Time=1841243 X=332.91 Y=-15663.3
Time=1842267 X=408.215 Y=-15861.7
Time=1843270 X=544.971 Y=-16221.9
Time=1844292 X=684.936 Y=-16590.7
Time=1845324 X=751.498 Y=-16849.3
Time=1846351 X=810.973 Y=-17104
Time=1847359 X=782.332 Y=-17200.5
Time=1848406 X=782.332 Y=-17200.5
Time=1849396 X=782.332 Y=-17200.5
Time=1850408 X=782.332 Y=-17200.5
Time=1851442 X=782.332 Y=-17200.5
Time=1852484 X=782.332 Y=-17200.5
Time=1853519 X=782.332 Y=-17200.5
Time=1854528 X=782.332 Y=-17200.5
Time=1855535 X=782.332 Y=-17200.5
Time=1856548 X=782.332 Y=-17200.5
Time=1857560 X=782.332 Y=-17200.5
Time=1858562 X=782.332 Y=-17200.5
Time=1859591 X=782.332 Y=-17200.5
Time=1860631 X=782.332 Y=-17200.5
Time=1861701 X=782.332 Y=-17200.5
Time=1862684 X=782.332 Y=-17200.5
Time=1863733 X=799.126 Y=-17215.3
Time=1864760 X=799.126 Y=-17215.3
Time=1865768 X=799.126 Y=-17215.3
Time=1866809 X=799.126 Y=-17215.3
Time=1867820 X=799.126 Y=-17215.3
Time=1868851 X=799.126 Y=-17215.3
Time=1869860 X=799.126 Y=-17215.3
Time=1870856 X=799.126 Y=-17215.3
Time=1871869 X=799.126 Y=-17215.3
Time=1872874 X=799.126 Y=-17215.3
Time=1873922 X=780.83 Y=-17227.2
Time=1874947 X=780.83 Y=-17227.2
Time=1875957 X=780.83 Y=-17227.2
Time=1876967 X=780.83 Y=-17227.2
Time=1878000 X=780.83 Y=-17227.2
Time=1879013 X=780.83 Y=-17227.2
Time=1880012 X=780.83 Y=-17227.2
Time=1881035 X=894.993 Y=-17386.7
Time=1882056 X=894.993 Y=-17386.7
Time=1883061 X=883.41 Y=-17398.4
Time=1884094 X=883.41 Y=-17398.4
Time=1885101 X=787.952 Y=-17483.2
Time=1886126 X=639.637 Y=-17549.5
Time=1887132 X=427.796 Y=-17590.2
Time=1888163 X=212.133 Y=-17579.1
Time=1889174 X=212.133 Y=-17579.1
Time=1890175 X=-91.0689 Y=-17562.1
Time=1891215 X=-169.943 Y=-17545.3
Time=1892233 X=-169.943 Y=-17545.3
Time=1893231 X=-169.943 Y=-17545.3
Time=1894237 X=-169.943 Y=-17545.3
Time=1895254 X=5.13176 Y=-17576.6
Time=1896285 X=372.031 Y=-17722.7
Time=1897304 X=160.392 Y=-17710
Time=1898310 X=-215.885 Y=-17725.4
Time=1899317 X=-584.757 Y=-17740.6
Time=1900344 X=-977.807 Y=-17756.8
Time=1901390 X=-1361.97 Y=-17862
Time=1902392 X=-1724.59 Y=-17987.6
Time=1903436 X=-2110.55 Y=-18091.8
Time=1904457 X=-2488.55 Y=-18192
Time=1905459 X=-2694.74 Y=-18245.3
Time=1906453 X=-2879.05 Y=-18293
Time=1907462 X=-3019.72 Y=-18329.4
Time=1908493 X=-3045.51 Y=-18336
Time=1909509 X=-3045.51 Y=-18336
Time=1910536 X=-3045.51 Y=-18336
Time=1911561 X=-3045.51 Y=-18336
Time=1912588 X=-3045.51 Y=-18336
Time=1913616 X=-3045.51 Y=-18336
Time=1914623 X=-3045.51 Y=-18336
Time=1915654 X=-3045.51 Y=-18336
Time=1916678 X=-3045.51 Y=-18336
Time=1917692 X=-3045.51 Y=-18336
Time=1918707 X=-3045.51 Y=-18336
Time=1919742 X=-3045.51 Y=-18336
Time=1920759 X=-3045.51 Y=-18336
Time=1921765 X=-3102.05 Y=-18306.4
Time=1922832 X=-3510.72 Y=-18300.6
Time=1923870 X=-3908.27 Y=-18295
Time=1924858 X=-4286.68 Y=-18289.6
Time=1925887 X=-4680.79 Y=-18284
Time=1926910 X=-5072.6 Y=-18278.5
Time=1927930 X=-5463.26 Y=-18272.9
Time=1928934 X=-5847.79 Y=-18267.5
Time=1929980 X=-6229.41 Y=-18262.1
Time=1930970 X=-6572.56 Y=-18257.2
Time=1932026 X=-6977.01 Y=-18251.5
Time=1933033 X=-7362.69 Y=-18246
Time=1934038 X=-7619.39 Y=-18161.7
Time=1935065 X=-7974.82 Y=-17993.1
Time=1936081 X=-8322.41 Y=-17818.1
Time=1937109 X=-8673.97 Y=-17640.8
Time=1938106 X=-9014.93 Y=-17468.7
Time=1939116 X=-9285.66 Y=-17316.7
Time=1940135 X=-9317.17 Y=-17264.8
Time=1941146 X=-9317.17 Y=-17264.8
Time=1942153 X=-9317.17 Y=-17264.8
Time=1943159 X=-9317.17 Y=-17264.8
Time=1944174 X=-9317.17 Y=-17264.8
Time=1945205 X=-9317.17 Y=-17264.8
Time=1946209 X=-9317.17 Y=-17264.8
Time=1947229 X=-9317.17 Y=-17264.8
Time=1948252 X=-9317.17 Y=-17264.8
Time=1949244 X=-9317.17 Y=-17264.8
Time=1950279 X=-9317.17 Y=-17264.8
Time=1951272 X=-9317.17 Y=-17264.8
Time=1952291 X=-9317.17 Y=-17264.8
Time=1953319 X=-9360.59 Y=-17232.4
Time=1954325 X=-9581.3 Y=-17045.1
Time=1955354 X=-9787.06 Y=-16832
Time=1956368 X=-9979.26 Y=-16612.1
Time=1957379 X=-10179 Y=-16400.4
Time=1958415 X=-10406.6 Y=-16207.9
Time=1959415 X=-10638 Y=-16036.3
Time=1960443 X=-10912.2 Y=-15822.9
Time=1961491 X=-11209.4 Y=-15553.6
Time=1962526 X=-11493.8 Y=-15277.4
Time=1963563 X=-11608.4 Y=-15166.1
Time=1964581 X=-11608.4 Y=-15166.1
Time=1965604 X=-11608.4 Y=-15166.1
Time=1966607 X=-11608.4 Y=-15166.1
Time=1967598 X=-11608.4 Y=-15166.1
Time=1968653 X=-11608.4 Y=-15166.1
Time=1969677 X=-11608.4 Y=-15166.1
Time=1970702 X=-11608.4 Y=-15166.1
Time=1971730 X=-11608.4 Y=-15166.1
Time=1972793 X=-11608.4 Y=-15166.1
Time=1973911 X=-11748.1 Y=-15337.4
Time=1974891 X=-11992.6 Y=-15619.4
Time=1975935 X=-12341 Y=-15815.6
Time=1976912 X=-12663.4 Y=-15997.1
Time=1977954 X=-12988.2 Y=-16150.8
Time=1978966 X=-13356.1 Y=-16272.8
Time=1979977 X=-13723.7 Y=-16394.6
Time=1981000 X=-14095.7 Y=-16517.9
Time=1982032 X=-14327.6 Y=-16594.7
Time=1983038 X=-14368 Y=-16608.1
Time=1984073 X=-14368 Y=-16608.1
Time=1985089 X=-14368 Y=-16608.1
Time=1986093 X=-14357.5 Y=-16596
Time=1987114 X=-14209.1 Y=-16237.8
Time=1988131 X=-14121.9 Y=-16080.7
Time=1989149 X=-14121.9 Y=-16080.7
Time=1990159 X=-14121.9 Y=-16080.7
Time=1991191 X=-14121.9 Y=-16080.7
Time=1992233 X=-14121.9 Y=-16080.7
Time=1993261 X=-14121.9 Y=-16080.7
Time=1994279 X=-14121.9 Y=-16080.7
Time=1995280 X=-14083 Y=-16108.7
Time=1996313 X=-13761.9 Y=-16339.8
Time=1997348 X=-13903.5 Y=-16171.1
Time=1998362 X=-13785.6 Y=-16187.7
Time=1999386 X=-13431.1 Y=-16287.2
Time=2000391 X=-13063.7 Y=-16172.1
Time=2001438 X=-12926.8 Y=-16183.7
Time=2002451 X=-12926.8 Y=-16183.7
Time=2003446 X=-12887.2 Y=-16257.1
Time=2004494 X=-12864.5 Y=-16251.3
Time=2005495 X=-12821.8 Y=-16244
Time=2006518 X=-12697.3 Y=-16093.4
Time=2007563 X=-12550.7 Y=-15960.6
Time=2008603 X=-12550.7 Y=-15960.6
Time=2009605 X=-12550.7 Y=-15960.6
Time=2010610 X=-12546.8 Y=-16071.6
Time=2011634 X=-12539.8 Y=-16267.6
Time=2012636 X=-12533 Y=-16459.3
Time=2013612 X=-12526.3 Y=-16646.1
Time=2014358 X=-12538.5 Y=-16772.9
Time=2015686 X=-12613.7 Y=-16917.7
Time=2016707 X=-12551.9 Y=-17103.2
Time=2017725 X=-12505 Y=-17244
Time=2018755 X=-12498.2 Y=-17024.1
Time=2019788 X=-12490 Y=-16761.1
Time=2020798 X=-12482 Y=-16504
Time=2021799 X=-12470.7 Y=-16142.1
Time=2022809 X=-12464.4 Y=-15937.5
Time=2023814 X=-12510.6 Y=-15809.2
Time=2024828 X=-12642.2 Y=-15443.8
Time=2025892 X=-12730.2 Y=-15199.1
Time=2026885 X=-12730.6 Y=-15343.5
Time=2027914 X=-12731.7 Y=-15737.6
Time=2028922 X=-12792.7 Y=-16103.4
Time=2029939 X=-12942 Y=-16463.3
Time=2030968 X=-13093 Y=-16827.3
Time=2031988 X=-13242.7 Y=-17188.2
Time=2032997 X=-13390.7 Y=-17545.2
Time=2034002 X=-13550.4 Y=-17870.4
Time=2035028 X=-13780.5 Y=-18100.5
Time=2036091 X=-14099.4 Y=-18327.6
Time=2037083 X=-14466.1 Y=-18424.5
Time=2038088 X=-14831.1 Y=-18436.8
Time=2039109 X=-15219.8 Y=-18393.9
Time=2040135 X=-15610.5 Y=-18350.8
Time=2041136 X=-15980.6 Y=-18414.9
Time=2042155 X=-16319.1 Y=-18604.2
Time=2043168 X=-16597.5 Y=-18827.3
Time=2044189 X=-16732.9 Y=-18585
Time=2045205 X=-16842.8 Y=-18211.7
Time=2046225 X=-16923.6 Y=-17829.7
Time=2047257 X=-17031.4 Y=-17449.4
Time=2048266 X=-17158 Y=-17084.3
Time=2049274 X=-17316.6 Y=-16732.6
Time=2050277 X=-17491.2 Y=-16390.3
Time=2051282 X=-17540.3 Y=-16294.1
Time=2052318 X=-17540.3 Y=-16294.1
Time=2053319 X=-17540.3 Y=-16294.1
Time=2054348 X=-17540.3 Y=-16294.1
Time=2055371 X=-17540.3 Y=-16294.1
Time=2056389 X=-17540.3 Y=-16294.1
Time=2057413 X=-17540.3 Y=-16294.1
Time=2058448 X=-17540.3 Y=-16294.1
Time=2059449 X=-17540.3 Y=-16294.1
Time=2060476 X=-17574.5 Y=-16111.9
Time=2061464 X=-17633.6 Y=-15833.5
Time=2062483 X=-17694.6 Y=-15546.5
Time=2063499 X=-17755.5 Y=-15260.3
Time=2064502 X=-17815.5 Y=-14977.7
Time=2065480 X=-17869.6 Y=-14723.2
Time=2066496 X=-17869.6 Y=-14723.2
Time=2067518 X=-17869.6 Y=-14723.2
Time=2068566 X=-17756.8 Y=-14976.1
Time=2069591 X=-17596.8 Y=-15334.7
Time=2070606 X=-17438.4 Y=-15689.8
Time=2071633 X=-17360.9 Y=-15863.6
Time=2072625 X=-17240.1 Y=-15547.6
Time=2073657 X=-17068 Y=-15275.3
Time=2074696 X=-16995 Y=-14884.4
Time=2075702 X=-16942.4 Y=-14502.7
Time=2076732 X=-16905.2 Y=-14109.9
Time=2077743 X=-16840.6 Y=-13728.3
Time=2078755 X=-16726.3 Y=-13358.2
Time=2079766 X=-16627.7 Y=-13067.3
Time=2080795 X=-16564.6 Y=-12880.6
Time=2081822 X=-16425.5 Y=-12835
Time=2082809 X=-16319.4 Y=-12837.7
Time=2083814 X=-16319.4 Y=-12837.7
Time=2084867 X=-16319.4 Y=-12837.7
Time=2085883 X=-16319.4 Y=-12837.7
Time=2086898 X=-16319.4 Y=-12837.7
Time=2087910 X=-16319.4 Y=-12837.7
Time=2088941 X=-16319.4 Y=-12837.7
Time=2089972 X=-16319.4 Y=-12837.7
Time=2090972 X=-16319.4 Y=-12837.7
Time=2091999 X=-16319.4 Y=-12837.7
Time=2093028 X=-16296.1 Y=-12835.6
Time=2094041 X=-16296.1 Y=-12835.6
Time=2095069 X=-16296.1 Y=-12835.6
Time=2096075 X=-16296.1 Y=-12835.6
Time=2097091 X=-16296.1 Y=-12835.6
Time=2098111 X=-16384.3 Y=-12825.6
Time=2099175 X=-16789 Y=-12777.4
Time=2100195 X=-16758.7 Y=-12745.5
Time=2101247 X=-16354.8 Y=-12742.3
Time=2102267 X=-15961.2 Y=-12739.2
Time=2103285 X=-15568.3 Y=-12736.1
Time=2104336 X=-15162.8 Y=-12733
Time=2105363 X=-14766.4 Y=-12729.9
Time=2106401 X=-14814.2 Y=-12716.4
Time=2107428 X=-15205.7 Y=-12755.2
Time=2108462 X=-15599.8 Y=-12794.2
Time=2109500 X=-15845.3 Y=-12818.6
Time=2110509 X=-15944.6 Y=-12737.2
Time=2111518 X=-16244.2 Y=-12493.1
Time=2112536 X=-16373.8 Y=-12387.5
Time=2113527 X=-16546 Y=-12486.7
Time=2114617 X=-16908.1 Y=-12694.6
Time=2115623 X=-17030.8 Y=-12765.1
Time=2116635 X=-16928.8 Y=-12885.6
Time=2117630 X=-16701.5 Y=-13191.6
Time=2118678 X=-16462.2 Y=-13513.9
Time=2119702 X=-16202.7 Y=-13633.1
Time=2120706 X=-15986.1 Y=-13950.9
Time=2121735 X=-15764.1 Y=-14276.6
Time=2122758 X=-15543.4 Y=-14600.3
Time=2123786 X=-15309.3 Y=-14860.3
Time=2124807 X=-15124.7 Y=-15146.2
Time=2125819 X=-14923.2 Y=-15458.4
Time=2126839 X=-14711.3 Y=-15786.6
Time=2127852 X=-14500.8 Y=-16112.6
Time=2128853 X=-14292.8 Y=-16434.7
Time=2129873 X=-13985 Y=-16379.4
Time=2130892 X=-13598 Y=-16328.2
Time=2131900 X=-13227.1 Y=-16223.3
Time=2132899 X=-12861.7 Y=-16108.8
Time=2133916 X=-12628.8 Y=-15912.1
Time=2134940 X=-12329.1 Y=-15659
Time=2135955 X=-12032 Y=-15408.2
Time=2136955 X=-11759.7 Y=-15178.3
Time=2137991 X=-11455.2 Y=-15344.9
Time=2138994 X=-11143.4 Y=-15548.2
Time=2140010 X=-10857.7 Y=-15734.5
Time=2141017 X=-10534.6 Y=-15945.2
Time=2142022 X=-10212.1 Y=-16155.4
Time=2143027 X=-9948.4 Y=-16305.4
Time=2144095 X=-9666.11 Y=-16010
Time=2145083 X=-9401.62 Y=-15739.3
Time=2146092 X=-9131.51 Y=-15462.8
Time=2147122 X=-8855.78 Y=-15180.7
Time=2148164 X=-8618.95 Y=-14938.3
Time=2149172 X=-8351.43 Y=-14664.5
Time=2150170 X=-8084.27 Y=-14391.1
Time=2151200 X=-7835.81 Y=-14168.6
Time=2152230 X=-7442.26 Y=-14140.9
Time=2153266 X=-7046.42 Y=-14112.9
Time=2154279 X=-6659.36 Y=-14085.6
Time=2155311 X=-6265.04 Y=-14057.8
Time=2156330 X=-5889.91 Y=-14031.3
Time=2157366 X=-5592.28 Y=-14010.3
Time=2158405 X=-5294.09 Y=-13985.2
Time=2159424 X=-5004.64 Y=-13939.2
Time=2160424 X=-4650.08 Y=-13849.4
Time=2161430 X=-4276.52 Y=-13754.8
Time=2162446 X=-4042.93 Y=-13779.2
Time=2163473 X=-3966.67 Y=-14165.1
Time=2164470 X=-3892.64 Y=-14539.8
Time=2165481 X=-3817.57 Y=-14919.7
Time=2166502 X=-3741.76 Y=-15303.4
Time=2167531 X=-3665.35 Y=-15690
Time=2168542 X=-3604.25 Y=-15999.3
Time=2169569 X=-3527.99 Y=-16385.2
Time=2170564 X=-3620.54 Y=-16468.1
Time=2171574 X=-3972.53 Y=-16300.7
Time=2172573 X=-4320.68 Y=-16135.1
Time=2173602 X=-4679.28 Y=-15964.5
Time=2174652 X=-5045.21 Y=-15790.4
Time=2175661 X=-5396.75 Y=-15623.2
Time=2176700 X=-5725.07 Y=-15467
Time=2177705 X=-5986.44 Y=-15342.7
Time=2178727 X=-6252.24 Y=-15216.3
Time=2179748 X=-6517.77 Y=-15089.9
Time=2180777 X=-6861.26 Y=-14926.6
Time=2181801 X=-7132.88 Y=-14767.4
Time=2182828 X=-7469.6 Y=-14564
Time=2183864 X=-7809.28 Y=-14358.9
Time=2184893 X=-8146.65 Y=-14155.1
Time=2185918 X=-8482.72 Y=-13952.1
Time=2186955 X=-8822.72 Y=-13746.7
Time=2187974 X=-9150.15 Y=-13548.9
Time=2188975 X=-9342.45 Y=-13374
Time=2190038 X=-9192.95 Y=-12995.3
Time=2191022 X=-9054.56 Y=-12644.7
Time=2192031 X=-8912.66 Y=-12285.2
Time=2193046 X=-8769.91 Y=-11923.6
Time=2194078 X=-8649.79 Y=-11553.4
Time=2195068 X=-8697.3 Y=-11200
Time=2196078 X=-8754 Y=-11036
Time=2197103 X=-8754 Y=-11036
Time=2198081 X=-8754 Y=-11036
Time=2199143 X=-8754 Y=-11036
Time=2200178 X=-8754 Y=-11036
Time=2201222 X=-8754 Y=-11036
Time=2202229 X=-8754 Y=-11036
Time=2203272 X=-8754 Y=-11036
Time=2204280 X=-8754 Y=-11036
Time=2205302 X=-8754 Y=-11036
Time=2206356 X=-9005.38 Y=-10877.9
Time=2207399 X=-9365.43 Y=-10960.7
Time=2208453 X=-9483.23 Y=-11331.1
Time=2209464 X=-9538.97 Y=-11667.4
Time=2210471 X=-9538.97 Y=-11667.4
Time=2211467 X=-9538.97 Y=-11667.4
Time=2212500 X=-9538.97 Y=-11667.4
Time=2213546 X=-9538.97 Y=-11667.4
Time=2214565 X=-9538.97 Y=-11667.4
Time=2215581 X=-9538.97 Y=-11667.4
Time=2216593 X=-9538.97 Y=-11667.4
Time=2217611 X=-9538.97 Y=-11667.4
Time=2218633 X=-9538.97 Y=-11667.4
Time=2219639 X=-9538.97 Y=-11667.4
Time=2220647 X=-9538.97 Y=-11667.4
Time=2221677 X=-9538.97 Y=-11667.4
Time=2222717 X=-9538.97 Y=-11667.4
Time=2223767 X=-9809.76 Y=-11763.8
Time=2224784 X=-10085.7 Y=-11862
Time=2225806 X=-10368.7 Y=-11886.9
Time=2226812 X=-10653.3 Y=-11832.7
Time=2227844 X=-10712.4 Y=-11821.5
Time=2228858 X=-10712.4 Y=-11821.5
Time=2229871 X=-10712.4 Y=-11821.5
Time=2230888 X=-10712.4 Y=-11821.5
Time=2231931 X=-10712.4 Y=-11821.5
Time=2232946 X=-10712.4 Y=-11821.5
Time=2233985 X=-10712.4 Y=-11821.5
Time=2234989 X=-10712.4 Y=-11821.5
Time=2236014 X=-10712.4 Y=-11821.5
Time=2237032 X=-10712.4 Y=-11821.5
Time=2238056 X=-10712.4 Y=-11821.5
Time=2239052 X=-10712.4 Y=-11821.5
Time=2240070 X=-10712.4 Y=-11821.5
Time=2241093 X=-10712.4 Y=-11821.5
Time=2242118 X=-10712.4 Y=-11821.5
Time=2243124 X=-10712.4 Y=-11821.5
Time=2244165 X=-10712.4 Y=-11821.5
Time=2245204 X=-10712.4 Y=-11821.5
Time=2246216 X=-10712.4 Y=-11821.5
Time=2247231 X=-10712.4 Y=-11821.5
Time=2248264 X=-10712.4 Y=-11821.5
Time=2249265 X=-10712.4 Y=-11821.5
Time=2250291 X=-10712.4 Y=-11821.5
Time=2251331 X=-10712.4 Y=-11821.5
Time=2252372 X=-10712.4 Y=-11821.5
Time=2253409 X=-10712.4 Y=-11821.5
Time=2254441 X=-10712.4 Y=-11821.5
Time=2255458 X=-10712.4 Y=-11821.5
Time=2256492 X=-10712.4 Y=-11821.5
Time=2257533 X=-10712.4 Y=-11821.5
Time=2258539 X=-10712.4 Y=-11821.5
Time=2259561 X=-10712.4 Y=-11821.5
Time=2260604 X=-10712.4 Y=-11821.5
Time=2261616 X=-10712.4 Y=-11821.5
Time=2262631 X=-10712.4 Y=-11821.5
Time=2263660 X=-10712.4 Y=-11821.5
Time=2264705 X=-10712.4 Y=-11821.5
Time=2265704 X=-10712.4 Y=-11821.5
Time=2266730 X=-10712.4 Y=-11821.5
Time=2267761 X=-10712.4 Y=-11821.5
Time=2268783 X=-10712.4 Y=-11821.5
Time=2269805 X=-10712.4 Y=-11821.5
Time=2270808 X=-10712.4 Y=-11821.5
Time=2271826 X=-10712.4 Y=-11821.5
Time=2272868 X=-10712.4 Y=-11821.5
Time=2273908 X=-10712.4 Y=-11821.5
Time=2274948 X=-10712.4 Y=-11821.5
Time=2275969 X=-10712.4 Y=-11821.5
Time=2276950 X=-10712.4 Y=-11821.5
Time=2277979 X=-10712.4 Y=-11821.5
Time=2279019 X=-10730.1 Y=-11836.4
Time=2280058 X=-10926.7 Y=-12002
Time=2281076 X=-11227.3 Y=-12255
Time=2282088 X=-11103.6 Y=-12107.8
Time=2283088 X=-10939.3 Y=-11937.6
Time=2284115 X=-10690 Y=-11735
Time=2285084 X=-10479.9 Y=-11564.2
Time=2286153 X=-10479.9 Y=-11564.2
Time=2287168 X=-10479.9 Y=-11564.2
Time=2288188 X=-10479.9 Y=-11564.2
Time=2289195 X=-10479.9 Y=-11564.2
Time=2290226 X=-10224.6 Y=-11375.5
Time=2291242 X=-10202.5 Y=-11004.3
Time=2292367 X=-10208.4 Y=-10849.3
Time=2293395 X=-10208.4 Y=-10849.3
Time=2294471 X=-10208.4 Y=-10849.3
Time=2295486 X=-10384.6 Y=-10753.4
Time=2296506 X=-10448.8 Y=-10933.8
Time=2297534 X=-10492.2 Y=-10958.3
Time=2298561 X=-10466.3 Y=-11350.9
Time=2299613 X=-10455.3 Y=-11381.9
Time=2300616 X=-10297.3 Y=-11428
Time=2301656 X=-9919.62 Y=-11563.7
Time=2302723 X=-9532.09 Y=-11702.9
Time=2303716 X=-9230.79 Y=-11811.2
Time=2304750 X=-9278.07 Y=-11765.8
Time=2305745 X=-9478.9 Y=-11552.5
Time=2306762 X=-9602.87 Y=-11205.4
Time=2307811 X=-9647.16 Y=-10806.1
Time=2308816 X=-9726.49 Y=-10429.8
Time=2309844 X=-9845.97 Y=-10054.6
Time=2310893 X=-9970.92 Y=-9672.69
Time=2311886 X=-10090.6 Y=-9311.64
Time=2312903 X=-10204.5 Y=-8968.05
Time=2313944 X=-10204.5 Y=-8968.05
Time=2314951 X=-10204.5 Y=-8968.05
Time=2315967 X=-10204.5 Y=-8968.05
Time=2316980 X=-10204.5 Y=-8968.05
Time=2317981 X=-10204.5 Y=-8968.05
Time=2318997 X=-10491.9 Y=-9043.92
Time=2320040 X=-10878.1 Y=-9145.89
Time=2321069 X=-11203.5 Y=-9216.47
Time=2322095 X=-10960.8 Y=-8999.4
Time=2323145 X=-10960.8 Y=-8999.4
Time=2324181 X=-10960.8 Y=-8999.4
Time=2325180 X=-10960.8 Y=-8999.4
Time=2326179 X=-10960.8 Y=-8999.4
Time=2327211 X=-10960.8 Y=-8999.4
Time=2328249 X=-10960.8 Y=-8999.4
Time=2329248 X=-11200.5 Y=-9107.82
Time=2330246 X=-11521.6 Y=-9113.1
Time=2331282 X=-11826.8 Y=-8859.55
Time=2332277 X=-12120.8 Y=-8616.98
Time=2333259 X=-12147.4 Y=-8595.04
Time=2334299 X=-12147.4 Y=-8595.04
Time=2335386 X=-12147.4 Y=-8595.04
Time=2336376 X=-12147.4 Y=-8595.04
Time=2337416 X=-12147.4 Y=-8595.04
Time=2338454 X=-12147.4 Y=-8595.04
Time=2339493 X=-12147.4 Y=-8595.04
Time=2340503 X=-12147.4 Y=-8595.04
Time=2341528 X=-12147.4 Y=-8595.04
Time=2342589 X=-12147.4 Y=-8595.04
Time=2343621 X=-12147.4 Y=-8595.04
Time=2344616 X=-12147.4 Y=-8595.04
Time=2345662 X=-12147.4 Y=-8595.04
Time=2346702 X=-12036.1 Y=-8857.56
Time=2347700 X=-11994.7 Y=-8955.41
Time=2348747 X=-11994.7 Y=-8955.41
Time=2349775 X=-11994.7 Y=-8955.41
Time=2350807 X=-11994.7 Y=-8955.41
Time=2351823 X=-11994.7 Y=-8955.41
Time=2352844 X=-11994.7 Y=-8955.41
Time=2353889 X=-11994.7 Y=-8955.41
Time=2354925 X=-11890.9 Y=-9148.78
Time=2355919 X=-11684.5 Y=-9297.93
Time=2356913 X=-11360.2 Y=-9099.12
Time=2357962 X=-11149 Y=-8964.37
Time=2359006 X=-11149 Y=-8964.37
Time=2360018 X=-11149 Y=-8964.37
Time=2361036 X=-11149 Y=-8964.37
Time=2362048 X=-11028.8 Y=-9047.07
Time=2363058 X=-10746.3 Y=-9241.34
Time=2364093 X=-10746.3 Y=-9241.34
Time=2365088 X=-10746.3 Y=-9241.34
Time=2366140 X=-10746.3 Y=-9241.34
Time=2367163 X=-10660.2 Y=-8927.35
Time=2368194 X=-10615.2 Y=-8734.88
Time=2369233 X=-10615.2 Y=-8734.88
Time=2370266 X=-10615.2 Y=-8734.88
Time=2371291 X=-10650.3 Y=-8754.55
Time=2372334 X=-10994.3 Y=-8947.42
Time=2373379 X=-11273.4 Y=-9103.9
Time=2374438 X=-11608.8 Y=-9201.79
Time=2375427 X=-11852.3 Y=-8911.56
Time=2376521 X=-12121.6 Y=-8590.51
Time=2377495 X=-12361.4 Y=-8304.68
Time=2378522 X=-12481.5 Y=-8161.47
Time=2379554 X=-12481.5 Y=-8161.47
Time=2380563 X=-12481.5 Y=-8161.47
Time=2381608 X=-12481.5 Y=-8161.47
Time=2382628 X=-12481.5 Y=-8161.47
Time=2383648 X=-12481.5 Y=-8161.47
Time=2384696 X=-12481.5 Y=-8161.47
Time=2385732 X=-12481.5 Y=-8161.47
Time=2386750 X=-12481.5 Y=-8161.47
Time=2387763 X=-12433.1 Y=-8244.07
Time=2388787 X=-12234.6 Y=-8582.41
Time=2389815 X=-12035.4 Y=-8922.07
Time=2390819 X=-11840.9 Y=-9253.8
Time=2391839 X=-11766.6 Y=-9380.43
Time=2392862 X=-11774.9 Y=-9357.46
Time=2393895 X=-12170.5 Y=-9361.78
Time=2394915 X=-12363.6 Y=-9360.8
Time=2395927 X=-12390.8 Y=-9365.82
Time=2396944 X=-12407.3 Y=-9370.4
Time=2397953 X=-12421.7 Y=-9372.04
Time=2398945 X=-12408.5 Y=-9362.05
Time=2399900 X=-12624.1 Y=-9341.4
Time=2401039 X=-12923.3 Y=-9663.45
Time=2402029 X=-12983.9 Y=-9731.27
Time=2403051 X=-12988.9 Y=-9740.84
Time=2404065 X=-13008.4 Y=-9761.15
Time=2405088 X=-13136 Y=-9988.12
Time=2406103 X=-13342.4 Y=-9983.67
Time=2407132 X=-13715.3 Y=-9855.91
Time=2408142 X=-14081.3 Y=-9730.51
Time=2409168 X=-14453.1 Y=-9603.12
Time=2410215 X=-14837.1 Y=-9498.96
Time=2411234 X=-15161 Y=-9441.96
Time=2412248 X=-15517.4 Y=-9287.6
Time=2413289 X=-15865.1 Y=-9206.31
Time=2414331 X=-16241.6 Y=-9073.83
Time=2415357 X=-16426.9 Y=-9008.61
Time=2416386 X=-16612.9 Y=-8943.2
Time=2417413 X=-16623.9 Y=-8939.32
Time=2418466 X=-16623.9 Y=-8939.32
Time=2419453 X=-16623.9 Y=-8939.32
Time=2420495 X=-16623.9 Y=-8939.32
Time=2421526 X=-16623.9 Y=-8939.32
Time=2422549 X=-16623.9 Y=-8939.32
Time=2423576 X=-16512.1 Y=-8935.68
Time=2424606 X=-16515.3 Y=-9036.55
Time=2425642 X=-16633.5 Y=-9195.96
Time=2426649 X=-16650.5 Y=-9218.89
Time=2427670 X=-16650.5 Y=-9218.89
Time=2428693 X=-16650.5 Y=-9218.89
Time=2429681 X=-16650.5 Y=-9218.89
Time=2430710 X=-16616.3 Y=-9187.24
Time=2431722 X=-16521.6 Y=-9076.43
Time=2432748 X=-16467.3 Y=-8939.92
Time=2433747 X=-16555.3 Y=-8770
Time=2434762 X=-16643.7 Y=-8599.23
Time=2435761 X=-16643.7 Y=-8599.23
Time=2436762 X=-16643.7 Y=-8599.23
Time=2437813 X=-16643.7 Y=-8599.23
Time=2438818 X=-16643.7 Y=-8599.23
Time=2439838 X=-16643.7 Y=-8599.23
Time=2440849 X=-16643.7 Y=-8599.23
Time=2441856 X=-16643.7 Y=-8599.23
Time=2442866 X=-16643.7 Y=-8599.23
Time=2443872 X=-16643.7 Y=-8599.23
Time=2444915 X=-16643.7 Y=-8599.23
Time=2445932 X=-16643.7 Y=-8599.23
Time=2446954 X=-16557.4 Y=-8692.57
Time=2447965 X=-16401.3 Y=-8935.57
Time=2448946 X=-16401.3 Y=-8935.57
Time=2449999 X=-16401.3 Y=-8935.57
Time=2451014 X=-16401.3 Y=-8935.57
Time=2452018 X=-16401.3 Y=-8935.57
Time=2453029 X=-16401.3 Y=-8935.57
Time=2454072 X=-16630.5 Y=-8710.16
Time=2455087 X=-16919.1 Y=-8449.68
Time=2456113 X=-17210.8 Y=-8186.38
Time=2457124 X=-17498.3 Y=-7926.93
Time=2458137 X=-17786.4 Y=-7666.96
Time=2459142 X=-18072.2 Y=-7409.05
Time=2460152 X=-18337.7 Y=-7138.5
Time=2461173 X=-18576.5 Y=-6890.43
Time=2462181 X=-18844.3 Y=-6612.27
Time=2463198 X=-18758.3 Y=-6569.47
Time=2464203 X=-18484.8 Y=-6840.27
Time=2465213 X=-18209.8 Y=-7112.43
Time=2466232 X=-17941.2 Y=-7394.73
Time=2467244 X=-17706.3 Y=-7703.09
Time=2468276 X=-17465.4 Y=-8019.3
Time=2469266 X=-17234.9 Y=-8321.82
Time=2470300 X=-16994.9 Y=-8636.88
Time=2471287 X=-16988.5 Y=-8645.39
Time=2472377 X=-16854 Y=-8344.79
Time=2473352 X=-16726.5 Y=-7993.74
Time=2474395 X=-16590.2 Y=-7618.22
Time=2475397 X=-16459.2 Y=-7257.45
Time=2476431 X=-16334.9 Y=-6915.09
Time=2477480 X=-16197.8 Y=-6537.41
Time=2478482 X=-16066.8 Y=-6176.64
Time=2479503 X=-15933.3 Y=-5809.04
Time=2480519 X=-15800.5 Y=-5443.23
Time=2481546 X=-15666.3 Y=-5073.47
Time=2482546 X=-15626.9 Y=-4774.6
Time=2483589 X=-15397.8 Y=-4489.09
Time=2484623 X=-15253.6 Y=-4167.61
Time=2485651 X=-15090.5 Y=-3809.23
Time=2486661 X=-14930.2 Y=-3457.13
Time=2487681 X=-14773.4 Y=-3099.26
Time=2488682 X=-14620.8 Y=-2747.53
Time=2489707 X=-14549.3 Y=-2582.73
Time=2490722 X=-14549.3 Y=-2582.73
Time=2491728 X=-14549.3 Y=-2582.73
Time=2492736 X=-14651.5 Y=-2751.53
Time=2493720 X=-14845.7 Y=-3074.59
Time=2494762 X=-14866 Y=-3108.4
Time=2495776 X=-14866 Y=-3108.4
Time=2496780 X=-14866 Y=-3108.4
Time=2497807 X=-14866 Y=-3108.4
Time=2498832 X=-14850.1 Y=-3094.48
Time=2499844 X=-14844.1 Y=-3144.11
Time=2500867 X=-14937.1 Y=-3481.84
Time=2501869 X=-14884 Y=-3402.05
Time=2502898 X=-14758.2 Y=-3028.5
Time=2503909 X=-14634.7 Y=-2661.48
Time=2504903 X=-14513.2 Y=-2300.63
Time=2505911 X=-14390 Y=-1934.7
Time=2506932 X=-14265.3 Y=-1564.05
Time=2507955 X=-14143.2 Y=-1201.33
Time=2508972 X=-14216.6 Y=-1442.85
Time=2509965 X=-14310.1 Y=-1750.68
Time=2511012 X=-14417.9 Y=-2105.67
Time=2512040 X=-14532.4 Y=-2482.44
Time=2513070 X=-14647.1 Y=-2859.93
Time=2514072 X=-14758.6 Y=-3227.17
Time=2515082 X=-14843 Y=-3505.06
Time=2516100 X=-14821.7 Y=-3425.5
Time=2517118 X=-14721 Y=-3048.82
Time=2518115 X=-14622.3 Y=-2679.9
Time=2519138 X=-14537.9 Y=-2364.6
Time=2520167 X=-14496 Y=-1984.17
Time=2521181 X=-14496 Y=-1592.84
Time=2522214 X=-14496 Y=-1194.19
Time=2523200 X=-14515.5 Y=-824.995
Time=2524245 X=-14717.9 Y=-483.19
Time=2525266 X=-14936.4 Y=-155.342
Time=2526299 X=-15157.6 Y=176.359
Time=2527298 X=-15357.4 Y=476.063
Time=2528256 X=-15560.9 Y=781.385
Time=2529317 X=-15786.4 Y=1119.54
Time=2530351 X=-15991.6 Y=1457.5
Time=2531364 X=-16075.3 Y=1832.76
Time=2532515 X=-16159.6 Y=2265.29
Time=2533544 X=-16268 Y=2644.2
Time=2534600 X=-16381.9 Y=3032.33
Time=2535599 X=-16476.8 Y=3355.73
Time=2536631 X=-16493.7 Y=3413.21
Time=2537642 X=-16493.7 Y=3413.21
Time=2538664 X=-16493.7 Y=3413.21
Time=2539678 X=-16493.7 Y=3413.21
Time=2540721 X=-16472.9 Y=3466.28
Time=2541743 X=-16436.4 Y=3559.46
Time=2542765 X=-16399.9 Y=3652.65
Time=2543789 X=-16363.3 Y=3746.01
Time=2544809 X=-16313.8 Y=3831.61
Time=2545826 X=-16152.9 Y=4001.54
Time=2546841 X=-15836.8 Y=4218.19
Time=2547868 X=-15638.8 Y=4289.99
Time=2548891 X=-15638.8 Y=4289.99
Time=2549908 X=-15638.8 Y=4289.99
Time=2550918 X=-15638.8 Y=4289.99
Time=2551970 X=-15638.8 Y=4289.99
Time=2553005 X=-15638.8 Y=4289.99
Time=2554045 X=-15638.8 Y=4289.99
Time=2555049 X=-15638.8 Y=4289.99
Time=2556091 X=-15638.8 Y=4289.99
Time=2557129 X=-15638.8 Y=4289.99
Time=2558137 X=-15638.8 Y=4289.99
Time=2559134 X=-15638.8 Y=4289.99
Time=2560166 X=-15638.8 Y=4289.99
Time=2561172 X=-15638.8 Y=4289.99
Time=2562198 X=-15638.8 Y=4289.99
Time=2563229 X=-15638.8 Y=4289.99
Time=2564238 X=-15638.8 Y=4289.99
Time=2565286 X=-15638.8 Y=4289.99
Time=2566311 X=-15638.8 Y=4289.99
Time=2567345 X=-15638.8 Y=4289.99
Time=2568362 X=-15638.8 Y=4289.99
Time=2569386 X=-15638.8 Y=4289.99
Time=2570397 X=-15638.8 Y=4289.99
Time=2571409 X=-15638.8 Y=4289.99
Time=2572409 X=-15638.8 Y=4289.99
Time=2573454 X=-15638.8 Y=4289.99
Time=2574461 X=-15638.8 Y=4289.99
Time=2575501 X=-15657.7 Y=4223.91
Time=2576521 X=-15727.9 Y=3939.29
Time=2577530 X=-15806.5 Y=3659.55
Time=2578586 X=-15872.5 Y=3446.77
Time=2579592 X=-16134.1 Y=3233.71
Time=2580601 X=-16269.3 Y=3104.31
Time=2581610 X=-16179.4 Y=3226.81
Time=2582649 X=-15941.6 Y=3545.87
Time=2583672 X=-15707.4 Y=3860.02
Time=2584706 X=-15470.6 Y=4177.55
Time=2585719 X=-15385.4 Y=4291.4
Time=2586775 X=-15538.2 Y=4334.95
Time=2587813 X=-15772.5 Y=4583.29
Time=2588844 X=-15841.6 Y=4972.01
Time=2589865 X=-15933.8 Y=5349.1
Time=2590904 X=-15965.1 Y=5736.05
Time=2591913 X=-15940.7 Y=5939.52
Time=2592953 X=-15940.7 Y=5939.52
Time=2593964 X=-15925.6 Y=6131.98
Time=2595023 X=-15914.8 Y=6285.9
Time=2596022 X=-15914.8 Y=6285.9
Time=2597028 X=-15914.8 Y=6285.9
Time=2598050 X=-15914.8 Y=6285.9
Time=2599098 X=-15914.8 Y=6285.9
Time=2600107 X=-15914.8 Y=6285.9
Time=2601109 X=-15914.8 Y=6285.9
Time=2602137 X=-15914.8 Y=6285.9
Time=2603145 X=-15933.1 Y=6077.73
Time=2604173 X=-15932.9 Y=5806.83
Time=2605196 X=-15964 Y=5513.86
Time=2606238 X=-15995.7 Y=5215.44
Time=2607264 X=-16031.2 Y=4881.53
Time=2608260 X=-16071.5 Y=4502.16
Time=2609267 X=-15757.3 Y=4432.97
Time=2610276 X=-15375.7 Y=4371.84
Time=2611315 X=-14982.7 Y=4308.89
Time=2612341 X=-14594.6 Y=4246.73
Time=2613339 X=-14217.3 Y=4185.71
Time=2614369 X=-13830.2 Y=4109.17
Time=2615377 X=-13489.3 Y=4041.75
Time=2616403 X=-13110.4 Y=3937.82
Time=2617420 X=-12739.1 Y=3822.66
Time=2618451 X=-12400.2 Y=3619.88
Time=2619480 X=-12343.4 Y=3586.61
Time=2620486 X=-12343.4 Y=3586.61
Time=2621496 X=-12343.4 Y=3586.61
Time=2622520 X=-12343.4 Y=3586.61
Time=2623552 X=-12343.4 Y=3586.61
Time=2624653 X=-12343.4 Y=3586.61
Time=2625647 X=-12343.4 Y=3586.61
Time=2626665 X=-12343.4 Y=3586.61
Time=2627692 X=-12343.4 Y=3586.61
Time=2628703 X=-12343.4 Y=3586.61
Time=2629748 X=-12343.4 Y=3586.61
Time=2630770 X=-12343.4 Y=3586.61
Time=2631811 X=-12333.2 Y=3636.86
Time=2632818 X=-12284.8 Y=3876.71
Time=2633829 X=-12284.8 Y=3876.71
Time=2634840 X=-12284.8 Y=3876.71
Time=2635868 X=-12284.8 Y=3876.71
Time=2636873 X=-12284.8 Y=3876.71
Time=2637907 X=-12284.8 Y=3876.71
Time=2638917 X=-12284.8 Y=3876.71
Time=2639948 X=-12284.8 Y=3876.71
Time=2640979 X=-12284.8 Y=3876.71
Time=2642003 X=-12284.8 Y=3876.71
Time=2643001 X=-12284.8 Y=3876.71
Time=2644034 X=-12284.8 Y=3876.71
Time=2645032 X=-12284.8 Y=3876.71
Time=2646058 X=-12578.9 Y=3919.78
Time=2647095 X=-12970.9 Y=3983.47
Time=2648102 X=-13351.7 Y=4045.31
Time=2649137 X=-13743 Y=4108.87
Time=2650153 X=-14127.1 Y=4171.27
Time=2651170 X=-14511.6 Y=4233.73
Time=2652181 X=-14867.6 Y=4291.55
Time=2653208 X=-15255.9 Y=4354.62
Time=2654248 X=-15649.1 Y=4418.49
Time=2655248 X=-16027.2 Y=4479.9
Time=2656272 X=-15879 Y=4453.8
Time=2657260 X=-15506.1 Y=4389.31
Time=2658288 X=-15118.1 Y=4322.21
Time=2659297 X=-14737.3 Y=4256.35
Time=2660308 X=-14358.9 Y=4190.91
Time=2661331 X=-13972.8 Y=4124.13
Time=2662341 X=-13591.6 Y=4058.21
Time=2663380 X=-13205 Y=3964.86
Time=2664395 X=-12831.2 Y=3858.06
Time=2665409 X=-12529 Y=3754.64
Time=2666403 X=-12484.1 Y=3716.92
Time=2667436 X=-12189.4 Y=3453.41
Time=2668444 X=-11974 Y=3220.47
Time=2669451 X=-11775.5 Y=2889.77
Time=2670466 X=-11610.1 Y=2538.88
Time=2671500 X=-11601.2 Y=2517.3
Time=2672521 X=-11601.2 Y=2517.3
Time=2673521 X=-11601.2 Y=2517.3
Time=2674568 X=-11601.2 Y=2517.3
Time=2675591 X=-11601.2 Y=2517.3
Time=2676609 X=-11601.2 Y=2517.3
Time=2677628 X=-11601.2 Y=2517.3
Time=2678663 X=-11601.2 Y=2517.3
Time=2679678 X=-11601.2 Y=2517.3
Time=2680707 X=-11601.2 Y=2517.3
Time=2681742 X=-11601.2 Y=2517.3
Time=2682746 X=-11615.9 Y=2552.8
Time=2683784 X=-11761.7 Y=2866.77
Time=2684806 X=-11963.1 Y=3202.45
Time=2685833 X=-12227.5 Y=3491.51
Time=2686853 X=-12549.8 Y=3709.07
Time=2687878 X=-12890.8 Y=3903.65
Time=2688896 X=-13236.9 Y=4083.15
Time=2689922 X=-13585.8 Y=4264.05
Time=2690947 X=-13934.4 Y=4444.78
Time=2691954 X=-14249.7 Y=4608.29
Time=2692979 X=-14598.2 Y=4789.02
Time=2693981 X=-14939 Y=4965.69
Time=2695001 X=-15285.8 Y=5145.53
Time=2696011 X=-15559 Y=5407.42
Time=2697028 X=-15643.1 Y=5787.77
Time=2698053 X=-15727.9 Y=6171.11
Time=2699063 X=-15811.5 Y=6548.84
Time=2700089 X=-15884.7 Y=6879.48
Time=2701099 X=-15960.7 Y=7258.7
Time=2702117 X=-16026.2 Y=7643.08
Time=2703130 X=-16091.5 Y=8025.58
Time=2704149 X=-16157.1 Y=8410.35
Time=2705157 X=-16222 Y=8790.96
Time=2706176 X=-16287.9 Y=9177.48
Time=2707179 X=-16316.5 Y=9557.94
Time=2708205 X=-16434.4 Y=9779.18
Time=2709216 X=-16519.3 Y=10045.9
Time=2710219 X=-16523.3 Y=10430.1
Time=2711265 X=-16527.5 Y=10830.7
Time=2712261 X=-16531.5 Y=11212.2
Time=2713226 X=-16565.7 Y=11571
Time=2714352 X=-16794.9 Y=11805.2
Time=2715347 X=-16913.8 Y=11986.3
Time=2716356 X=-16913.8 Y=11986.3
Time=2717372 X=-16913.8 Y=11986.3
Time=2718400 X=-16913.8 Y=11986.3
Time=2719424 X=-16913.8 Y=11986.3
Time=2720419 X=-16913.8 Y=11986.3
Time=2721474 X=-16913.8 Y=11986.3
Time=2722500 X=-16913.8 Y=11986.3
Time=2723527 X=-16913.8 Y=11986.3
Time=2724565 X=-16913.8 Y=11986.3
Time=2725584 X=-16913.8 Y=11986.3
Time=2726603 X=-16913.8 Y=11986.3
Time=2727608 X=-16913.8 Y=11986.3
Time=2728642 X=-16913.8 Y=11986.3
Time=2729676 X=-16913.8 Y=11986.3
Time=2730682 X=-16913.8 Y=11986.3
Time=2731709 X=-16913.8 Y=11986.3
Time=2732740 X=-16913.8 Y=11986.3
Time=2733736 X=-16913.8 Y=11986.3
Time=2734776 X=-16913.8 Y=11986.3
Time=2735746 X=-16913.8 Y=11986.3
Time=2736800 X=-16871.4 Y=12184.4
Time=2737837 X=-16761.8 Y=12564.5
Time=2738857 X=-16627.1 Y=12931.2
Time=2739858 X=-16495 Y=13291.2
Time=2740893 X=-16358.3 Y=13663.3
Time=2741899 X=-16238.8 Y=13989
Time=2742905 X=-16109.3 Y=14245.7
Time=2743935 X=-16006.7 Y=14395.1
Time=2744957 X=-15999.6 Y=14405.5
Time=2745986 X=-15999.6 Y=14405.5
Time=2746996 X=-15999.6 Y=14405.5
Time=2748036 X=-15999.6 Y=14405.5
Time=2749061 X=-15999.6 Y=14405.5
Time=2750096 X=-15999.6 Y=14405.5
Time=2751147 X=-15999.6 Y=14405.5
Time=2752132 X=-15999.6 Y=14405.5
Time=2753229 X=-15999.6 Y=14405.5
Time=2754234 X=-15999.6 Y=14405.5
Time=2755259 X=-15999.6 Y=14405.5
Time=2756290 X=-15999.6 Y=14405.5
Time=2757306 X=-15999.6 Y=14405.5
Time=2758338 X=-15999.6 Y=14405.5
Time=2759372 X=-15999.6 Y=14405.5
Time=2760370 X=-15999.6 Y=14405.5
Time=2761391 X=-15999.6 Y=14405.5
Time=2762394 X=-15999.6 Y=14405.5
Time=2763411 X=-15999.6 Y=14405.5
Time=2764418 X=-15999.6 Y=14405.5
Time=2765417 X=-15999.6 Y=14405.5
Time=2766446 X=-15999.6 Y=14405.5
Time=2767427 X=-15999.6 Y=14405.5
Time=2768487 X=-15999.6 Y=14405.5
Time=2769507 X=-15999.6 Y=14405.5
Time=2770541 X=-15999.6 Y=14405.5
Time=2771547 X=-15999.6 Y=14405.5
Time=2772538 X=-15999.6 Y=14405.5
Time=2773571 X=-15999.6 Y=14405.5
Time=2774624 X=-15999.6 Y=14405.5
Time=2775619 X=-15999.6 Y=14405.5
Time=2776627 X=-15999.6 Y=14405.5
Time=2777650 X=-15999.6 Y=14405.5
Time=2778669 X=-15999.6 Y=14405.5
Time=2779688 X=-15999.6 Y=14405.5
Time=2780696 X=-15999.6 Y=14405.5
Time=2781724 X=-15999.6 Y=14405.5
Time=2782733 X=-15999.6 Y=14405.5
Time=2783745 X=-15999.6 Y=14405.5
Time=2784752 X=-15999.6 Y=14405.5
Time=2785783 X=-15999.6 Y=14405.5
Time=2786802 X=-15999.6 Y=14405.5
Time=2787817 X=-15999.6 Y=14405.5
Time=2788833 X=-15999.6 Y=14405.5
Time=2789844 X=-15999.6 Y=14405.5
Time=2790868 X=-15999.6 Y=14405.5
Time=2791901 X=-15999.6 Y=14405.5
Time=2792882 X=-15999.6 Y=14405.5
Time=2793978 X=-15999.6 Y=14405.5
Time=2795002 X=-16271.2 Y=9755.92
Time=2795975 X=-16330.1 Y=10097.4
Time=2797017 X=-16393.9 Y=10444.5
Time=2798049 X=-16412.3 Y=10842.4
Time=2799054 X=-16430.2 Y=11229.8
Time=2800083 X=-16448.5 Y=11626.5
Time=2801114 X=-16466.9 Y=12024
Time=2802145 X=-16788.8 Y=11901.8
Time=2803180 X=-16886.5 Y=11852.6
Time=2804213 X=-16814.8 Y=12086
Time=2805222 X=-16761.1 Y=12399.8
Time=2806229 X=-16728.2 Y=12786.9
Time=2807243 X=-16724.9 Y=13178.2
Time=2808260 X=-16726.4 Y=13420.6
Time=2809261 X=-16727 Y=13518.6
Time=2810298 X=-16752 Y=13595.4
Time=2811329 X=-16794.5 Y=13595.2
Time=2812374 X=-16794.5 Y=13595.2
Time=2813390 X=-16794.5 Y=13595.2
Time=2814397 X=-16794.5 Y=13595.2
Time=2815401 X=-16794.5 Y=13595.2
Time=2816423 X=-16794.5 Y=13595.2
Time=2817453 X=-16794.5 Y=13595.2
Time=2818477 X=-16794.5 Y=13595.2
Time=2819505 X=-16794.5 Y=13595.2
Time=2820518 X=-16794.5 Y=13595.2
Time=2821532 X=-16794.5 Y=13595.2
Time=2822531 X=-16794.5 Y=13595.2
Time=2823546 X=-16794.5 Y=13595.2
Time=2824600 X=-16794.5 Y=13595.2
Time=2825621 X=-16794.5 Y=13595.2
Time=2826640 X=-16794.5 Y=13595.2
Time=2827649 X=-16716.8 Y=13570.6
Time=2828639 X=-16690 Y=13189.5
Time=2829658 X=-16671.4 Y=12881.4
Time=2830687 X=-16671.4 Y=12881.4
Time=2831713 X=-16671.4 Y=12881.4
Time=2832716 X=-16671.4 Y=12881.4
Time=2833757 X=-16671.4 Y=12881.4
Time=2834726 X=-16671.4 Y=12881.4
Time=2835787 X=-16671.4 Y=12881.4
Time=2836792 X=-16671.4 Y=12881.4
Time=2837800 X=-16648 Y=13011.1
Time=2838813 X=-16616.2 Y=13397.8
Time=2839851 X=-16588 Y=13740.8
Time=2840879 X=-16350.1 Y=14035.6
Time=2841906 X=-16057.2 Y=14298.2
Time=2842912 X=-15758.8 Y=14543.6
Time=2843923 X=-15446.2 Y=14777
Time=2844944 X=-15118.9 Y=14996.3
Time=2845978 X=-14829.5 Y=15267.7
Time=2847000 X=-14696.8 Y=15419
Time=2848022 X=-14699.8 Y=15479
Time=2849026 X=-14610.4 Y=15519.9
Time=2850053 X=-14527 Y=15558
Time=2851081 X=-14527 Y=15558
Time=2852093 X=-14527 Y=15558
Time=2853118 X=-14527 Y=15558
Time=2854144 X=-14527 Y=15558
Time=2855159 X=-14721.7 Y=15399.5
Time=2856197 X=-15001.1 Y=15119
Time=2857211 X=-15228.4 Y=14864.9
Time=2858224 X=-15228.4 Y=14864.9
Time=2859251 X=-15228.4 Y=14864.9
Time=2860291 X=-15228.4 Y=14864.9
Time=2861307 X=-15228.4 Y=14864.9
Time=2862334 X=-15228.4 Y=14864.9
Time=2863342 X=-15295.5 Y=14812.3
Time=2864356 X=-15615 Y=14623.9
Time=2865403 X=-15960.4 Y=14420.1
Time=2866429 X=-16298.9 Y=14220.5
Time=2867403 X=-16561.3 Y=14065.7
Time=2868431 X=-16631.1 Y=13772.4
Time=2869532 X=-16728.8 Y=13362.2
Time=2870524 X=-16737.6 Y=13325.5
Time=2871519 X=-16534.9 Y=13537.1
Time=2872550 X=-16313.2 Y=13768.6
Time=2873549 X=-16048.5 Y=14044.9
Time=2874574 X=-15776.9 Y=14328.4
Time=2875591 X=-15507.4 Y=14609.7
Time=2876601 X=-15239.8 Y=14889.1
Time=2877624 X=-14991 Y=15148.8
Time=2878620 X=-14763.4 Y=15386.3
Time=2879643 X=-14519.4 Y=15641
Time=2880665 X=-14153.5 Y=15656.5
Time=2881678 X=-13763.5 Y=15683.8
Time=2882680 X=-13383.4 Y=15749.8
Time=2883699 X=-13308.4 Y=15766.3
Time=2884709 X=-13308.4 Y=15766.3
Time=2885725 X=-13308.4 Y=15766.3
Time=2886769 X=-13308.4 Y=15766.3
Time=2887774 X=-13308.4 Y=15766.3
Time=2888811 X=-13308.4 Y=15766.3
Time=2889820 X=-13308.4 Y=15766.3
Time=2890827 X=-13308.4 Y=15766.3
Time=2891863 X=-13308.4 Y=15766.3
Time=2892866 X=-13308.4 Y=15766.3
Time=2893894 X=-13308.4 Y=15766.3
Time=2894922 X=-13308.4 Y=15766.3
Time=2895940 X=-13308.4 Y=15766.3
Time=2896954 X=-13075.6 Y=15743.7
Time=2897975 X=-12736.9 Y=15777.2
Time=2898982 X=-12358.4 Y=15851.8
Time=2899990 X=-11979.6 Y=15926.5
Time=2900998 X=-11600.8 Y=16001.1
Time=2902026 X=-11246.2 Y=16071
Time=2903031 X=-10887.2 Y=16141.8
Time=2904057 X=-10501.6 Y=16217.8
Time=2905071 X=-10120.5 Y=16292.9
Time=2906092 X=-9736.84 Y=16368.5
Time=2907124 X=-9394.95 Y=16549.4
Time=2908126 X=-9085.69 Y=16776.7
Time=2909129 X=-9016.25 Y=16827.8
Time=2910146 X=-9016.25 Y=16827.8
Time=2911149 X=-9016.25 Y=16827.8
Time=2912175 X=-9016.25 Y=16827.8
Time=2913189 X=-9016.25 Y=16827.8
Time=2914218 X=-9016.25 Y=16827.8
Time=2915220 X=-9016.25 Y=16827.8
Time=2916257 X=-9016.25 Y=16827.8
Time=2917277 X=-9016.25 Y=16827.8
Time=2918239 X=-9016.25 Y=16827.8
Time=2919285 X=-9016.25 Y=16827.8
Time=2920292 X=-9016.25 Y=16827.8
Time=2921314 X=-9076.38 Y=16771.9
Time=2922343 X=-9076.38 Y=16771.9
Time=2923364 X=-9325.79 Y=16540.2
Time=2924386 X=-9286.87 Y=16370.7
Time=2925398 X=-8912.2 Y=16271.3
Time=2926421 X=-8533.46 Y=16170.8
Time=2927442 X=-8153.13 Y=16079.8
Time=2928469 X=-7771.78 Y=15983.3
Time=2929497 X=-7392.51 Y=15877.5
Time=2930521 X=-7072.15 Y=15749.9
Time=2931527 X=-6959 Y=15784
Time=2932535 X=-6959 Y=15784
Time=2933565 X=-6959 Y=15784
Time=2934582 X=-6959 Y=15784
Time=2935620 X=-6959 Y=15784
Time=2936648 X=-6959 Y=15784
Time=2937678 X=-6959 Y=15784
Time=2938710 X=-7016.43 Y=15815.5
Time=2939729 X=-7305.95 Y=15974.2
Time=2940775 X=-7305.95 Y=15974.2
Time=2941769 X=-7305.95 Y=15974.2
Time=2942803 X=-7305.95 Y=15974.2
Time=2943826 X=-7305.95 Y=15974.2
Time=2944838 X=-7305.95 Y=15974.2
Time=2945848 X=-7305.95 Y=15974.2
Time=2946887 X=-7305.95 Y=15974.2
Time=2947908 X=-7305.95 Y=15974.2
Time=2948928 X=-7305.95 Y=15974.2
Time=2949972 X=-7128.43 Y=15981.2
Time=2950974 X=-6982 Y=15925
Time=2951982 X=-6982 Y=15925
Time=2952937 X=-6943.54 Y=15881.7
Time=2954038 X=-6789.01 Y=15707.9
Time=2955101 X=-7086.09 Y=15875.7
Time=2956104 X=-7086.09 Y=15875.7
Time=2957103 X=-6745.44 Y=15739.3
Time=2958126 X=-6398.09 Y=15600.2
Time=2959145 X=-6090.48 Y=15477
Time=2960162 X=-5728.85 Y=15332.1
Time=2961148 X=-5378.24 Y=15191.7
Time=2962230 X=-4993.5 Y=15037.7
Time=2963232 X=-4637.92 Y=14893.2
Time=2964237 X=-4281.42 Y=14747.9
Time=2965267 X=-3916.05 Y=14599.1
Time=2966289 X=-3553.52 Y=14451.4
Time=2967295 X=-3245.07 Y=14325.7
Time=2968259 X=-2993.62 Y=14223.3
Time=2969345 X=-2818.79 Y=14446.3
Time=2970359 X=-2624.92 Y=14783.2
Time=2971368 X=-2427.35 Y=15115.4
Time=2972405 X=-2223.13 Y=15456.1
Time=2973416 X=-2024.03 Y=15788.2
Time=2974418 X=-1825.99 Y=16118.6
Time=2975435 X=-1624.2 Y=16455.2
Time=2976443 X=-1451.72 Y=16803.4
Time=2977441 X=-1432.13 Y=17177.4
Time=2978475 X=-1457.67 Y=17572.6
Time=2979490 X=-1458.17 Y=17580.2
Time=2980500 X=-1458.17 Y=17580.2
Time=2981507 X=-1458.17 Y=17580.2
Time=2982553 X=-1458.17 Y=17580.2
Time=2983569 X=-1458.17 Y=17580.2
Time=2984480 X=-1458.17 Y=17580.2
Time=2985607 X=-1458.17 Y=17580.2
Time=2986607 X=-1458.17 Y=17580.2
Time=2987596 X=-1458.17 Y=17580.2
Time=2988704 X=-1458.17 Y=17580.2
Time=2989696 X=-1458.17 Y=17580.2
Time=2990690 X=-1439.73 Y=17454.3
Time=2991705 X=-1404.04 Y=17155.2
Time=2992712 X=-1187.63 Y=17474.5
Time=2993753 X=-963.908 Y=17804.6
Time=2994775 X=-730.48 Y=18118.9
Time=2995793 X=-486.889 Y=18423.4
Time=2996824 X=-230.655 Y=18647.8
Time=2997841 X=-112.557 Y=18721.7
Time=2998875 X=-138.812 Y=18798.2
Time=2999860 X=122 Y=18866
Time=3000911 X=122 Y=18866
Time=3001946 X=122 Y=18866
Time=3002974 X=33.9854 Y=18796.8
Time=3004013 X=-99.3961 Y=18711
Time=3005049 X=-352.615 Y=18548.2
Time=3006055 X=-352.615 Y=18548.2
Time=3007091 X=-352.615 Y=18548.2
Time=3008128 X=-352.615 Y=18548.2
Time=3009160 X=-352.615 Y=18548.2
Time=3010184 X=-352.615 Y=18548.2
Time=3011194 X=-401.514 Y=18510.5
Time=3012216 X=-609.667 Y=18272
Time=3013250 X=-859.011 Y=17964.2
Time=3014250 X=-1100.16 Y=17666.6
Time=3015288 X=-1076.77 Y=17664.9
Time=3016260 X=-854.429 Y=17964
Time=3017293 X=-607.249 Y=18272.9
Time=3018303 X=-393.566 Y=18527.9
Time=3019328 X=-347.305 Y=18547.1
Time=3020348 X=-65.8228 Y=18689
Time=3021357 X=241.396 Y=18851.5
Time=3022363 X=523.541 Y=18974.7
Time=3023373 X=904.833 Y=19040.2
Time=3024398 X=1291.79 Y=19106.6
Time=3025402 X=1666.65 Y=19069.5
Time=3026428 X=1974.5 Y=18926.8
Time=3027420 X=2319.25 Y=18767
Time=3028482 X=2688.33 Y=18596
Time=3029488 X=3037.95 Y=18433.9
Time=3030545 X=3424.78 Y=18553.5
Time=3031557 X=3535.3 Y=18587.6
Time=3032573 X=3535.3 Y=18587.6
Time=3033614 X=3535.3 Y=18587.6
Time=3034639 X=3535.3 Y=18587.6
Time=3035654 X=3535.3 Y=18587.6
Time=3036655 X=3535.3 Y=18587.6
Time=3037665 X=3535.3 Y=18587.6
Time=3038692 X=3535.3 Y=18587.6
Time=3039697 X=3535.3 Y=18587.6
Time=3040731 X=3535.3 Y=18587.6
Time=3041764 X=3535.3 Y=18587.6
Time=3042746 X=3535.3 Y=18587.6
Time=3043778 X=3535.3 Y=18587.6
Time=3044818 X=3442.63 Y=18623
Time=3045824 X=3506.42 Y=18410.7
Time=3046832 X=3737.43 Y=18101.5
Time=3047833 X=3971.1 Y=17797.5
Time=3048890 X=4196.66 Y=17521.8
Time=3049892 X=4474.09 Y=17274.3
Time=3050930 X=4780.99 Y=17021.7
Time=3051953 X=5094.86 Y=16787.8
Time=3052977 X=5310 Y=16668
Time=3053995 X=5310 Y=16668
Time=3055049 X=5310 Y=16668
Time=3056064 X=5310 Y=16668
Time=3057089 X=5310 Y=16668
Time=3058144 X=5310 Y=16668
Time=3059175 X=5310 Y=16668
Time=3060185 X=5310 Y=16668
Time=3061220 X=5310 Y=16668
Time=3062224 X=5310 Y=16668
Time=3063260 X=5310 Y=16668
Time=3064314 X=5310 Y=16668
Time=3065335 X=5310 Y=16668
Time=3066380 X=5310 Y=16668
Time=3067410 X=5310 Y=16668
Time=3068416 X=5310 Y=16668
Time=3069461 X=5310 Y=16668
Time=3070486 X=5310 Y=16668
Time=3071503 X=5310 Y=16668
Time=3072509 X=5310 Y=16668
Time=3073578 X=5310 Y=16668
Time=3074646 X=5310 Y=16668
Time=3075696 X=5310 Y=16668
Time=3076754 X=5310 Y=16668
Time=3077752 X=5290.62 Y=16670.5
Time=3078769 X=5019.87 Y=16913.3
Time=3079764 X=5002 Y=16942
Time=3080789 X=5002 Y=16942
Time=3081787 X=5002 Y=16942
Time=3082822 X=5002 Y=16942
Time=3083826 X=5002 Y=16942
Time=3084850 X=4824.84 Y=16893.7
Time=3085858 X=5038.07 Y=16696.7
Time=3086861 X=5278.87 Y=16474.2
Time=3087883 X=5566.4 Y=16208.6
Time=3088926 X=5784.9 Y=16019.9
Time=3089955 X=5545.59 Y=16334.3
Time=3090956 X=5311.6 Y=16641.7
Time=3091961 X=5259.51 Y=16708.4
Time=3092973 X=5259.51 Y=16708.4
Time=3093993 X=5296.51 Y=16666
Time=3095017 X=5525.85 Y=16396.7
Time=3096067 X=5724.9 Y=16169.1
Time=3097062 X=5916.7 Y=15949.7
Time=3098065 X=6169.6 Y=15660.5
Time=3099097 X=6429.8 Y=15362.9
Time=3100109 X=6684.96 Y=15071.1
Time=3101125 X=6761.61 Y=14983.4
Time=3102148 X=6761.61 Y=14983.4
Time=3103174 X=6761.61 Y=14983.4
Time=3104190 X=6761.61 Y=14983.4
Time=3105225 X=6761.61 Y=14983.4
Time=3106254 X=6761.61 Y=14983.4
Time=3107265 X=6761.61 Y=14983.4
Time=3108298 X=6761.61 Y=14983.4
Time=3109334 X=6761.61 Y=14983.4
Time=3110332 X=6761.61 Y=14983.4
Time=3111378 X=6761.61 Y=14983.4
Time=3112404 X=6761.61 Y=14983.4
Time=3113426 X=6761.61 Y=14983.4
Time=3114432 X=6761.61 Y=14983.4
Time=3115509 X=6761.61 Y=14983.4
Time=3116503 X=6761.61 Y=14983.4
Time=3117540 X=6722.47 Y=15029.1
Time=3118529 X=6475.93 Y=15316.7
Time=3119548 X=6221.92 Y=15613.1
Time=3120574 X=5966.16 Y=15911.5
Time=3121581 X=5715.14 Y=16204.3
Time=3122578 X=5466.61 Y=16494.3
Time=3123589 X=5343.82 Y=16637.5
Time=3124605 X=5181.91 Y=16684.3
Time=3125624 X=4855.02 Y=16778.7
Time=3126630 X=4515.11 Y=16876.8
Time=3127671 X=4429.51 Y=16901.5
Time=3128650 X=4303.14 Y=17153.9
Time=3129679 X=4126.83 Y=17506.4
Time=3130706 X=3950.87 Y=17858.3
Time=3131723 X=3809.7 Y=18140.5
Time=3132710 X=3682.55 Y=18394.8
Time=3133781 X=3577.3 Y=18605.2
Time=3134810 X=3577.3 Y=18605.2
Time=3135813 X=3628.24 Y=18534
Time=3136831 X=3882.62 Y=18238.5
Time=3137849 X=4137 Y=17942.9
Time=3138870 X=4392.13 Y=17646.5
Time=3139893 X=4647.76 Y=17349.6
Time=3140901 X=4899.65 Y=17056.9
Time=3141921 X=5154.53 Y=16760.8
Time=3142953 X=5412.41 Y=16461.2
Time=3143963 X=5649.23 Y=16186.1
Time=3144977 X=5898.46 Y=15896.5
Time=3145982 X=6149.6 Y=15604.8
Time=3147009 X=6406.23 Y=15306.6
Time=3148050 X=6666.36 Y=15004.4
Time=3149085 X=6924.99 Y=14704
Time=3150070 X=7153.4 Y=14405.6
Time=3151074 X=7374.91 Y=14095.2
Time=3152165 X=7674.92 Y=13816.8
Time=3153201 X=7909.35 Y=13626.8
Time=3154209 X=8039 Y=13586
Time=3155211 X=8039 Y=13586
Time=3156227 X=8039 Y=13586
Time=3157276 X=8039 Y=13586
Time=3158272 X=8039 Y=13586
Time=3159280 X=8039 Y=13586
Time=3160303 X=8039 Y=13586
Time=3161314 X=8039 Y=13586
Time=3162316 X=8039 Y=13586
Time=3163351 X=8039 Y=13586
Time=3164361 X=8039 Y=13586
Time=3165379 X=8039.83 Y=13571.5
Time=3166401 X=7884.13 Y=13641.9
Time=3167428 X=7724.93 Y=13798.9
Time=3168451 X=7724.93 Y=13798.9
Time=3169468 X=7744.79 Y=13716.6
Time=3170489 X=7886 Y=13351.9
Time=3171526 X=8029.42 Y=12981.5
Time=3172544 X=7986.06 Y=12610.2
Time=3173573 X=7834.91 Y=12246.3
Time=3174581 X=7683.01 Y=11899.4
Time=3175598 X=7545.18 Y=11610.2
Time=3176638 X=7315.6 Y=11285.3
Time=3177667 X=7079.05 Y=10970.1
Time=3178672 X=6883.51 Y=10690.9
Time=3179687 X=6858 Y=10572
Time=3180686 X=7045.96 Y=10711.5
Time=3181717 X=7252.75 Y=10922.9
Time=3182737 X=7296.65 Y=10974
Time=3183754 X=7296.65 Y=10974
Time=3184772 X=7296.65 Y=10974
Time=3185791 X=7296.65 Y=10974
Time=3186799 X=7296.65 Y=10974
Time=3187812 X=7296.65 Y=10974
Time=3188838 X=7407.37 Y=11238.2
Time=3189864 X=7559.25 Y=11600.7
Time=3190883 X=7710.09 Y=11960.7
Time=3191891 X=7859.3 Y=12316.8
Time=3192909 X=8009.99 Y=12676.5
Time=3193880 X=8029.68 Y=12760.6
Time=3195009 X=7848.75 Y=12458.8
Time=3196026 X=7664.51 Y=12151.4
Time=3197059 X=7461.1 Y=11812
Time=3198068 X=7424.08 Y=11750.2
Time=3199088 X=7387.88 Y=11447.1
Time=3200150 X=7346.5 Y=11100.6
Time=3201126 X=7346.5 Y=11100.6
Time=3202233 X=7346.5 Y=11100.6
Time=3203274 X=7346.5 Y=11100.6
Time=3204281 X=7327.2 Y=11048.3
Time=3205313 X=7327.2 Y=11048.3
Time=3206312 X=7327.2 Y=11048.3
Time=3207348 X=7327.2 Y=11048.3
Time=3208353 X=7121.17 Y=11014.7
Time=3209397 X=6964.66 Y=10989.2
Time=3210413 X=6964.66 Y=10989.2
Time=3211431 X=6964.66 Y=10989.2
Time=3212383 X=6964.66 Y=10989.2
Time=3213432 X=6964.66 Y=10989.2
Time=3214762 X=6964.66 Y=10989.2
Time=3215643 X=6964.66 Y=10989.2
Time=3216769 X=6976.73 Y=11004.5
Time=3217783 X=7216.71 Y=11309.9
Time=3218825 X=7460.95 Y=11620.8
Time=3219851 X=7460.95 Y=11620.8
Time=3220855 X=7460.95 Y=11620.8
Time=3221858 X=7505.32 Y=11769.8
Time=3222910 X=7571.44 Y=11991.9
Time=3223921 X=7571.44 Y=11991.9
Time=3224913 X=7571.44 Y=11991.9
Time=3225954 X=7551.57 Y=11953.6
Time=3226971 X=7466.29 Y=11673.4
Time=3228007 X=7379.42 Y=11388
Time=3229011 X=7295.23 Y=11111.3
Time=3230028 X=7209.95 Y=10831.1
Time=3231071 X=7125.11 Y=10552.3
Time=3232110 X=7182.55 Y=10708
Time=3233121 X=7283.37 Y=10981.1
Time=3234158 X=7415.01 Y=11337.8
Time=3235102 X=7540.21 Y=11677
Time=3236250 X=7692.47 Y=12089.6
Time=3237244 X=7824.3 Y=12446.8
Time=3238275 X=7852.9 Y=12830.7
Time=3239261 X=7742.76 Y=13191.9
Time=3240333 X=7623.01 Y=13584.7
Time=3241339 X=7524.58 Y=13907.5
Time=3242390 X=7536.31 Y=13869.1
Time=3243425 X=7651.93 Y=13489.8
Time=3244439 X=7765.19 Y=13118.3
Time=3245446 X=7874.33 Y=12751.7
Time=3246488 X=7930.77 Y=12356.6
Time=3247472 X=7974.55 Y=12050.2
Time=3248574 X=8034.24 Y=11632.3
Time=3249603 X=8156.96 Y=11270.3
Time=3250607 X=8355.97 Y=10941.2
Time=3251642 X=8561.13 Y=10602
Time=3252629 X=8756.77 Y=10278.5
Time=3253686 X=8966.29 Y=9932.02
Time=3254712 X=9169.66 Y=9595.73
Time=3255702 X=9349.19 Y=9298.86
Time=3256699 X=9437.98 Y=9118.83
Time=3257573 X=9551.12 Y=8803.75
Time=3258770 X=9706.08 Y=8372.23
Time=3259784 X=9837.35 Y=8006.68
Time=3260765 X=9964.34 Y=7653.03
Time=3261788 X=10096.8 Y=7284.24
Time=3262820 X=10230.4 Y=6912.2
Time=3263851 X=10363.8 Y=6540.53
Time=3264846 X=10469.7 Y=6245.6
Time=3265859 X=10568.3 Y=5971.03
Time=3266861 X=10665.9 Y=5699.43
Time=3267864 X=10763.5 Y=5427.56
Time=3268889 X=10852.6 Y=5179.55
Time=3269896 X=10846.8 Y=5196.21
Time=3270930 X=10916.9 Y=5578.68
Time=3271949 X=10987.3 Y=5962.6
Time=3272953 X=11056.6 Y=6340.87
Time=3273978 X=11127.4 Y=6727.06
Time=3274967 X=11195.6 Y=7099.68
Time=3275995 X=11266.6 Y=7486.99
Time=3277020 X=11336.8 Y=7869.69
Time=3278050 X=11281.9 Y=7558.17
Time=3279053 X=11244 Y=7230.62
Time=3280082 X=11198.8 Y=6839.08
Time=3281104 X=11153.8 Y=6450.2
Time=3282128 X=11108.8 Y=6060.56
Time=3283158 X=11063.5 Y=5668.64
Time=3284175 X=11018.8 Y=5281.67
Time=3285180 X=10974.6 Y=4899.25
Time=3286206 X=11015.3 Y=4737.94
Time=3287216 X=11202.7 Y=5035.84
Time=3288240 X=11424.4 Y=5359.39
Time=3289237 X=11640.5 Y=5674.24
Time=3290251 X=11860.3 Y=5994.45
Time=3291279 X=12083.2 Y=6319.09
Time=3292311 X=12284 Y=6611.69
Time=3293337 X=12492 Y=6914.7
Time=3294353 X=12759.2 Y=7192.09
Time=3295369 X=13090.8 Y=7388.38
Time=3296408 X=13476.1 Y=7487.75
Time=3297412 X=13855.9 Y=7527.54
Time=3298423 X=14237.7 Y=7476.3
Time=3299414 X=14608.3 Y=7394.21
Time=3300426 X=14986.2 Y=7417.95
Time=3301440 X=15250.1 Y=7426.72
Time=3302461 X=15250.1 Y=7426.72
Time=3303469 X=15271.5 Y=7417.36
Time=3304473 X=15623.9 Y=7263.24
Time=3305441 X=15952 Y=7278.04
Time=3306537 X=16209.1 Y=7602.97
Time=3307526 X=16349.8 Y=7953.39
Time=3308532 X=16408.9 Y=8329.58
Time=3309566 X=16350.6 Y=8702.1
Time=3310564 X=16299.7 Y=9027.01
Time=3311571 X=16239 Y=9407.87
Time=3312546 X=16146.3 Y=9769.66
Time=3313543 X=16051.5 Y=10139.6
Time=3314606 X=15950.5 Y=10534
Time=3315612 X=15929 Y=10618
Time=3316627 X=16094.4 Y=11210.9
Time=3317658 X=16332.2 Y=11526.1
Time=3318663 X=16350.7 Y=11550.6
Time=3319685 X=16350.7 Y=11550.6
Time=3320722 X=16187 Y=11312.1
Time=3321755 X=15982 Y=11062
Time=3322768 X=15901.3 Y=10725.2
Time=3323812 X=16079.9 Y=10393.4
Time=3324816 X=16306 Y=10082.5
Time=3325810 X=16518.9 Y=9784.27
Time=3326832 X=16518.9 Y=9784.27
Time=3327836 X=16518.9 Y=9784.27
Time=3328851 X=16518.9 Y=9784.27
Time=3329888 X=16518.9 Y=9784.27
Time=3330860 X=16518.9 Y=9784.27
Time=3331947 X=16518.9 Y=9784.27
Time=3332928 X=16686.3 Y=9553.13
Time=3333933 X=16859.3 Y=9206.01
Time=3334944 X=17022 Y=8851.91
Time=3335960 X=17088.3 Y=8597.22
Time=3336963 X=17088.3 Y=8597.22
Time=3337939 X=17088.3 Y=8597.22
Time=3339046 X=17088.3 Y=8597.22
Time=3340054 X=17088.3 Y=8597.22
Time=3341071 X=17088.3 Y=8597.22
Time=3342069 X=17088.3 Y=8597.22
Time=3343083 X=17088.3 Y=8597.22
Time=3344099 X=17088.3 Y=8597.22
Time=3345116 X=17088.3 Y=8597.22
Time=3346118 X=17088.3 Y=8597.22
Time=3347133 X=17088.3 Y=8597.22
Time=3348133 X=17088.3 Y=8597.22
Time=3349157 X=17088.3 Y=8597.22
Time=3350185 X=17088.3 Y=8597.22
Time=3351215 X=17088.3 Y=8597.22
Time=3352253 X=17088.3 Y=8597.22
Time=3353260 X=17088.3 Y=8597.22
Time=3354300 X=17114.8 Y=8457.99
Time=3355325 X=17187.9 Y=8072.24
Time=3356334 X=17192.8 Y=8046.48
Time=3357360 X=17381.5 Y=8040.65
Time=3358368 X=17381.5 Y=8040.65
Time=3359378 X=17381.5 Y=8040.65
Time=3360379 X=17381.5 Y=8040.65
Time=3361419 X=17381.5 Y=8040.65
Time=3362420 X=17422.4 Y=7934.99
Time=3363452 X=17774.4 Y=7911.36
Time=3364441 X=18099.5 Y=7967.88
Time=3365441 X=18464 Y=8020.29
Time=3366460 X=18795.9 Y=8142.14
Time=3367467 X=19059.5 Y=8366.69
Time=3368493 X=18805.3 Y=8614.31
Time=3369551 X=18441.6 Y=8788.37
Time=3370570 X=18071.1 Y=8910.91
Time=3371623 X=18071.1 Y=8910.91
Time=3372602 X=18071.1 Y=8910.91
Time=3373653 X=18071.1 Y=8910.91
Time=3374767 X=18306 Y=8712.54
Time=3375760 X=18601.2 Y=8472.68
Time=3376776 X=18699.3 Y=8392.97
Time=3377815 X=18699.3 Y=8392.97
Time=3378816 X=18699.3 Y=8392.97
Time=3379825 X=18699.3 Y=8392.97
Time=3380827 X=18699.3 Y=8392.97
Time=3381862 X=18699.3 Y=8392.97
Time=3382862 X=18699.3 Y=8392.97
Time=3383893 X=18699.3 Y=8392.97
Time=3384889 X=18699.3 Y=8392.97
Time=3385917 X=18699.3 Y=8392.97
Time=3386919 X=18699.3 Y=8392.97
Time=3387933 X=18699.3 Y=8392.97
Time=3388933 X=18699.3 Y=8392.97
Time=3389945 X=18457.5 Y=8230.83
Time=3390978 X=18182.9 Y=8041.21
Time=3392018 X=17855.1 Y=7814.86
Time=3393025 X=17758 Y=7747.84
Time=3394032 X=17758 Y=7747.84
Time=3395062 X=17758 Y=7747.84
Time=3396037 X=17685.3 Y=7809.82
Time=3397095 X=17332.1 Y=7981.25
Time=3398097 X=16971.3 Y=8112.29
Time=3399117 X=16737.8 Y=8059.14
Time=3400110 X=16479.8 Y=7798.55
Time=3401163 X=16196.1 Y=7511.9
Time=3402189 X=15911.7 Y=7240.48
Time=3403167 X=15556.6 Y=7232.38
Time=3404227 X=15153.4 Y=7280.1
Time=3405214 X=14778 Y=7324.54
Time=3406228 X=14392.3 Y=7370.19
Time=3407249 X=14002.3 Y=7392
Time=3408266 X=13657.2 Y=7363.69
Time=3409290 X=13293 Y=7218.02
Time=3410314 X=12947.9 Y=7031.95
Time=3411331 X=12651.4 Y=6789.98
Time=3412350 X=12405.8 Y=6486.65
Time=3413399 X=12152.9 Y=6174.38
Time=3414436 X=11903 Y=5865.69
Time=3415466 X=11654.7 Y=5559.08
Time=3416485 X=11457.9 Y=5316.08
Time=3417509 X=11213.5 Y=5014.29
Time=3418531 X=11022.1 Y=4685.33
Time=3419569 X=10960.8 Y=4292.49
Time=3420573 X=10901.4 Y=3912.52
Time=3421584 X=10841.7 Y=3529.91
Time=3422606 X=10781.3 Y=3143.13
Time=3423664 X=10795.9 Y=2916.51
Time=3424697 X=11164.9 Y=3005.15
Time=3425727 X=11488.9 Y=3083
Time=3426746 X=11867.4 Y=3177.96
Time=3427702 X=12195 Y=3324.87
Time=3428828 X=12481.2 Y=3647.53
Time=3429829 X=12735.6 Y=3934.37
Time=3430858 X=12997.2 Y=4229.24
Time=3431880 X=13257.8 Y=4521.75
Time=3432916 X=13596.9 Y=4716.02
Time=3433921 X=13902.5 Y=4846.54
Time=3434937 X=13824.2 Y=4678.77
Time=3435929 X=13705.6 Y=4418.83
Time=3436926 X=13586.5 Y=4157.58
Time=3437943 X=13424.9 Y=3803.14
Time=3438982 X=13259.7 Y=3441.04
Time=3440010 X=13096.3 Y=3082.77
Time=3441024 X=12935.2 Y=2729.38
Time=3442037 X=12774.2 Y=2376.34
Time=3443062 X=12611.3 Y=2019.11
Time=3444082 X=12449.2 Y=1663.63
Time=3445090 X=12304 Y=1923.17
Time=3446129 X=12207.2 Y=1601.7
Time=3447162 X=12093.1 Y=1222.83
Time=3448197 X=11978.8 Y=843.216
Time=3449206 X=11867.3 Y=473.143
Time=3450230 X=11763.6 Y=128.743
Time=3451267 X=11850.4 Y=-193.537
Time=3452302 X=11934.7 Y=-580.92
Time=3453311 X=12016.8 Y=-958.572
Time=3454326 X=12088.8 Y=-1289.53
Time=3455355 X=12172.6 Y=-1674.67
Time=3456407 X=12258.3 Y=-2068.41
Time=3457429 X=12341.5 Y=-2450.93
Time=3458468 X=12426.2 Y=-2839.81
Time=3459544 X=12513.8 Y=-3242.54
Time=3460594 X=12213.1 Y=-3326.36
Time=3461583 X=11853.3 Y=-3444.88
Time=3462594 X=11517.6 Y=-3555.47
Time=3463617 X=11181.6 Y=-3666.14
Time=3464645 X=10807.6 Y=-3789.33
Time=3465690 X=10464.2 Y=-3993.09
Time=3466699 X=10136.4 Y=-4197.86
Time=3467711 X=9801.65 Y=-4393.12
Time=3468768 X=9455.35 Y=-4601.28
Time=3469778 X=9291 Y=-4728
Time=3470774 X=9291 Y=-4728
Time=3471775 X=9291 Y=-4728
Time=3472821 X=9291 Y=-4728
Time=3473842 X=9291 Y=-4728
Time=3474906 X=9291 Y=-4728
Time=3475906 X=9291 Y=-4728
Time=3476909 X=9291 Y=-4728
Time=3477952 X=9291 Y=-4728
Time=3478961 X=9291 Y=-4728
Time=3479989 X=9291 Y=-4728
Time=3481000 X=9291 Y=-4728
Time=3482040 X=9291 Y=-4728
Time=3483049 X=9291 Y=-4728
Time=3484107 X=9291 Y=-4728
Time=3485151 X=9291 Y=-4728
Time=3486169 X=9291 Y=-4728
Time=3487208 X=9291 Y=-4728
Time=3488221 X=9291 Y=-4728
Time=3489210 X=9291 Y=-4728
Time=3490214 X=9240.94 Y=-4712.27
Time=3491325 X=8925.82 Y=-4579.5
Time=3492327 X=9276.56 Y=-4423.65
Time=3493354 X=9273.64 Y=-4290.6
Time=3494383 X=8895 Y=-4181.12
Time=3495439 X=8506.8 Y=-4067.47
Time=3496457 X=8132.69 Y=-3957.51
Time=3497504 X=7755.22 Y=-3822.52
Time=3498520 X=7500.5 Y=-3720.2
Time=3499544 X=7473.13 Y=-3709.21
Time=3500596 X=7295.13 Y=-3637.7
Time=3501613 X=7086.48 Y=-3553.89
Time=3502632 X=7086.48 Y=-3553.89
Time=3503670 X=7086.48 Y=-3553.89
Time=3504725 X=7086.48 Y=-3553.89
Time=3505747 X=7086.48 Y=-3553.89
Time=3506804 X=7086.48 Y=-3553.89
Time=3507828 X=7086.48 Y=-3553.89
Time=3508859 X=7086.48 Y=-3553.89
Time=3509892 X=7086.48 Y=-3553.89
Time=3510905 X=7086.48 Y=-3553.89
Time=3511956 X=7086.48 Y=-3553.89
Time=3512980 X=7086.48 Y=-3553.89
Time=3514009 X=7086.48 Y=-3553.89
Time=3515052 X=7086.48 Y=-3553.89
Time=3516071 X=7086.48 Y=-3553.89
Time=3517145 X=7086.48 Y=-3553.89
Time=3518166 X=7086.48 Y=-3553.89
Time=3519181 X=7086.48 Y=-3553.89
Time=3520179 X=7267.26 Y=-3667.86
Time=3521215 X=7485.93 Y=-3856.35
Time=3522250 X=7610.86 Y=-4132.42
Time=3523250 X=7768.77 Y=-4481.4
Time=3524272 X=7930.16 Y=-4838.05
Time=3525305 X=7932.53 Y=-4843.28
Time=3526323 X=7932.53 Y=-4843.28
Time=3527347 X=7932.53 Y=-4843.28
Time=3528374 X=7966.76 Y=-4847.22
Time=3529421 X=7989.05 Y=-4849.03
Time=3530480 X=7989.05 Y=-4849.03
Time=3531463 X=7841.57 Y=-4895.9
Time=3532518 X=7456.44 Y=-5018.29
Time=3533525 X=7353.86 Y=-5050.88
Time=3534567 X=7353.86 Y=-5050.88
Time=3535607 X=7353.86 Y=-5050.88
Time=3536632 X=7353.86 Y=-5050.88
Time=3537662 X=7353.86 Y=-5050.88
Time=3538689 X=7353.86 Y=-5050.88
Time=3539722 X=7353.86 Y=-5050.88
Time=3540749 X=7567.52 Y=-4959.4
Time=3541736 X=7897.15 Y=-4818.26
Time=3542771 X=8261.59 Y=-4662.22
Time=3543827 X=8608.76 Y=-4513.57
Time=3544836 X=8608.76 Y=-4513.57
Time=3545836 X=8608.76 Y=-4513.57
Time=3546869 X=8608.76 Y=-4513.57
Time=3547855 X=8608.76 Y=-4513.57
Time=3548943 X=8608.76 Y=-4513.57
Time=3550018 X=8586.31 Y=-4508.63
Time=3551025 X=8211.35 Y=-4421.6
Time=3552055 X=7823.68 Y=-4338.14
Time=3553079 X=7437.35 Y=-4254.96
Time=3554091 X=7220.29 Y=-4226.57
Time=3555158 X=7316.89 Y=-4626.85
Time=3556121 X=7404.07 Y=-4988.12
Time=3557188 X=7500.07 Y=-5385.93
Time=3558210 X=7581.34 Y=-5722.68
Time=3559200 X=7725 Y=-6053.95
Time=3560254 X=7942.14 Y=-6394.09
Time=3561280 X=8179.67 Y=-6705.91
Time=3562280 X=8349.29 Y=-7032.12
Time=3563288 X=8416.82 Y=-7184.09
Time=3564299 X=8416.82 Y=-7184.09
Time=3565316 X=8416.82 Y=-7184.09
Time=3566325 X=8416.82 Y=-7184.09
Time=3567364 X=8416.82 Y=-7184.09
Time=3568391 X=8416.82 Y=-7184.09
Time=3569407 X=8416.82 Y=-7184.09
Time=3570451 X=8416.82 Y=-7184.09
Time=3571495 X=8416.82 Y=-7184.09
Time=3572530 X=8416.82 Y=-7184.09
Time=3573560 X=8416.82 Y=-7184.09
Time=3574594 X=8416.82 Y=-7184.09
Time=3575617 X=8409.19 Y=-7199.11
Time=3576658 X=8228.7 Y=-7554.67
Time=3577683 X=8076.02 Y=-7838.09
Time=3578681 X=7776.85 Y=-8011.56
Time=3579694 X=7460.4 Y=-8236.1
Time=3580697 X=7147.07 Y=-8458.41
Time=3581763 X=6814.05 Y=-8694.69
Time=3582771 X=6499.16 Y=-8918.11
Time=3583795 X=6241.97 Y=-9100.59
Time=3584784 X=6018.65 Y=-8926.41
Time=3585800 X=5749.34 Y=-8645.47
Time=3586807 X=5482.42 Y=-8367.02
Time=3587823 X=5187.54 Y=-8114.66
Time=3588827 X=4851.87 Y=-7963.84
Time=3589814 X=4473.98 Y=-7952.61
Time=3590885 X=4063.92 Y=-7940.42
Time=3591883 X=3699.11 Y=-7929.58
Time=3592893 X=3358.48 Y=-7919.46
Time=3593894 X=2975.23 Y=-7908.07
Time=3594919 X=2582.78 Y=-7896.41
Time=3595951 X=2328.03 Y=-7974.28
Time=3596962 X=2032.58 Y=-8224.64
Time=3597978 X=1735.68 Y=-8476.23
Time=3599032 X=1412.81 Y=-8717.59
Time=3600030 X=1095.64 Y=-8930.98
Time=3601074 X=817.704 Y=-9117.97
Time=3602101 X=579.329 Y=-9292.74
Time=3603419 X=216.084 Y=-9632.25
Time=3604454 X=-72.0047 Y=-9904.6
Time=3605496 X=-168.034 Y=-9995.38
Time=3606481 X=-168.034 Y=-9995.38
Time=3607507 X=-168.034 Y=-9995.38
Time=3608524 X=-168.034 Y=-9995.38
Time=3609572 X=-168.034 Y=-9995.38
Time=3610605 X=-168.034 Y=-9995.38
Time=3611647 X=-56.7 Y=-9995.05
Time=3612624 X=-56.7 Y=-9995.05
Time=3613664 X=-56.7 Y=-9995.05
Time=3614715 X=-56.7 Y=-9995.05
Time=3615652 X=-56.7 Y=-9995.05
Time=3616714 X=-56.7 Y=-9995.05
Time=3617780 X=-80.3317 Y=-9997.4
Time=3618808 X=-472.161 Y=-10036.4
Time=3619745 X=-829.305 Y=-10071.9
Time=3620833 X=-1246.31 Y=-10113.4
Time=3621860 X=-1637.76 Y=-10152.4
Time=3622902 X=-2034.92 Y=-10191.9
Time=3623849 X=-2395.88 Y=-10227.9
Time=3624946 X=-2814.01 Y=-10269.5
Time=3625922 X=-3186.02 Y=-10306.5
Time=3626858 X=-3542.78 Y=-10342
Time=3628316 X=-3946.43 Y=-10380.7
Time=3629236 X=-3662.94 Y=-10304.1
Time=3630228 X=-3296.13 Y=-10204.9
Time=3631234 X=-2924.15 Y=-10104.4
Time=3632261 X=-2544.4 Y=-10001.7
Time=3633295 X=-2162.06 Y=-9898.33
Time=3634295 X=-1829.09 Y=-9808.31
Time=3635346 X=-1536.89 Y=-9729.32
Time=3636352 X=-1257.2 Y=-9653.71
Time=3637408 X=-963.61 Y=-9574.33
Time=3638407 X=-685.869 Y=-9499.25
Time=3639402 X=-430.912 Y=-9430.32
Time=3640403 X=-443.867 Y=-9413.23
Time=3641436 X=-682.834 Y=-9097.86
Time=3642485 X=-925.503 Y=-8777.6
Time=3643507 X=-1163.18 Y=-8466.57
Time=3644549 X=-1432.94 Y=-8172.99
Time=3645569 X=-1711.29 Y=-7898.82
Time=3646581 X=-1987.45 Y=-7626.8
Time=3647595 X=-1990.18 Y=-7624.11
Time=3648635 X=-1990.18 Y=-7624.11
Time=3649652 X=-1990.18 Y=-7624.11
Time=3650662 X=-1990.18 Y=-7624.11
Time=3651701 X=-1990.18 Y=-7624.11
Time=3652734 X=-1990.18 Y=-7624.11
Time=3653766 X=-1990.18 Y=-7624.11
Time=3654773 X=-1990.18 Y=-7624.11
Time=3656031 X=-1990.18 Y=-7624.11
Time=3657029 X=-1922.98 Y=-7437.02
Time=3657984 X=-1799.33 Y=-7092.75
Time=3659015 X=-1748.98 Y=-6952.51
Time=3660039 X=-1748.98 Y=-6952.51
Time=3661078 X=-1748.98 Y=-6952.51
Time=3662106 X=-1748.98 Y=-6952.51
Time=3663123 X=-1748.98 Y=-6952.51
Time=3664163 X=-1748.98 Y=-6952.51
Time=3665205 X=-1748.98 Y=-6952.51
Time=3666148 X=-1748.98 Y=-6952.51
Time=3667253 X=-1748.98 Y=-6952.51
Time=3668254 X=-1748.98 Y=-6952.51
Time=3669255 X=-1748.98 Y=-6952.51
Time=3670274 X=-1748.98 Y=-6952.51
Time=3671316 X=-1748.98 Y=-6952.51
Time=3672405 X=-1925.41 Y=-6850.73
Time=3673457 X=-2294.19 Y=-6688.33
Time=3674500 X=-2497.4 Y=-6598.84
Time=3675562 X=-2167.13 Y=-6713.82
Time=3676593 X=-1862.53 Y=-6819.97
Time=3677601 X=-1823.21 Y=-6816.85
Time=3678612 X=-1575.56 Y=-6795.83
Time=3679630 X=-1590.06 Y=-6867.15
Time=3680722 X=-1673.39 Y=-7277.05
Time=3681738 X=-1742.03 Y=-7659.97
Time=3682834 X=-1795.44 Y=-8076.37
Time=3683883 X=-1844.41 Y=-8458.2
Time=3684924 X=-1844.41 Y=-8458.2
Time=3685926 X=-1809.79 Y=-8521.33
Time=3686934 X=-1792.58 Y=-8575.76
Time=3687927 X=-1823.88 Y=-8923.39
Time=3688953 X=-1823.88 Y=-8923.39
Time=3689999 X=-1823.88 Y=-8923.39
Time=3691036 X=-1823.88 Y=-8923.39
Time=3692059 X=-1823.88 Y=-8923.39
Time=3693094 X=-1823.88 Y=-8923.39
Time=3694113 X=-1823.88 Y=-8923.39
Time=3695148 X=-1823.88 Y=-8923.39
Time=3696200 X=-1823.88 Y=-8923.39
Time=3697218 X=-1823.88 Y=-8923.39
Time=3698251 X=-1823.88 Y=-8923.39
Time=3699324 X=-1823.88 Y=-8923.39
Time=3700333 X=-1823.88 Y=-8923.39
Time=3701359 X=-1823.88 Y=-8923.39
Time=3702384 X=-1823.88 Y=-8923.39
Time=3703417 X=-1823.88 Y=-8923.39
Time=3704425 X=-1992.89 Y=-8665.03
Time=3705466 X=-2051.19 Y=-8575.92
Time=3706489 X=-2051.19 Y=-8575.92
Time=3707519 X=-2051.19 Y=-8575.92
Time=3708571 X=-2082.09 Y=-8529.48
Time=3709581 X=-2420.82 Y=-8362.3
Time=3710599 X=-2770.48 Y=-8189.71
Time=3711612 X=-3038.4 Y=-7918.48
Time=3712695 X=-3297.35 Y=-7594.4
Time=3713737 X=-3553.4 Y=-7399.78
Time=3714749 X=-3716.7 Y=-7169.23
Time=3715809 X=-3920.12 Y=-6819.97
Time=3716840 X=-4159.28 Y=-6630.88
Time=3717837 X=-4159.28 Y=-6630.88
Time=3718859 X=-4159.28 Y=-6630.88
Time=3719908 X=-4159.28 Y=-6630.88
Time=3720973 X=-4159.28 Y=-6630.88
Time=3722019 X=-4159.28 Y=-6630.88
Time=3723010 X=-4159.28 Y=-6630.88
Time=3724029 X=-4159.28 Y=-6630.88
Time=3725083 X=-4233.6 Y=-6594.51
Time=3726103 X=-3938.33 Y=-6779.9
Time=3727116 X=-3904.64 Y=-6801.16
Time=3728108 X=-3975.09 Y=-6761.91
Time=3729160 X=-4239.76 Y=-6614.45
Time=3730189 X=-4498.64 Y=-6470.21
Time=3731239 X=-4780.74 Y=-6365.14
Time=3732247 X=-5058.79 Y=-6281.68
Time=3733324 X=-5361.83 Y=-6219.43
Time=3734347 X=-5654.65 Y=-6188.68
Time=3735411 X=-6002.62 Y=-6111.63
Time=3736409 X=-6378.13 Y=-6040.01
Time=3737458 X=-6772.82 Y=-5964.72
Time=3738464 X=-6777.71 Y=-5963.79
Time=3739488 X=-6777.71 Y=-5963.79
Time=3740557 X=-6777.71 Y=-5963.79
Time=3741570 X=-6777.71 Y=-5963.79
Time=3742600 X=-6777.71 Y=-5963.79
Time=3743585 X=-6777.71 Y=-5963.79
Time=3744634 X=-6777.71 Y=-5963.79
Time=3745669 X=-6777.71 Y=-5963.79
Time=3746702 X=-6777.71 Y=-5963.79
Time=3747722 X=-6777.71 Y=-5963.79
Time=3748745 X=-6777.71 Y=-5963.79
Time=3749754 X=-6777.71 Y=-5963.79
Time=3750768 X=-6777.71 Y=-5963.79
Time=3751770 X=-6777.71 Y=-5963.79
Time=3752783 X=-6777.71 Y=-5963.79
Time=3753819 X=-6777.71 Y=-5963.79
Time=3754876 X=-6777.71 Y=-5963.79
Time=3755916 X=-6777.71 Y=-5963.79
Time=3756957 X=-6777.71 Y=-5963.79
Time=3758030 X=-6777.71 Y=-5963.79
Time=3759034 X=-6777.71 Y=-5963.79
Time=3760034 X=-6777.71 Y=-5963.79
Time=3761107 X=-6777.71 Y=-5963.79
Time=3762109 X=-6777.71 Y=-5963.79
Time=3763119 X=-6777.71 Y=-5963.79
Time=3764142 X=-6777.71 Y=-5963.79
Time=3765172 X=-6777.71 Y=-5963.79
Time=3766182 X=-6777.71 Y=-5963.79
Time=3767193 X=-6777.71 Y=-5963.79
Time=3768226 X=-6777.71 Y=-5963.79
Time=3769207 X=-6777.71 Y=-5963.79
Time=3770269 X=-6777.71 Y=-5963.79
Time=3771303 X=-6777.71 Y=-5963.79
Time=3772293 X=-6777.71 Y=-5963.79
Time=3773347 X=-6777.71 Y=-5963.79
Time=3774405 X=-6484.76 Y=-5991.95
Time=3775456 X=-6090.36 Y=-6072.7
Time=3776444 X=-5983.02 Y=-6094.68
Time=3777495 X=-5983.02 Y=-6094.68
Time=3778475 X=-5983.02 Y=-6094.68
Time=3779545 X=-5983.02 Y=-6094.68
Time=3780551 X=-5983.02 Y=-6094.68
Time=3781544 X=-5983.02 Y=-6094.68
Time=3782547 X=-6000.86 Y=-6082.1
Time=3783578 X=-6318.5 Y=-5847.45
Time=3784598 X=-6625.42 Y=-5620.19
Time=3785614 X=-6625.42 Y=-5620.19
Time=3786668 X=-6625.42 Y=-5620.19
Time=3787671 X=-6625.42 Y=-5620.19
Time=3788678 X=-6625.42 Y=-5620.19
Time=3789735 X=-6625.42 Y=-5620.19
Time=3790733 X=-6625.42 Y=-5620.19
Time=3791744 X=-6625.42 Y=-5620.19
Time=3792708 X=-6625.42 Y=-5620.19
Time=3793747 X=-6879.2 Y=-5652.78
Time=3794810 X=-6879.2 Y=-5652.78
Time=3795836 X=-6879.2 Y=-5652.78
Time=3796872 X=-6879.2 Y=-5652.78
Time=3797872 X=-6879.2 Y=-5652.78
Time=3798906 X=-6879.2 Y=-5652.78
Time=3799917 X=-6879.2 Y=-5652.78
Time=3800944 X=-6879.2 Y=-5652.78
Time=3801945 X=-7104.35 Y=-5621.02
Time=3802965 X=-7303.27 Y=-5649.29
Time=3803992 X=-6971.43 Y=-5636.34
Time=3805011 X=-6967.24 Y=-5674.8
Time=3806049 X=-6945.48 Y=-5887.41
Time=3807079 X=-6945.48 Y=-5887.41
Time=3808062 X=-6945.48 Y=-5887.41
Time=3809097 X=-7090.34 Y=-5949.06
Time=3810118 X=-7450.19 Y=-6102.21
Time=3811152 X=-7814.62 Y=-6257.32
Time=3812179 X=-8176.58 Y=-6411.37
Time=3813183 X=-8530.43 Y=-6561.98
Time=3814182 X=-8882.53 Y=-6711.83
Time=3815191 X=-9159.52 Y=-6845.7
Time=3816226 X=-9123.42 Y=-7172.02
Time=3817254 X=-9112.48 Y=-7507.45
Time=3818280 X=-9099.66 Y=-7900.24
Time=3819301 X=-9086.91 Y=-8291.11
Time=3820312 X=-9074.28 Y=-8678.16
Time=3821333 X=-9061.53 Y=-9069.03
Time=3822344 X=-8999.15 Y=-9160.56
Time=3823338 X=-8868.43 Y=-8802.96
Time=3824360 X=-8734.03 Y=-8435.29
Time=3825375 X=-8616.86 Y=-8114.77
Time=3826402 X=-8491.69 Y=-7772.35
Time=3827439 X=-8355.31 Y=-7399.28
Time=3828455 X=-8221.7 Y=-7033.77
Time=3829493 X=-8085.19 Y=-6660.34
Time=3830522 X=-7959.11 Y=-6398.96
Time=3831570 X=-7563.93 Y=-6328.39
Time=3832625 X=-7166.12 Y=-6257.34
Time=3833631 X=-6786.78 Y=-6189.6
Time=3834664 X=-6442.08 Y=-6128.04
Time=3835677 X=-6060.1 Y=-6059.83
Time=3836691 X=-5677.75 Y=-5991.55
Time=3837709 X=-5293.89 Y=-5923
Time=3838755 X=-4899.47 Y=-5852.56
Time=3839761 X=-4562.42 Y=-5792.37
Time=3840771 X=-4181.58 Y=-5724.36
Time=3841785 X=-3848.9 Y=-5664.95
Time=3842794 X=-3696.63 Y=-5744.99
Time=3843824 X=-3420.91 Y=-5723.07
Time=3844858 X=-3172 Y=-5881.6
Time=3845868 X=-2961.76 Y=-6206.36
Time=3846872 X=-2752.77 Y=-6529.19
Time=3847893 X=-2551.3 Y=-6840.41
Time=3848903 X=-2373.96 Y=-7114.35
Time=3849925 X=-2161.22 Y=-7442.97
Time=3850969 X=-1966.74 Y=-7789.08
Time=3851965 X=-1938.88 Y=-7889.31
Time=3852948 X=-2002.81 Y=-8145.87
Time=3854003 X=-2249.73 Y=-8453.55
Time=3855047 X=-2149.46 Y=-8496.55
Time=3856064 X=-2042.88 Y=-8574.04
Time=3857074 X=-1773.03 Y=-8770.58
Time=3858074 X=-1681.26 Y=-8837.42
Time=3859102 X=-1870.88 Y=-8961.07
Time=3860093 X=-2188.84 Y=-9168.42
Time=3861133 X=-2522.52 Y=-9386.02
Time=3862159 X=-2851.7 Y=-9600.69
Time=3863186 X=-3124.13 Y=-9778.35
Time=3864218 X=-3455.25 Y=-9994.28
Time=3865229 X=-3779.62 Y=-10205.8
Time=3866258 X=-4027.48 Y=-10367.4
Time=3867261 X=-4027.48 Y=-10367.4
Time=3868267 X=-4027.48 Y=-10367.4
Time=3869318 X=-4027.48 Y=-10367.4
Time=3870358 X=-4021.93 Y=-10353.2
Time=3871394 X=-4025.48 Y=-9988.92
Time=3872413 X=-4057.06 Y=-9627.25
Time=3873450 X=-4091.61 Y=-9231.55
Time=3874449 X=-4124.89 Y=-8850.34
Time=3875464 X=-4158.71 Y=-8463.03
Time=3876518 X=-4157.73 Y=-8066.14
Time=3877532 X=-4012.93 Y=-7705.74
Time=3878534 X=-3869.84 Y=-7349.6
Time=3879549 X=-3815.25 Y=-6973
Time=3880589 X=-3868.2 Y=-6639.35
Time=3881595 X=-3944.37 Y=-6261.95
Time=3882592 X=-4084.43 Y=-5907.28
Time=3883616 X=-4269.77 Y=-5561.65
Time=3884623 X=-4455.3 Y=-5223.48
Time=3885681 X=-4645.88 Y=-4865.95
Time=3886706 X=-4733.89 Y=-4631.57
Time=3887745 X=-4733.89 Y=-4631.57
Time=3888773 X=-4733.89 Y=-4631.57
Time=3889782 X=-4733.89 Y=-4631.57
Time=3890830 X=-4733.89 Y=-4631.57
Time=3891867 X=-4733.89 Y=-4631.57
Time=3892867 X=-4733.89 Y=-4631.57
Time=3893893 X=-4733.89 Y=-4631.57
Time=3894896 X=-4733.89 Y=-4631.57
Time=3895932 X=-4666.25 Y=-4458.77
Time=3896967 X=-4572.31 Y=-4120.95
Time=3897977 X=-4813.47 Y=-4099.83
Time=3898982 X=-4813.47 Y=-4099.83
Time=3900009 X=-4813.47 Y=-4099.83
Time=3901053 X=-4813.47 Y=-4099.83
Time=3902071 X=-4813.47 Y=-4099.83
Time=3903098 X=-4813.47 Y=-4099.83
Time=3904147 X=-4813.47 Y=-4099.83
Time=3905183 X=-4644.54 Y=-3895.83
Time=3906170 X=-4440.23 Y=-3577.87
Time=3907187 X=-4232.63 Y=-3246.65
Time=3908206 X=-4094 Y=-3041
Time=3909235 X=-4132.27 Y=-3148.52
Time=3910283 X=-4206.47 Y=-3316.29
Time=3911317 X=-4206.47 Y=-3316.29
Time=3912343 X=-4206.47 Y=-3316.29
Time=3913378 X=-4206.47 Y=-3316.29
Time=3914410 X=-4189.69 Y=-3306.75
Time=3915463 X=-4216.02 Y=-3376.94
Time=3916469 X=-4329.17 Y=-3611.47
Time=3917471 X=-4344.65 Y=-3637.09
Time=3918484 X=-4344.65 Y=-3637.09
Time=3919476 X=-4344.65 Y=-3637.09
Time=3920552 X=-4344.65 Y=-3637.09
Time=3921556 X=-4344.65 Y=-3637.09
Time=3922578 X=-4122.2 Y=-3412.11
Time=3923689 X=-3822.99 Y=-3109.49
Time=3924669 X=-3730.89 Y=-3016.34
Time=3925692 X=-3526.79 Y=-2836.6
Time=3926701 X=-3236.74 Y=-2581.17
Time=3927720 X=-2943.82 Y=-2323.21
Time=3928744 X=-2649.46 Y=-2063.98
Time=3929760 X=-2563.91 Y=-2024.61
Time=3930776 X=-2827.88 Y=-2261.63
Time=3931786 X=-3115.74 Y=-2520.1
Time=3932813 X=-3408.44 Y=-2782.93
Time=3933814 X=-3693.73 Y=-3039.09
Time=3934820 X=-3980.45 Y=-3296.54
Time=3935876 X=-4200.58 Y=-3494.2
Time=3936912 X=-4250.27 Y=-3535.7
Time=3937923 X=-4240.28 Y=-3546.14
Time=3938975 X=-4554.28 Y=-3798.68
Time=3940021 X=-4866.49 Y=-4049.79
Time=3941045 X=-4880.22 Y=-4060.83
Time=3942081 X=-4569.87 Y=-3843.03
Time=3943098 X=-4250.11 Y=-3620.54
Time=3944151 X=-3919.03 Y=-3390.17
Time=3945235 X=-3646.85 Y=-3200.78
Time=3946249 X=-3328.04 Y=-2978.94
Time=3947266 X=-3008.28 Y=-2756.45
Time=3948309 X=-2680.34 Y=-2528.27
Time=3949339 X=-2355.08 Y=-2304.78
Time=3950361 X=-2030.72 Y=-2085.62
Time=3951402 X=-1700.32 Y=-1862.38
Time=3952425 X=-1375.64 Y=-1642.99
Time=3953464 X=-1034.92 Y=-1494.09
Time=3954478 X=-674.757 Y=-1348.69
Time=3955519 X=-305.385 Y=-1198.5
Time=3956556 X=60.2711 Y=-1043.34
Time=3957590 X=424.726 Y=-888.299
Time=3958638 X=439.178 Y=-882.151
Time=3959670 X=439.178 Y=-882.151
Time=3960710 X=439.178 Y=-882.151
Time=3961712 X=439.178 Y=-882.151
Time=3962758 X=439.178 Y=-882.151
Time=3963809 X=439.178 Y=-882.151
Time=3964822 X=439.178 Y=-882.151
Time=3965831 X=439.178 Y=-882.151
Time=3966862 X=439.178 Y=-882.151
Time=3967897 X=411.619 Y=-869.76
Time=3968943 X=243.349 Y=-560.455
Time=3969982 X=-47.5524 Y=-832.048
Time=3971019 X=-208.897 Y=-983.095
Time=3972048 X=-208.897 Y=-983.095
Time=3973053 X=20.5923 Y=-766.407
Time=3974108 X=269.44 Y=-531.44
Time=3975120 X=566.768 Y=-424.84
Time=3976171 X=958.149 Y=-336.787
Time=3977180 X=1337.56 Y=-264.702
Time=3978210 X=1721.64 Y=-174.489
Time=3979192 X=2087.35 Y=-88.461
Time=3980242 X=2438.34 Y=35.1358
Time=3981317 X=2743.23 Y=83.3224
Time=3982314 X=2869 Y=95
Time=3983363 X=2869 Y=95
Time=3984360 X=2869 Y=95
Time=3985385 X=2869 Y=95
Time=3986451 X=2869 Y=95
Time=3987468 X=2869 Y=95
Time=3988542 X=2869 Y=95
Time=3989542 X=2869 Y=95
Time=3990588 X=2869 Y=95
Time=3991612 X=2663.1 Y=-66.2101
Time=3992641 X=2662.42 Y=-66.7427
Time=3993661 X=2662.42 Y=-66.7427
Time=3994668 X=2662.42 Y=-66.7427
Time=3995687 X=2662.42 Y=-66.7427
Time=3996692 X=2662.42 Y=-66.7427
Time=3997697 X=2662.42 Y=-66.7427
Time=3998704 X=2662.42 Y=-66.7427
Time=3999749 X=2662.42 Y=-66.7427
Time=4000759 X=2662.42 Y=-66.7427
Time=4001767 X=2662.42 Y=-66.7427
Time=4002824 X=2662.42 Y=-66.7427
Time=4003807 X=2671.85 Y=-53.3087
Time=4004863 X=2808.97 Y=133.045
Time=4005886 X=2920.28 Y=239.62
Time=4006923 X=2920.28 Y=239.62
Time=4007918 X=2920.28 Y=239.62
Time=4008961 X=2920.28 Y=239.62
Time=4010008 X=3064.99 Y=528.279
Time=4011022 X=3239.06 Y=875.491
Time=4012038 X=3280.44 Y=958.014
Time=4013116 X=3280.44 Y=958.014
Time=4014104 X=3450.02 Y=1148.57
Time=4015123 X=3716.81 Y=1433.43
Time=4016141 X=3965.26 Y=1733.89
Time=4017144 X=4200.13 Y=2037.67
Time=4018214 X=4335 Y=2295
Time=4019255 X=4335 Y=2295
Time=4020267 X=4335 Y=2295
Time=4021313 X=4335 Y=2295
Time=4022364 X=4335 Y=2295
Time=4023429 X=4335 Y=2295
Time=4024434 X=4335 Y=2295
Time=4025473 X=4335 Y=2295
Time=4026519 X=4335 Y=2295
Time=4027570 X=4335 Y=2295
Time=4028577 X=4155.01 Y=1960.66
Time=4029653 X=4016.04 Y=1806.42
Time=4030722 X=4016.04 Y=1806.42
Time=4031721 X=3849.05 Y=1713.3
Time=4032762 X=3915 Y=2082.92
Time=4033815 X=3991.68 Y=2470.06
Time=4034917 X=4132.11 Y=2867.74
Time=4035944 X=4198.93 Y=3254.88
Time=4036958 X=4357.54 Y=3528.88
Time=4037975 X=4403 Y=3743
Time=4039007 X=4403 Y=3743
Time=4040054 X=4403 Y=3743
Time=4041104 X=4403 Y=3743
Time=4042119 X=4403 Y=3743
Time=4043148 X=4403 Y=3743
Time=4044205 X=4403 Y=3743
Time=4045259 X=4403 Y=3743
Time=4046316 X=4403 Y=3743
Time=4047353 X=4318.13 Y=3576.91
Time=4048398 X=4258.26 Y=3446.76
Time=4049412 X=4118.68 Y=3143.31
Time=4050458 X=4118.68 Y=3143.31
Time=4051471 X=4118.68 Y=3143.31
Time=4052471 X=4118.68 Y=3143.31
Time=4053526 X=4118.68 Y=3143.31
Time=4054568 X=4118.68 Y=3143.31
Time=4055587 X=4219.49 Y=3345.64
Time=4056596 X=4351.8 Y=3604.34
Time=4057593 X=4499.61 Y=3932.69
Time=4058702 X=4682.14 Y=4315.88
Time=4059730 X=4857 Y=4571
Time=4060761 X=4857 Y=4571
Time=4061785 X=4857 Y=4571
Time=4062825 X=4857 Y=4571
Time=4063853 X=4857 Y=4571
Time=4064892 X=4857 Y=4571
Time=4065949 X=4798.92 Y=4488.22
Time=4066978 X=4682.54 Y=4322.35
Time=4068027 X=4682.54 Y=4322.35
Time=4069056 X=4682.54 Y=4322.35
Time=4070137 X=4682.54 Y=4322.35
Time=4071083 X=4682.54 Y=4322.35
Time=4072221 X=4682.54 Y=4322.35
Time=4073229 X=4682.54 Y=4322.35
Time=4074123 X=4682.54 Y=4322.35
Time=4075519 X=4682.54 Y=4322.35
Time=4076455 X=4682.54 Y=4322.35
Time=4077501 X=4682.54 Y=4322.35
Time=4078488 X=4682.54 Y=4322.35
Time=4079528 X=4682.54 Y=4322.35
Time=4080542 X=4682.54 Y=4322.35
Time=4081599 X=4682.54 Y=4322.35
Time=4082665 X=4682.54 Y=4322.35
Time=4083730 X=4682.54 Y=4322.35
Time=4084757 X=4682.54 Y=4322.35
Time=4085774 X=4682.54 Y=4322.35
Time=4086797 X=4682.54 Y=4322.35
Time=4087836 X=4682.54 Y=4322.35
Time=4088834 X=4658.32 Y=4139.63
Time=4089867 X=4722.98 Y=4407.1
Time=4090884 X=4793.57 Y=4716.11
Time=4091899 X=4788.74 Y=4694.42
Time=4092852 X=4708.93 Y=4338.22
Time=4094058 X=4607.85 Y=3887.47
Time=4095128 X=4533.28 Y=3554.87
Time=4096133 X=4469.95 Y=3272.44
Time=4097152 X=4405.74 Y=2986.08
Time=4098166 X=4341.84 Y=2701.13
Time=4099206 X=4259.18 Y=2408.8
Time=4100217 X=4238.05 Y=2238.25
Time=4101293 X=4286.6 Y=2445.22
Time=4102340 X=4392.79 Y=2697.28
Time=4103366 X=4477.38 Y=3081.07
Time=4104409 X=4563.37 Y=3471.22
Time=4105412 X=4646.06 Y=3846.4
Time=4106454 X=4727.26 Y=4215.65
Time=4107473 X=4797.77 Y=4535.44
Time=4108521 X=4881.91 Y=4917
Time=4109517 X=4964.67 Y=5292.36
Time=4110525 X=5048.44 Y=5672.24
Time=4111554 X=5435.43 Y=5583.2
Time=4112558 X=5813.03 Y=5496.32
Time=4113578 X=6196.65 Y=5408.06
Time=4114602 X=6515.18 Y=5553.76
Time=4115632 X=6778.28 Y=5820.25
Time=4116639 X=6981.91 Y=6026.76
Time=4117672 X=7014.27 Y=6059.57
Time=4118689 X=7014.27 Y=6059.57
Time=4119727 X=7014.27 Y=6059.57
Time=4120745 X=7014.27 Y=6059.57
Time=4121766 X=7014.27 Y=6059.57
Time=4122782 X=7014.27 Y=6059.57
Time=4123798 X=7014.27 Y=6059.57
Time=4124832 X=7014.27 Y=6059.57
Time=4125887 X=7014.27 Y=6059.57
Time=4126903 X=6855.33 Y=5898.9
Time=4127915 X=6582.72 Y=5623.32
Time=4128965 X=6289.02 Y=5401.05
Time=4130012 X=5958.45 Y=5577.31
Time=4131074 X=5599.5 Y=5768.7
Time=4132095 X=5254.41 Y=5952.7
Time=4133236 X=5148.85 Y=5977.45
Time=4134223 X=5148.85 Y=5977.45
Time=4135252 X=5148.85 Y=5977.45
Time=4136277 X=5287.26 Y=5907.32
Time=4137329 X=5646.72 Y=5725.21
Time=4138353 X=5996.61 Y=5547.94
Time=4139368 X=6336 Y=5376
Time=4140385 X=6661.88 Y=5589.43
Time=4141494 X=7017.24 Y=5822.17
Time=4142548 X=7354.98 Y=6043.36
Time=4143549 X=7543.93 Y=6146.05
Time=4144557 X=7494.03 Y=5775.36
Time=4145573 X=7442.11 Y=5389.67
Time=4146586 X=7390.34 Y=5005.12
Time=4147570 X=7340.05 Y=4631.58
Time=4148630 X=7285.88 Y=4229.19
Time=4149685 X=7231.97 Y=3828.69
Time=4150735 X=7192.2 Y=3428.57
Time=4151737 X=7159.6 Y=3046.15
Time=4152676 X=7131.09 Y=2717.5
Time=4153800 X=7083.15 Y=2289.68
Time=4154863 X=7050.26 Y=1995.22
Time=4155883 X=7046.99 Y=1966.03
Time=4156873 X=7043.83 Y=1937.69
Time=4157907 X=7040.52 Y=1908.09
Time=4158903 X=7037.34 Y=1879.59
Time=4159962 X=7033.95 Y=1849.28
Time=4160933 X=7013.31 Y=1664.47
Time=4161957 X=6995.87 Y=1508.39
Time=4163027 X=6995.87 Y=1508.39
Time=4164063 X=6995.87 Y=1508.39
Time=4165059 X=6995.87 Y=1508.39
Time=4166061 X=6925.86 Y=1351.53
Time=4167130 X=6749.84 Y=981.828
Time=4168176 X=6577.63 Y=620.068
Time=4169193 X=6413.87 Y=266.614
Time=4170237 X=6276.37 Y=-108.363
Time=4171255 X=6276.16 Y=-122.711
Time=4172267 X=6276.16 Y=-122.711
Time=4173274 X=6276.16 Y=-122.711
Time=4174300 X=6276.16 Y=-122.711
Time=4175314 X=6290.18 Y=24.8706
Time=4176318 X=6323.37 Y=311.954
Time=4177351 X=6440.69 Y=583.431
Time=4178381 X=6482.45 Y=662.993
Time=4179410 X=6482.45 Y=662.993
Time=4180425 X=6482.45 Y=662.993
Time=4181421 X=6482.45 Y=662.993
Time=4182464 X=6482.45 Y=662.993
Time=4183487 X=6482.45 Y=662.993
Time=4184526 X=6506.19 Y=756.224
Time=4185518 X=6622.83 Y=1049.41
Time=4186529 X=6765.99 Y=1409.23
Time=4187555 X=6911.28 Y=1774.39
Time=4188632 X=6977.18 Y=1865.47
Time=4189635 X=6972.62 Y=1481.3
Time=4190659 X=6971.65 Y=1399.25
Time=4191734 X=7117.95 Y=1358.58
Time=4192757 X=7052.55 Y=1285.01
Time=4193805 X=6785.21 Y=985.556
Time=4194848 X=6556.39 Y=729.248
Time=4195860 X=6505.07 Y=691.625
Time=4196891 X=6377.71 Y=317.811
Time=4197945 X=6247.51 Y=-64.3425
Time=4198977 X=6120.03 Y=-438.519
Time=4199979 X=6046.55 Y=-654.2
Time=4201004 X=5895.58 Y=-983.617
Time=4202014 X=6125.56 Y=-1294.12
Time=4203058 X=6298.58 Y=-1653.86
Time=4204095 X=6396.79 Y=-2038.37
Time=4205098 X=6477.92 Y=-2413.89
Time=4206129 X=6583.02 Y=-2793.65
Time=4207151 X=6765 Y=-3120
Time=4208171 X=6765 Y=-3120
Time=4209204 X=6765 Y=-3120
Time=4210230 X=6765 Y=-3120
Time=4211232 X=6765 Y=-3120
Time=4212236 X=6765 Y=-3120
Time=4213267 X=6765 Y=-3120
Time=4214307 X=6765 Y=-3120
Time=4215308 X=6765 Y=-3120
Time=4216336 X=6765 Y=-3120
Time=4217347 X=6634.77 Y=-3071.47
Time=4218371 X=6265.54 Y=-2939.13
Time=4219391 X=5897.75 Y=-2807.31
Time=4220429 X=5523.47 Y=-2673.16
Time=4221426 X=5238.49 Y=-2566.79
Time=4222419 X=4915.94 Y=-2365.58
Time=4223532 X=4556.59 Y=-2136.19
Time=4224523 X=4246.09 Y=-1937.98
Time=4225532 X=3920.32 Y=-1730.02
Time=4226569 X=3585.51 Y=-1516.29
Time=4227570 X=3262.32 Y=-1309.98
Time=4228589 X=2933.32 Y=-1099.97
Time=4229605 X=2624.44 Y=-902.789
Time=4230605 X=2332.57 Y=-716.477
Time=4231612 X=2007.36 Y=-508.873
Time=4232636 X=1674.26 Y=-296.237
Time=4233629 X=1407.2 Y=-125.76
Time=4234657 X=1665.61 Y=136.003
Time=4235671 X=1950.12 Y=404.684
Time=4236659 X=2227.33 Y=666.476
Time=4237684 X=2514.93 Y=938.071
Time=4238719 X=2803.88 Y=1210.95
Time=4239750 X=3090.99 Y=1482.09
Time=4240763 X=3373.1 Y=1748.51
Time=4241802 X=3662.45 Y=2021.76
Time=4242845 X=3952.91 Y=2296.06
Time=4243862 X=4236.12 Y=2563.53
Time=4244877 X=4499.88 Y=2782.33
Time=4245902 X=4660.82 Y=2992.68
Time=4246909 X=4887.23 Y=3304.96
Time=4247961 X=5102.84 Y=3602.34
Time=4248994 X=5307.93 Y=3885.21
Time=4249994 X=5532.77 Y=4195.32
Time=4251041 X=5768.18 Y=4520
Time=4252063 X=5997.96 Y=4836.94
Time=4253090 X=6228.87 Y=5155.42
Time=4254128 X=6462.25 Y=5477.31
Time=4255156 X=6677.51 Y=5807.01
Time=4256182 X=6885.92 Y=6140.19
Time=4257200 X=7054.61 Y=6409.86
Time=4258222 X=7262.22 Y=6741.75
Time=4259231 X=7467.18 Y=7069.41
Time=4260280 X=7477.43 Y=7245.04
Time=4261288 X=7138.68 Y=7430.3
Time=4262305 X=6796.9 Y=7617.23
Time=4263326 X=6453.78 Y=7804.88
Time=4264343 X=6112.01 Y=7991.8
Time=4265368 X=5791.24 Y=8166.15
Time=4266388 X=5516.77 Y=8270.84
Time=4267422 X=5238.29 Y=8376.32
Time=4268463 X=4957.99 Y=8482.71
Time=4269475 X=4685.5 Y=8586.14
Time=4270482 X=4404.32 Y=8692.86
Time=4271515 X=4309.75 Y=8728.76
Time=4272496 X=4187.69 Y=8775.09
Time=4273532 X=4159.4 Y=8785.83
Time=4274644 X=4159.4 Y=8785.83
Time=4275489 X=4159.4 Y=8785.83
Time=4276783 X=4159.4 Y=8785.83
Time=4277759 X=4159.4 Y=8785.83
Time=4278751 X=4159.4 Y=8785.83
Time=4279759 X=4159.4 Y=8785.83
Time=4280799 X=4159.4 Y=8785.83
Time=4281839 X=4159.4 Y=8785.83
Time=4282866 X=4159.4 Y=8785.83
Time=4283921 X=4159.4 Y=8785.83
Time=4284931 X=4159.4 Y=8785.83
Time=4285962 X=4159.4 Y=8785.83
Time=4287026 X=4159.4 Y=8785.83
Time=4288036 X=4159.4 Y=8785.83
Time=4289083 X=4159.4 Y=8785.83
Time=4290087 X=4159.4 Y=8785.83
Time=4291125 X=3917.35 Y=9024.72
Time=4292112 X=3692 Y=9019
Time=4293186 X=3692 Y=9019
Time=4294262 X=3692 Y=9019
Time=4295224 X=3692 Y=9019
Time=4296240 X=3692 Y=9019
Time=4297249 X=3692 Y=9019
Time=4298261 X=3722.58 Y=9059.14
Time=4299307 X=3901.67 Y=9200.66
Time=4300365 X=3839.25 Y=9165.95
Time=4301372 X=3522.73 Y=8989.96
Time=4302393 X=3180.93 Y=8799.91
Time=4303384 X=2849.18 Y=8615.44
Time=4304395 X=2487.48 Y=8477.99
Time=4305398 X=2121.47 Y=8361.19
Time=4306410 X=1751.3 Y=8245.29
Time=4307462 X=1361.06 Y=8158.22
Time=4308504 X=1177 Y=8134
Time=4309504 X=1177 Y=8134
Time=4310509 X=1177 Y=8134
Time=4311529 X=1177 Y=8134
Time=4312548 X=1177 Y=8134
Time=4313570 X=1177 Y=8134
Time=4314581 X=1177 Y=8134
Time=4315604 X=1177 Y=8134
Time=4316659 X=1177 Y=8134
Time=4317684 X=1177 Y=8134
Time=4318696 X=1177 Y=8134
Time=4319706 X=1177 Y=8134
Time=4320718 X=1177 Y=8134
Time=4321705 X=1177 Y=8134
Time=4322750 X=1177 Y=8134
Time=4323812 X=1177 Y=8134
Time=4324851 X=1177 Y=8134
Time=4325878 X=1177 Y=8134
Time=4326902 X=1177 Y=8134
Time=4327946 X=1177 Y=8134
Time=4328936 X=1177 Y=8134
Time=4329960 X=1177 Y=8134
Time=4331002 X=1177 Y=8134
Time=4332022 X=1177 Y=8134
Time=4333047 X=1177 Y=8134
Time=4334074 X=1177 Y=8134
Time=4335183 X=1177 Y=8134
Time=4336170 X=1177 Y=8134
Time=4337180 X=1177 Y=8134
Time=4338200 X=1177 Y=8134
Time=4339205 X=1177 Y=8134
Time=4340248 X=1177 Y=8134
Time=4341257 X=1177 Y=8134
Time=4342275 X=1177 Y=8134
Time=4343303 X=1177 Y=8134
Time=4344359 X=1177 Y=8134
Time=4345356 X=1177 Y=8134
Time=4346352 X=1177 Y=8134
Time=4347405 X=1424.5 Y=8001.28
Time=4348441 X=1708.76 Y=7869.47
Time=4349459 X=1708.76 Y=7869.47
Time=4350519 X=1708.76 Y=7869.47
Time=4351545 X=1490.54 Y=7913.56
Time=4352558 X=1134.24 Y=7985.55
Time=4353608 X=1274.18 Y=8101.23
Time=4354607 X=1339.98 Y=8141.56
Time=4355677 X=1235.53 Y=8345.84
Time=4356695 X=1058.02 Y=8693.03
Time=4357742 X=875.444 Y=9050.1
Time=4358762 X=826.624 Y=9433.09
Time=4359766 X=826.053 Y=9817.67
Time=4360779 X=820.141 Y=10155.2
Time=4361816 X=813.254 Y=10402.1
Time=4362840 X=810.458 Y=10502.3
Time=4363876 X=807.628 Y=10603.7
Time=4364876 X=892.732 Y=10616.2
Time=4365918 X=890.948 Y=10696.2
Time=4366950 X=851.491 Y=10789.2
Time=4367946 X=824.152 Y=10777.5
Time=4368978 X=805.037 Y=10678.3
Time=4369979 X=786.496 Y=10582
Time=4371002 X=782.866 Y=10563.2
Time=4372023 X=782.866 Y=10563.2
Time=4373005 X=782.866 Y=10563.2
Time=4373999 X=782.866 Y=10563.2
Time=4375034 X=782.866 Y=10563.2
Time=4376058 X=782.866 Y=10563.2
Time=4377099 X=781.535 Y=10545.2
Time=4378141 X=588.337 Y=10799.7
Time=4379158 X=572 Y=11040
Time=4380186 X=572 Y=11040
Time=4381195 X=572 Y=11040
Time=4382226 X=572 Y=11040
Time=4383251 X=572 Y=11040
Time=4384301 X=572 Y=11040
Time=4385318 X=570.276 Y=11006.7
Time=4386246 X=431.038 Y=10679.7
Time=4387341 X=463.182 Y=10490.2
Time=4388423 X=572.78 Y=10179.5
Time=4389458 X=532.517 Y=10256.6
Time=4390472 X=352.664 Y=10600.9
Time=4391505 X=169.441 Y=10951.6
Time=4392508 X=-8.46167 Y=11292.1
Time=4393508 X=-181.724 Y=11624.4
Time=4394598 X=-548.907 Y=11782.6
Time=4395600 X=-854.376 Y=11900.3
Time=4396604 X=-1238.54 Y=11895.6
Time=4397634 X=-1617.84 Y=11820
Time=4398662 X=-1941.61 Y=11595.5
Time=4399672 X=-2259.5 Y=11375
Time=4400696 X=-2174.28 Y=11455
Time=4401717 X=-1708.59 Y=11739.9
Time=4402742 X=-1392.95 Y=11938.7
Time=4403782 X=-1031.09 Y=12105.3
Time=4404793 X=-679.322 Y=12267.2
Time=4405793 X=-506 Y=12347
Time=4406806 X=-506 Y=12347
Time=4407829 X=-653.377 Y=12265.8
Time=4408853 X=-995.78 Y=12113.2
Time=4409884 X=-1037.64 Y=12189.1
Time=4410923 X=-1290.94 Y=12029.8
Time=4411957 X=-1303.38 Y=12002.5
Time=4412975 X=-1015.13 Y=12056.1
Time=4413987 X=-1123.32 Y=12011
Time=4415016 X=-1403.92 Y=11915.7
Time=4416026 X=-1662.8 Y=11788.8
Time=4417061 X=-1967.1 Y=11577.8
Time=4418086 X=-2289.71 Y=11354
Time=4419138 X=-2620.82 Y=11124.4
Time=4420178 X=-2949.26 Y=10898.4
Time=4421229 X=-3267.92 Y=10710.4
Time=4422209 X=-3544.53 Y=10645.3
Time=4423212 X=-3779.28 Y=10746.1
Time=4424229 X=-3742.19 Y=11036.7
Time=4425240 X=-3687.91 Y=11322.7
Time=4426252 X=-3621.05 Y=11606.5
Time=4427278 X=-3546.7 Y=11892.5
Time=4428288 X=-3473.51 Y=12174
Time=4429296 X=-3400.46 Y=12454.9
Time=4430290 X=-3328.4 Y=12732.1
Time=4431316 X=-3254.05 Y=13018.1
Time=4432313 X=-3181.8 Y=13296
Time=4433324 X=-3108.53 Y=13577.8
Time=4434344 X=-3034.61 Y=13862.1
Time=4435362 X=-2960.84 Y=14145.8
Time=4436377 X=-3012.32 Y=13908.3
Time=4437392 X=-3086.82 Y=13619.2
Time=4438422 X=-3185.29 Y=13237.2
Time=4439411 X=-3279.84 Y=12870.3
Time=4440432 X=-3380.11 Y=12492.3
Time=4441457 X=-3482.52 Y=12113.3
Time=4442461 X=-3579.56 Y=11754.1
Time=4443480 X=-3656.11 Y=11470.8
Time=4444512 X=-3725.23 Y=11140.7
Time=4445450 X=-3774.39 Y=10784.5
Time=4446574 X=-3441.37 Y=10648.2
Time=4447585 X=-3093.27 Y=10805.3
Time=4448588 X=-2775.61 Y=11021.4
Time=4449626 X=-2473.12 Y=11279.4
Time=4450632 X=-2179.97 Y=11529.5
Time=4451632 X=-1890.41 Y=11780.4
Time=4452591 X=-1654.48 Y=11994.9
Time=4453656 X=-1427.53 Y=12201.2
Time=4454690 X=-1207.19 Y=12401.5
Time=4455701 X=-991.756 Y=12597.4
Time=4456709 X=-776.956 Y=12792.7
Time=4457747 X=-749.974 Y=12817.2
Time=4458761 X=-749.974 Y=12817.2
Time=4459770 X=-749.974 Y=12817.2
Time=4460773 X=-741.15 Y=12794.3
Time=4461777 X=-602.724 Y=12435.5
Time=4462808 X=-493.04 Y=12127
Time=4463839 X=-351.233 Y=11758.4
Time=4464844 X=-213.003 Y=11399.1
Time=4465841 X=-90.2405 Y=11080
Time=4466875 X=44.4024 Y=10730.1
Time=4467893 X=184.421 Y=10366.2
Time=4468918 X=325.402 Y=9999.72
Time=4469929 X=464.458 Y=9638.3
Time=4470954 X=605.439 Y=9271.87
Time=4471959 X=743.669 Y=8912.58
Time=4472985 X=884.788 Y=8545.8
Time=4474008 X=1025.49 Y=8180.08
Time=4475013 X=1071.89 Y=7949.97
Time=4476016 X=877.563 Y=7736.25
Time=4477022 X=682.652 Y=7521.88
Time=4478047 X=454.521 Y=7270.99
Time=4479053 X=195.289 Y=6985.88
Time=4480066 X=-65.7463 Y=6698.79
Time=4481101 X=-332.451 Y=6405.47
Time=4482112 X=-592.971 Y=6118.95
Time=4483120 X=-852.718 Y=5833.28
Time=4484129 X=-1112.72 Y=5547.32
Time=4485141 X=-1373.5 Y=5260.52
Time=4486169 X=-1634.92 Y=5046.79
Time=4487210 X=-1941.95 Y=4811.43
Time=4488223 X=-2264.87 Y=4602.07
Time=4489237 X=-2536.99 Y=4555.27
Time=4490217 X=-2536.99 Y=4555.27
Time=4491251 X=-2536.99 Y=4555.27
Time=4492297 X=-2536.99 Y=4555.27
Time=4493393 X=-2536.99 Y=4555.27
Time=4494425 X=-2536.99 Y=4555.27
Time=4495466 X=-2536.99 Y=4555.27
Time=4496471 X=-2536.99 Y=4555.27
Time=4497512 X=-2536.99 Y=4555.27
Time=4498545 X=-2536.99 Y=4555.27
Time=4499561 X=-2536.99 Y=4555.27
Time=4500598 X=-2536.99 Y=4555.27
Time=4501591 X=-2523.04 Y=4559.85
Time=4502620 X=-2228.21 Y=4656.68
Time=4503570 X=-1882.49 Y=4770.22
Time=4504691 X=-1952.99 Y=4768.73
Time=4505713 X=-2343.67 Y=4744.01
Time=4506742 X=-2737.04 Y=4719.12
Time=4507772 X=-3101.3 Y=4699.54
Time=4508811 X=-3459.8 Y=4686.77
Time=4509830 X=-3849.87 Y=4672.88
Time=4510861 X=-3939.12 Y=4669.7
Time=4511879 X=-3976.17 Y=4685.15
Time=4512910 X=-4172.26 Y=4773.92
Time=4513918 X=-4172.26 Y=4773.92
Time=4514959 X=-4172.26 Y=4773.92
Time=4515970 X=-4172.26 Y=4773.92
Time=4516987 X=-4172.26 Y=4773.92
Time=4517988 X=-4172.26 Y=4773.92
Time=4519011 X=-4172.26 Y=4773.92
Time=4520023 X=-4172.26 Y=4773.92
Time=4521013 X=-4172.26 Y=4773.92
Time=4522038 X=-4172.26 Y=4773.92
Time=4523086 X=-4172.26 Y=4773.92
Time=4524124 X=-4349.25 Y=4827.25
Time=4525167 X=-4349.25 Y=4827.25
Time=4526204 X=-4349.25 Y=4827.25
Time=4527236 X=-4349.25 Y=4827.25
Time=4528226 X=-4349.25 Y=4827.25
Time=4529263 X=-4349.25 Y=4827.25
Time=4530262 X=-4258.9 Y=4735.11
Time=4531259 X=-3986.88 Y=4465.54
Time=4532308 X=-3928.71 Y=4142.58
Time=4533308 X=-4197.43 Y=3866.57
Time=4534342 X=-4530.64 Y=3648.35
Time=4535344 X=-4858.56 Y=3443.4
Time=4536361 X=-5216.56 Y=3294.21
Time=4537415 X=-5523.74 Y=3204.22
Time=4538480 X=-5828.12 Y=3115.04
Time=4539500 X=-6203.06 Y=3005.2
Time=4540518 X=-6484.29 Y=3004.94
Time=4541557 X=-6834.34 Y=3193.05
Time=4542567 X=-7175.69 Y=3375.03
Time=4543533 X=-7493.4 Y=3564.52
Time=4544607 X=-7832.61 Y=3797.26
Time=4545625 X=-8153.82 Y=4018.34
Time=4546452 X=-8307.17 Y=4123.88
Time=4547760 X=-8307.17 Y=4123.88
Time=4548668 X=-8307.17 Y=4123.88
Time=4549718 X=-8307.17 Y=4123.88
Time=4550704 X=-8307.17 Y=4123.88
Time=4551716 X=-8307.17 Y=4123.88
Time=4552775 X=-8307.17 Y=4123.88
Time=4553749 X=-8331.01 Y=4113.69
Time=4554785 X=-8727.84 Y=4113.97
Time=4555836 X=-9130.42 Y=4114.24
Time=4556832 X=-9509.79 Y=4144.06
Time=4557839 X=-9570.07 Y=4152.76
Time=4558868 X=-9570.07 Y=4152.76
Time=4559880 X=-9570.07 Y=4152.76
Time=4560915 X=-9570.07 Y=4152.76
Time=4561923 X=-9570.07 Y=4152.76
Time=4562923 X=-9570.07 Y=4152.76
Time=4563956 X=-9570.07 Y=4152.76
Time=4564971 X=-9570.07 Y=4152.76
Time=4565964 X=-9570.07 Y=4152.76
Time=4567045 X=-9570.07 Y=4152.76
Time=4568045 X=-9570.07 Y=4152.76
Time=4569082 X=-9570.07 Y=4152.76
Time=4570100 X=-9659.06 Y=4142.55
Time=4571102 X=-10028.3 Y=4130.07
Time=4572099 X=-10410.2 Y=4125.8
Time=4573157 X=-10815.4 Y=4121.27
Time=4574232 X=-11227.2 Y=4116.66
Time=4575250 X=-11617.1 Y=4112.29
Time=4576247 X=-11904.2 Y=4110.3
Time=4577294 X=-12243.9 Y=4120.69
Time=4578311 X=-12632.9 Y=4104.99
Time=4579324 X=-13019.6 Y=4073.4
Time=4580354 X=-13222.5 Y=4162.47
Time=4581356 X=-13222.5 Y=4162.47
Time=4582388 X=-13222.5 Y=4162.47
Time=4583419 X=-13222.5 Y=4162.47
Time=4584443 X=-13222.5 Y=4162.47
Time=4585463 X=-13222.5 Y=4162.47
Time=4586488 X=-13222.5 Y=4162.47
Time=4587495 X=-13222.5 Y=4162.47
Time=4588555 X=-13222.5 Y=4162.47
Time=4589580 X=-13222.5 Y=4162.47
Time=4590597 X=-13222.5 Y=4162.47
Time=4591593 X=-13222.5 Y=4162.47
Time=4592604 X=-13222.5 Y=4162.47
Time=4593559 X=-13222.5 Y=4162.47
Time=4594641 X=-13222.5 Y=4162.47
Time=4595711 X=-13222.5 Y=4162.47
Time=4596688 X=-13222.5 Y=4162.47
Time=4597702 X=-13222.5 Y=4162.47
Time=4598694 X=-13222.5 Y=4162.47
Time=4599727 X=-13222.5 Y=4162.47
Time=4600735 X=-13222.5 Y=4162.47
Time=4601741 X=-13222.5 Y=4162.47
Time=4602772 X=-13222.5 Y=4162.47
Time=4603808 X=-13222.5 Y=4162.47
Time=4604833 X=-13222.5 Y=4162.47
Time=4605846 X=-13222.5 Y=4162.47
Time=4606855 X=-13222.5 Y=4162.47
Time=4607898 X=-13222.5 Y=4162.47
Time=4608905 X=-13222.5 Y=4162.47
Time=4609935 X=-13222.5 Y=4162.47
Time=4610977 X=-13222.5 Y=4162.47
Time=4612011 X=-13222.5 Y=4162.47
Time=4613050 X=-13222.5 Y=4162.47
Time=4614093 X=-13222.5 Y=4162.47
Time=4615095 X=-13156.9 Y=4155.53
Time=4616100 X=-12868.3 Y=4133.45
Time=4617091 X=-12583.7 Y=4111.69
Time=4618115 X=-12808.1 Y=4092.38
Time=4619121 X=-13193.1 Y=4108.73
Time=4620156 X=-13369.9 Y=4116.7
Time=4621193 X=-13369.9 Y=4116.7
Time=4622195 X=-13369.9 Y=4116.7
Time=4623214 X=-13369.9 Y=4116.7
Time=4624228 X=-13369.9 Y=4116.7
Time=4625248 X=-13046.5 Y=4096.54
Time=4626295 X=-12646 Y=4075.75
Time=4627312 X=-12257 Y=4055.55
Time=4628333 X=-11866.4 Y=4035.28
Time=4629344 X=-11778.8 Y=4039.76
Time=4630368 X=-12162.5 Y=4082.87
Time=4631373 X=-12472.7 Y=4117.73
Time=4632402 X=-12867.3 Y=4162.08
Time=4633430 X=-13261.6 Y=4205.74
Time=4634477 X=-13593.4 Y=4300.19
Time=4635498 X=-13783 Y=4244
Time=4636498 X=-13783 Y=4244
Time=4637498 X=-13783 Y=4244
Time=4638506 X=-13796.4 Y=4243.52
Time=4639519 X=-13472.5 Y=4212.79
Time=4640540 X=-13179.6 Y=4186.48
Time=4641536 X=-12886.7 Y=4160.17
Time=4642572 X=-12491.5 Y=4124.67
Time=4643575 X=-12108.8 Y=4090.29
Time=4644582 X=-11724.6 Y=4055.78
Time=4645588 X=-11340.8 Y=4021.3
Time=4646633 X=-10990.1 Y=3989.79
Time=4647616 X=-10731.9 Y=3993.52
Time=4648655 X=-10334 Y=3999.2
Time=4649659 X=-9970.85 Y=4004.38
Time=4650663 X=-9681.73 Y=4008.51
Time=4651666 X=-9392.89 Y=4012.63
Time=4652662 X=-9106.07 Y=4016.72
Time=4653686 X=-8811.19 Y=4020.93
Time=4654700 X=-8519.19 Y=4025.1
Time=4655697 X=-8354.18 Y=4027.45
Time=4656737 X=-8537.35 Y=4011.56
Time=4657742 X=-8920.87 Y=3978.27
Time=4658750 X=-9305.52 Y=3944.89
Time=4659766 X=-9626.08 Y=3908.04
Time=4660779 X=-9994.61 Y=3806.9
Time=4661803 X=-10375 Y=3699.98
Time=4662837 X=-10698.6 Y=3509.37
Time=4663841 X=-10873 Y=3179.63
Time=4664862 X=-10982.3 Y=2810.31
Time=4665870 X=-11035.4 Y=2395.71
Time=4666876 X=-11053.5 Y=2015.54
Time=4667906 X=-10931.7 Y=1642.44
Time=4668901 X=-10802.3 Y=1283.96
Time=4669906 X=-10671.6 Y=921.863
Time=4670928 X=-10538.7 Y=553.646
Time=4671945 X=-10406.5 Y=187.231
Time=4672948 X=-10276.1 Y=-174.14
Time=4673953 X=-10101.1 Y=-426.839
Time=4674969 X=-9852.22 Y=-580.693
Time=4675973 X=-9606.27 Y=-732.729
Time=4676990 X=-9278.71 Y=-935.208
Time=4678010 X=-8946.38 Y=-1140.64
Time=4679021 X=-8610.39 Y=-1333.49
Time=4680027 X=-8275.83 Y=-1524.67
Time=4681043 X=-7934.44 Y=-1675.45
Time=4682064 X=-7688.72 Y=-1584.53
Time=4683088 X=-7688.72 Y=-1584.53
Time=4684126 X=-7688.72 Y=-1584.53
Time=4685142 X=-7688.72 Y=-1584.53
Time=4686159 X=-7688.72 Y=-1584.53
Time=4687180 X=-7688.72 Y=-1584.53
Time=4688201 X=-7688.72 Y=-1584.53
Time=4689212 X=-7688.72 Y=-1584.53
Time=4690236 X=-7688.72 Y=-1584.53
Time=4691248 X=-7688.72 Y=-1584.53
Time=4692262 X=-7688.72 Y=-1584.53
Time=4693290 X=-7688.72 Y=-1584.53
Time=4694305 X=-7688.72 Y=-1584.53
Time=4695318 X=-7688.72 Y=-1584.53
Time=4696341 X=-7663.08 Y=-1598.88
Time=4697354 X=-7663.08 Y=-1598.88
Time=4698377 X=-7595.28 Y=-1719.45
Time=4699396 X=-7435.18 Y=-2075.43
Time=4700413 X=-7275.4 Y=-2430.7
Time=4701441 X=-7113.35 Y=-2733.57
Time=4702472 X=-7041.13 Y=-2952.23
Time=4703497 X=-7210.25 Y=-2597.91
Time=4704531 X=-7303.88 Y=-2322.19
Time=4705551 X=-7505.1 Y=-1986.95
Time=4706567 X=-7702.54 Y=-1651.59
Time=4707594 X=-7734.46 Y=-1597.37
Time=4708589 X=-8012.49 Y=-1506.07
Time=4709644 X=-8396.43 Y=-1380
Time=4710636 X=-8744.65 Y=-1255.95
Time=4711669 X=-9080.86 Y=-1059.1
Time=4712680 X=-9397.62 Y=-866.584
Time=4713689 X=-9683.87 Y=-692.612
Time=4714726 X=-10023.3 Y=-486.315
Time=4715720 X=-10215.7 Y=-279.065
Time=4716810 X=-10360.9 Y=112.394
Time=4717789 X=-10491.3 Y=463.988
Time=4718775 X=-10622.6 Y=818.096
Time=4719793 X=-10758.2 Y=1183.7
Time=4720773 X=-10888.7 Y=1535.65
Time=4721845 X=-11027.6 Y=1910.22
Time=4722826 X=-11045.4 Y=2281.08
Time=4723833 X=-11032.9 Y=2666.6
Time=4724849 X=-11020.3 Y=3055.57
Time=4725839 X=-11008 Y=3434.58
Time=4726853 X=-10997.2 Y=3770.34
Time=4727872 X=-11071.7 Y=3992.81
Time=4728891 X=-11459.9 Y=4033.15
Time=4729896 X=-11842.8 Y=4072.93
Time=4730909 X=-12228.7 Y=4113.03
Time=4731926 X=-12616.2 Y=4153.29
Time=4732957 X=-13009 Y=4194.1
Time=4733961 X=-13388.3 Y=4256.25
Time=4734970 X=-13754.5 Y=4331.08
Time=4735968 X=-14092.3 Y=4400.13
Time=4736991 X=-14476.2 Y=4478.59
Time=4737996 X=-14853.4 Y=4555.66
Time=4739020 X=-15237.7 Y=4634.2
Time=4740041 X=-15453.8 Y=4772.7
Time=4741046 X=-15534.4 Y=5149.13
Time=4742076 X=-15617 Y=5534.92
Time=4743087 X=-15698 Y=5913.6
Time=4744087 X=-15778.2 Y=6288.16
Time=4745101 X=-15859.5 Y=6667.96
Time=4746119 X=-15941.1 Y=7049.25
Time=4747115 X=-16021 Y=7422.31
Time=4748121 X=-16087.9 Y=7734.9
Time=4749201 X=-16174.4 Y=8139.42
Time=4750174 X=-16251 Y=8504.07
Time=4751195 X=-16286 Y=8893.59
Time=4752213 X=-16320.9 Y=9281.96
Time=4753233 X=-16318.1 Y=9665.33
Time=4754219 X=-16508.8 Y=9732.01
Time=4755235 X=-16437.7 Y=10065.9
Time=4756263 X=-16345.4 Y=10421.7
Time=4757284 X=-16232.9 Y=10742.6
Time=4758323 X=-15865.2 Y=10889.8
Time=4759323 X=-15502.5 Y=11012.9
Time=4760349 X=-15130.4 Y=11139.3
Time=4761356 X=-14765.1 Y=11263.3
Time=4762381 X=-14393.4 Y=11389.5
Time=4763383 X=-14029.9 Y=11512.9
Time=4764409 X=-13657.8 Y=11639.3
Time=4765420 X=-13354.1 Y=11742.4
Time=4766458 X=-13063.5 Y=11797.2
Time=4767469 X=-12841 Y=11804.6
Time=4768483 X=-12841 Y=11804.6
Time=4769490 X=-12841 Y=11804.6
Time=4770497 X=-12841 Y=11804.6
Time=4771504 X=-12841 Y=11804.6
Time=4772529 X=-12841 Y=11804.6
Time=4773556 X=-12841 Y=11804.6
Time=4774587 X=-12841 Y=11804.6
Time=4775624 X=-12841 Y=11804.6
Time=4776633 X=-12841 Y=11804.6
Time=4777658 X=-12841 Y=11804.6
Time=4778659 X=-12899.4 Y=11896.8
Time=4779691 X=-12569.5 Y=11907.8
Time=4780714 X=-12177.9 Y=11920.8
Time=4781714 X=-11794.8 Y=11933.6
Time=4782731 X=-11405.5 Y=11946.6
Time=4783741 X=-11018.8 Y=11959.5
Time=4784764 X=-10627.2 Y=11972.5
Time=4785778 X=-10239 Y=11985.4
Time=4786783 X=-9854.23 Y=11998.3
Time=4787810 X=-9577.18 Y=12043.1
Time=4788822 X=-9293.81 Y=12130.9
Time=4789843 X=-8920.27 Y=12246.8
Time=4790847 X=-8552.95 Y=12360.7
Time=4791861 X=-8181.97 Y=12475.7
Time=4792870 X=-7812.82 Y=12590.1
Time=4793867 X=-7462.32 Y=12712.9
Time=4794884 X=-7143.95 Y=12811.8
Time=4795892 X=-6762.14 Y=12869.2
Time=4796898 X=-6612.52 Y=12891.7
Time=4797906 X=-6612.52 Y=12891.7
Time=4798955 X=-6612.52 Y=12891.7
Time=4799955 X=-6612.52 Y=12891.7
Time=4800956 X=-6612.52 Y=12891.7
Time=4801961 X=-6612.52 Y=12891.7
Time=4802967 X=-6612.52 Y=12891.7
Time=4803890 X=-6612.52 Y=12891.7
Time=4805008 X=-6612.52 Y=12891.7
Time=4805980 X=-6612.52 Y=12891.7
Time=4806989 X=-6612.52 Y=12891.7
Time=4807993 X=-6612.52 Y=12891.7
Time=4808992 X=-6612.52 Y=12891.7
Time=4810035 X=-6612.52 Y=12891.7
Time=4811026 X=-6612.52 Y=12891.7
Time=4812043 X=-6612.52 Y=12891.7
Time=4813063 X=-6580.9 Y=12897.1
Time=4814094 X=-6325.65 Y=13048.8
Time=4815106 X=-6075.11 Y=13197.7
Time=4816110 X=-5826.54 Y=13345.5
Time=4817105 X=-5548.68 Y=13510.6
Time=4818126 X=-5785.78 Y=13381.3
Time=4819144 X=-6128.17 Y=13194.8
Time=4820170 X=-6474.78 Y=13005.9
Time=4821175 X=-6564.92 Y=12956.8
Time=4822199 X=-6564.92 Y=12956.8
Time=4823241 X=-6444.48 Y=12621
Time=4824257 X=-6087.24 Y=12782.6
Time=4825283 X=-5788.45 Y=12917.8
Time=4826284 X=-5525.79 Y=13036.6
Time=4827310 X=-5192.84 Y=13187.2
Time=4828314 X=-4842.45 Y=13345.7
Time=4829322 X=-4490.67 Y=13504.9
Time=4830353 X=-4130.87 Y=13667.6
Time=4831350 X=-3782.92 Y=13825
Time=4832363 X=-3429.4 Y=13985
Time=4833374 X=-3076.57 Y=14144.6
Time=4834387 X=-2998.92 Y=13937
Time=4835397 X=-2998.59 Y=13605.4
Time=4836419 X=-2998.19 Y=13213.9
Time=4837416 X=-2997.81 Y=12832
Time=4838436 X=-2997.81 Y=12825.8
Time=4839455 X=-3171.95 Y=12807.4
Time=4840485 X=-3436.85 Y=12703.4
Time=4841492 X=-3427.39 Y=12350.4
Time=4842520 X=-3424.25 Y=12329.7
Time=4843514 X=-3591.3 Y=12354.8
Time=4844564 X=-3573.15 Y=12023.8
Time=4845587 X=-3560.49 Y=11768.7
Time=4846603 X=-3795.23 Y=11548.4
Time=4847642 X=-3913.38 Y=11212.1
Time=4848655 X=-3780.15 Y=10847.7
Time=4849674 X=-3622.47 Y=10552.6
Time=4850688 X=-3350.39 Y=10665.5
Time=4851702 X=-2993.28 Y=10785.1
Time=4852702 X=-2702.47 Y=10974
Time=4853719 X=-2393.37 Y=11211
Time=4854747 X=-2080.93 Y=11450.7
Time=4855769 X=-1786.53 Y=11708
Time=4856772 X=-1536.51 Y=11919.6
Time=4857784 X=-1467.47 Y=11924.1
Time=4858783 X=-1181.63 Y=12178.5
Time=4859793 X=-892.651 Y=12435.7
Time=4860804 X=-638.535 Y=12661.9
Time=4861828 X=-691.94 Y=12283.7
Time=4862852 X=-750.835 Y=11895.9
Time=4864002 X=-764.692 Y=11804.7
Time=4865020 X=-435.289 Y=11600.9
Time=4866034 X=-218.725 Y=11343.3
Time=4867060 X=-8.31548 Y=11011.5
Time=4868077 X=193.563 Y=10678.3
Time=4869066 X=331.412 Y=10326
Time=4870100 X=466.666 Y=9953.74
Time=4871116 X=572.535 Y=9579.33
Time=4872128 X=675.082 Y=9205.51
Time=4873137 X=746.934 Y=8874.44
Time=4874162 X=641.789 Y=8542.16
Time=4875179 X=532.12 Y=8195.59
Time=4876176 X=416.906 Y=7831.49
Time=4877192 X=299.496 Y=7460.46
Time=4878197 X=183.357 Y=7093.44
Time=4879228 X=64.214 Y=6716.93
Time=4880246 X=-159.531 Y=6407.18
Time=4881251 X=-462.892 Y=6170.2
Time=4882267 X=-792.375 Y=5964.53
Time=4883280 X=-1068.93 Y=5793.08
Time=4884293 X=-1403.61 Y=5597.06
Time=4885313 X=-1670.81 Y=5355.16
Time=4886333 X=-2007.18 Y=5157.88
Time=4887360 X=-2320.61 Y=4921.46
Time=4888368 X=-2608.71 Y=4664.42
Time=4889366 X=-2893.71 Y=4409.64
Time=4890392 X=-3186.64 Y=4147.65
Time=4891386 X=-3470.44 Y=3893.83
Time=4892413 X=-3668.5 Y=3631.84
Time=4893426 X=-3913.6 Y=3402.77
Time=4894436 X=-4274.56 Y=3264.81
Time=4895444 X=-4658.22 Y=3224.92
Time=4896448 X=-5041.43 Y=3192.63
Time=4897457 X=-5368.8 Y=3165.25
Time=4898478 X=-5758.52 Y=3132.67
Time=4899490 X=-6144.81 Y=3100.37
Time=4900488 X=-6525.76 Y=3068.52
Time=4901507 X=-6907.2 Y=3143.4
Time=4902508 X=-7279.74 Y=3234.05
Time=4903536 X=-7660.86 Y=3333.02
Time=4904555 X=-8005.82 Y=3513.55
Time=4905575 X=-8299.94 Y=3710.6
Time=4906576 X=-8598.57 Y=3897.06
Time=4907590 X=-8946.34 Y=4072.23
Time=4908592 X=-9326.06 Y=4143.1
Time=4909586 X=-9708.99 Y=4156.51
Time=4910599 X=-9721.44 Y=4008.63
Time=4911616 X=-9658.07 Y=3898.59
Time=4912628 X=-9635.55 Y=3906.55
Time=4913652 X=-9635.55 Y=3906.55
Time=4914671 X=-9756 Y=3898.39
Time=4915684 X=-10138.9 Y=3950.67
Time=4916679 X=-10518.6 Y=3926.91
Time=4917680 X=-10884.3 Y=3812.75
Time=4918684 X=-11167.6 Y=3562.33
Time=4919697 X=-11354.7 Y=3225.69
Time=4920729 X=-11302.2 Y=2836
Time=4921752 X=-11220.2 Y=2452.84
Time=4922749 X=-11143.5 Y=2111.79
Time=4923966 X=-11037.6 Y=1679.03
Time=4924984 X=-10924.5 Y=1305.94
Time=4925995 X=-10720.2 Y=979.179
Time=4927006 X=-10495.2 Y=663.979
Time=4928026 X=-10267 Y=346.836
Time=4929052 X=-10034.9 Y=29.7641
Time=4930075 X=-9764.52 Y=-253.047
Time=4931084 X=-9600 Y=-502.601
Time=4932091 X=-9441.84 Y=-734.163
Time=4933105 X=-9153.34 Y=-993.934
Time=4934114 X=-8853.78 Y=-1237.4
Time=4935136 X=-8528.6 Y=-1455.35
Time=4936139 X=-8188.24 Y=-1631.4
Time=4937136 X=-7834.67 Y=-1775.71
Time=4938137 X=-7487.92 Y=-1937.67
Time=4939172 X=-7290.42 Y=-2126.02
Time=4940177 X=-7103.28 Y=-2209.44
Time=4941202 X=-6932.22 Y=-2551.56
Time=4942206 X=-6687.71 Y=-2845.12
Time=4943209 X=-6432.91 Y=-3132.66
Time=4944232 X=-6427.32 Y=-3138.97
Time=4945261 X=-6469.77 Y=-3194.08
Time=4946257 X=-6551.97 Y=-3282.94
Time=4947261 X=-6616.32 Y=-3619.88
Time=4948293 X=-6550.8 Y=-3989.33
Time=4949295 X=-6406.24 Y=-4335.1
Time=4950269 X=-6386.27 Y=-4640.73
Time=4951316 X=-6271.34 Y=-5024.95
Time=4952318 X=-6161.35 Y=-5392.66
Time=4953332 X=-5987.32 Y=-5461.73
Time=4954341 X=-5955.52 Y=-5572.33
Time=4955367 X=-5842.89 Y=-5948.85
Time=4956371 X=-5622.88 Y=-5740.61
Time=4957392 X=-5417.05 Y=-5550.42
Time=4958406 X=-5358.92 Y=-5724.87
Time=4959426 X=-5103.25 Y=-5622.08
Time=4960447 X=-4858.77 Y=-5316.83
Time=4961449 X=-4618.83 Y=-5017.27
Time=4962470 X=-4404.05 Y=-4749.12
Time=4963484 X=-4161.24 Y=-4445.97
Time=4964503 X=-3917.23 Y=-4141.32
Time=4965511 X=-3675.86 Y=-3839.97
Time=4966529 X=-3432.09 Y=-3535.62
Time=4967543 X=-3189.28 Y=-3232.47
Time=4968577 X=-3168 Y=-3170.27
Time=4969599 X=-3168 Y=-3168
Time=4970611 X=-3123.22 Y=-3078.45
Time=4971641 X=-3025.59 Y=-2862.36
Time=4972649 X=-3111.91 Y=-2486.03
Time=4973666 X=-3198.99 Y=-2106.33
Time=4974656 X=-3283.76 Y=-1736.72
Time=4975657 X=-3289.61 Y=-1573.21
Time=4976659 X=-3133.4 Y=-1620.79
Time=4977755 X=-2714.83 Y=-1588.48
Time=4978735 X=-2341.63 Y=-1548.73
Time=4979802 X=-1976.97 Y=-1487.82
Time=4980806 X=-1612.98 Y=-1364.79
Time=4981827 X=-1251.23 Y=-1216.48
Time=4982834 X=-898.331 Y=-1060.83
Time=4983855 X=-542.689 Y=-898.164
Time=4984882 X=-198.348 Y=-708.322
Time=4985898 X=138.013 Y=-512.583
Time=4986920 X=476.36 Y=-315.689
Time=4987954 X=808.166 Y=-122.601
Time=4988958 X=1132.54 Y=83.8187
Time=4989993 X=1463.96 Y=301.374
Time=4991024 X=1782.34 Y=534.882
Time=4992036 X=2091.85 Y=768.245
Time=4993056 X=2444.28 Y=795.217
Time=4994086 X=2811.74 Y=831.231
Time=4995148 X=3173.17 Y=1017.91
Time=4996163 X=3465.6 Y=1168.95
Time=4997190 X=3817.65 Y=1351.01
Time=4998214 X=4168.48 Y=1532.89
Time=4999216 X=4521.68 Y=1690.11
Time=5000236 X=4833.58 Y=1925.1
Time=5001256 X=4945.66 Y=2297.59
Time=5002270 X=5034.84 Y=2675.59
Time=5003280 X=5315.27 Y=2940.63
Time=5004308 X=5622.72 Y=3152.83
Time=5005326 X=5819.54 Y=3369.07
Time=5006359 X=5991.91 Y=3611.55
Time=5007368 X=6157.32 Y=3850.45
Time=5008401 X=6318.52 Y=4100.44
Time=5009403 X=6470.7 Y=4345.63
Time=5010438 X=6614.33 Y=4606.53
Time=5011507 X=6668.76 Y=4811.74
Time=5012502 X=6444.34 Y=4989.93
Time=5013527 X=6536.5 Y=5249.26
Time=5014535 X=6659.99 Y=5511.99
Time=5015548 X=6784.09 Y=5776.02
Time=5016559 X=6927.15 Y=6080.39
Time=5017586 X=7094.49 Y=6436.4
Time=5018596 X=7259.06 Y=6786.52
Time=5019611 X=7232.01 Y=6969.58
Time=5020617 X=6903.8 Y=7171.48
Time=5021642 X=6948.36 Y=7531.05
Time=5022646 X=7024.41 Y=7908.03
Time=5023663 X=7033.58 Y=7953.46
Time=5024671 X=7033.58 Y=7953.46
Time=5025682 X=6988.46 Y=7978.14
Time=5026702 X=6645.68 Y=8165.63
Time=5027729 X=6300.55 Y=8354.41
Time=5028732 X=5963.49 Y=8538.78
Time=5029759 X=5618.37 Y=8727.55
Time=5030768 X=5291.82 Y=8906.17
Time=5031774 X=5268.53 Y=8897.24
Time=5032796 X=4943.02 Y=8796.57
Time=5033806 X=4573.2 Y=8832.16
Time=5034814 X=4319.47 Y=8970.36
Time=5035822 X=3944.28 Y=8976.78
Time=5036850 X=3557.29 Y=8905.28
Time=5037887 X=3179.64 Y=8788.64
Time=5038901 X=2854.13 Y=8576.81
Time=5039919 X=2527.58 Y=8363.73
Time=5040951 X=2188.77 Y=8160.19
Time=5041968 X=1834.73 Y=7998.61
Time=5042997 X=1544.31 Y=8064.81
Time=5043954 X=1284.51 Y=8294.97
Time=5045043 X=972.27 Y=8571.56
Time=5046029 X=689.566 Y=8822
Time=5047047 X=422.467 Y=9058.61
Time=5048069 X=417.265 Y=9113.66
Time=5049095 X=383.508 Y=9501.86
Time=5050121 X=354.195 Y=9893.76
Time=5051130 X=329.467 Y=10279.4
Time=5052145 X=259.673 Y=10598
Time=5053171 X=96.0075 Y=10954.9
Time=5054165 X=-79.92 Y=11292.3
Time=5055207 X=-341.783 Y=11589.7
Time=5056203 X=-617.788 Y=11851.9
Time=5057210 X=-946.568 Y=12042.1
Time=5058207 X=-1325.44 Y=12050.2
Time=5059215 X=-1695.81 Y=11946.4
Time=5060242 X=-2021.39 Y=11795.5
Time=5061240 X=-2317.65 Y=11604.9
Time=5062258 X=-2552.98 Y=11296.5
Time=5063284 X=-2801.35 Y=10992.7
Time=5064284 X=-3057.94 Y=10708.7
Time=5065318 X=-3426.51 Y=10587.5
Time=5066325 X=-3808.67 Y=10536.5
Time=5067299 X=-4159.91 Y=10639.5
Time=5068301 X=-4333.98 Y=10963
Time=5069401 X=-4146.06 Y=11309.6
Time=5070367 X=-4043.08 Y=11566.8
Time=5071386 X=-3918.04 Y=11909.8
Time=5072398 X=-3805.13 Y=12197.9
Time=5073406 X=-3765.01 Y=12581.9
Time=5074438 X=-3723.9 Y=12975.4
Time=5075447 X=-3886.4 Y=13296.1
Time=5076441 X=-4188.95 Y=13527.3
Time=5077479 X=-4504.9 Y=13768.6
Time=5078469 X=-4806.23 Y=13998.8
Time=5079488 X=-5066.24 Y=14197.5
Time=5080490 X=-5371.23 Y=14430.5
Time=5081508 X=-5681.08 Y=14667.2
Time=5082521 X=-5989.42 Y=14902.8
Time=5083541 X=-6299.88 Y=15140
Time=5084536 X=-6602.74 Y=15371.3
Time=5085600 X=-6926.6 Y=15618.8
Time=5086621 X=-7237.37 Y=15856.2
Time=5087659 X=-7491.32 Y=15920.1
Time=5088691 X=-7886.47 Y=15930.8
Time=5089722 X=-8281.24 Y=15941.4
Time=5090753 X=-8676.01 Y=15952.1
Time=5091766 X=-9063.89 Y=15962.6
Time=5092799 X=-9459.43 Y=15973.2
Time=5093801 X=-9843.09 Y=15983.6
Time=5094829 X=-10236.7 Y=15994.2
Time=5095857 X=-10587.2 Y=16003.7
Time=5096856 X=-10951.1 Y=16013.5
Time=5097873 X=-11340.5 Y=16024
Time=5098875 X=-11724.2 Y=16034.4
Time=5099897 X=-12021.3 Y=15984.7
Time=5100926 X=-12406.1 Y=15899.2
Time=5101950 X=-12789 Y=15814.1
Time=5102956 X=-13165.1 Y=15730.5
Time=5103978 X=-13547.3 Y=15645.5
Time=5104984 X=-13871 Y=15573.6
Time=5106009 X=-14254.3 Y=15488.4
Time=5107037 X=-14624.2 Y=15357.9
Time=5108037 X=-14975.2 Y=15204.4
Time=5109070 X=-15337.7 Y=15045.8
Time=5110100 X=-15699.1 Y=14887.6
Time=5111105 X=-16051.8 Y=14733.3
Time=5112130 X=-16411.5 Y=14576
Time=5113157 X=-16701 Y=14449.3
Time=5114165 X=-16452.7 Y=14543.6
Time=5115172 X=-16187.7 Y=14661.4
Time=5116190 X=-15838.4 Y=14816.6
Time=5117188 X=-15487.9 Y=14972.4
Time=5118214 X=-15126.1 Y=15133.3
Time=5119249 X=-14761.1 Y=15295.5
Time=5120269 X=-14401.4 Y=15455.4
Time=5121269 X=-14027.9 Y=15542
Time=5122291 X=-13646.5 Y=15630.2
Time=5123292 X=-13272.9 Y=15716.6
Time=5124309 X=-12893.4 Y=15804.3
Time=5125337 X=-12562.9 Y=15880.7
Time=5126354 X=-12183.5 Y=15968.4
Time=5127360 X=-11880 Y=16038.6
Time=5128311 X=-11541 Y=16008.4
Time=5129329 X=-11148.2 Y=16001.2
Time=5130363 X=-10749.3 Y=15993.9
Time=5131679 X=-10241.5 Y=15984.7
Time=5132577 X=-9894.98 Y=15978.3
Time=5133560 X=-9528.39 Y=15971.6
Time=5134596 X=-9164.03 Y=15964.9
Time=5135586 X=-8784.88 Y=15958
Time=5136590 X=-8400.38 Y=15951
Time=5137627 X=-8003.23 Y=15943.7
Time=5138623 X=-7621.79 Y=15936.7
Time=5139642 X=-7323.47 Y=15890.3
Time=5140661 X=-7236.75 Y=15509.7
Time=5141672 X=-7192.62 Y=15316
Time=5142696 X=-7192.62 Y=15316
Time=5143717 X=-7192.62 Y=15316
Time=5144757 X=-7192.62 Y=15316
Time=5145746 X=-7192.62 Y=15316
Time=5146759 X=-7192.62 Y=15316
Time=5147761 X=-7192.62 Y=15316
Time=5148767 X=-7192.62 Y=15316
Time=5149800 X=-7192.62 Y=15316
Time=5150829 X=-7192.62 Y=15316
Time=5151857 X=-7192.62 Y=15316
Time=5152873 X=-7192.62 Y=15316
Time=5153895 X=-7192.62 Y=15316
Time=5154900 X=-7192.62 Y=15316
Time=5155923 X=-7192.62 Y=15316
Time=5156933 X=-7208 Y=15327
Time=5157961 X=-7216.61 Y=15328
Time=5158968 X=-7216.61 Y=15328
Time=5159975 X=-7218.21 Y=15339.3
Time=5160988 X=-7272.22 Y=15723.6
Time=5162004 X=-7319.77 Y=16061.9
Time=5163016 X=-7232.72 Y=15697.8
Time=5164031 X=-7151.82 Y=15338.8
Time=5165162 X=-7137.88 Y=15276.9
Time=5166167 X=-7137.88 Y=15276.9
Time=5167174 X=-7137.88 Y=15276.9
Time=5168205 X=-7134.46 Y=15274.5
Time=5169215 X=-7066.47 Y=15159.5
Time=5170248 X=-6748.93 Y=15066.9
Time=5171268 X=-6802.28 Y=15173.2
Time=5172264 X=-6791.02 Y=15510.8
Time=5173293 X=-7000.14 Y=15807.9
Time=5174284 X=-7367.21 Y=15903.9
Time=5175312 X=-7749.52 Y=15998.2
Time=5176307 X=-8119.56 Y=16089.5
Time=5177387 X=-8521.57 Y=16186.9
Time=5178381 X=-8896.85 Y=16250.6
Time=5179381 X=-9279.25 Y=16271.6
Time=5180385 X=-9599 Y=16224.9
Time=5181395 X=-9972.53 Y=16136.6
Time=5182400 X=-10350.8 Y=16066.8
Time=5183416 X=-10736 Y=16011.2
Time=5184436 X=-11122.6 Y=15955.2
Time=5185472 X=-11515.4 Y=15898.5
Time=5186477 X=-11896.9 Y=15847.8
Time=5187498 X=-12286.9 Y=15818.7
Time=5188510 X=-12664.6 Y=15793.6
Time=5189518 X=-13008.5 Y=15772.6
Time=5190473 X=-13369.4 Y=15717.3
Time=5191578 X=-13782.5 Y=15624.9
Time=5192586 X=-14159.3 Y=15540.5
Time=5193596 X=-14535.8 Y=15451.9
Time=5194609 X=-14904 Y=15332.2
Time=5195647 X=-15271.9 Y=15181.4
Time=5196665 X=-15602.7 Y=14978.5
Time=5197692 X=-15884.2 Y=14737.8
Time=5198698 X=-16123.3 Y=14440
Time=5199712 X=-16281.5 Y=14087.1
Time=5200734 X=-16331.7 Y=13699.3
Time=5201775 X=-16373.3 Y=13302.8
Time=5202777 X=-16413.5 Y=12921
Time=5203794 X=-16457.4 Y=12534.1
Time=5204827 X=-16577.6 Y=12157.1
Time=5205829 X=-16676.8 Y=11849.3
Time=5206840 X=-16794.7 Y=11483.7
Time=5207867 X=-16915.4 Y=11109.3
Time=5208879 X=-16989 Y=10731.5
Time=5209901 X=-16983.1 Y=10340.1
Time=5210918 X=-16968.3 Y=9951.04
Time=5211927 X=-16901.2 Y=9570.46
Time=5212945 X=-16831.7 Y=9186.75
Time=5213946 X=-16764.1 Y=8815.42
Time=5214961 X=-16711.4 Y=8497.8
Time=5215951 X=-16651.6 Y=8123.33
Time=5216980 X=-16590.8 Y=7733.91
Time=5218008 X=-16530 Y=7344.86
Time=5219023 X=-16470 Y=6960.73
Time=5220036 X=-16410.2 Y=6577.36
Time=5221045 X=-16350.5 Y=6195.51
Time=5222070 X=-16289.9 Y=5807.59
Time=5223085 X=-16235.7 Y=5460.75
Time=5224091 X=-16191 Y=5174.49
Time=5225104 X=-16146 Y=4886.24
Time=5226123 X=-16099.8 Y=4590.65
Time=5227151 X=-16039 Y=4201.6
Time=5228175 X=-15978.5 Y=3814.07
Time=5229194 X=-15918.3 Y=3428.43
Time=5230203 X=-15927.3 Y=3103.97
Time=5231224 X=-16023.4 Y=2751.88
Time=5232232 X=-16090.8 Y=2373.5
Time=5233220 X=-16075.8 Y=1999.33
Time=5234227 X=-16032 Y=1644.47
Time=5235313 X=-15968.5 Y=1298.59
Time=5236279 X=-15766.2 Y=994.544
Time=5237281 X=-15527.8 Y=694.161
Time=5238289 X=-15306.3 Y=377.945
Time=5239301 X=-15078.5 Y=64.6215
Time=5240313 X=-14830.4 Y=-233.176
Time=5241309 X=-14597.7 Y=-534.601
Time=5242333 X=-14397.1 Y=-871.679
Time=5243340 X=-14239.2 Y=-1165
Time=5244344 X=-14169.4 Y=-1442.77
Time=5245358 X=-14215.8 Y=-1728.5
Time=5246363 X=-14289.9 Y=-2015.16
Time=5247387 X=-14388.2 Y=-2394.89
Time=5248398 X=-14485.2 Y=-2769.8
Time=5249390 X=-14657 Y=-3089.2
Time=5250421 X=-14815.4 Y=-3438.79
Time=5251442 X=-14911.1 Y=-3817.94
Time=5252465 X=-14941.2 Y=-4208.43
Time=5253480 X=-14963.4 Y=-4596.59
Time=5254494 X=-14982.6 Y=-4964.81
Time=5255530 X=-15000.5 Y=-5308.52
Time=5256577 X=-14848.9 Y=-5452.62
Time=5257589 X=-14469.2 Y=-5374.43
Time=5258634 X=-14077.1 Y=-5293.68
Time=5259650 X=-13696 Y=-5215.18
Time=5260666 X=-13409 Y=-5153.72
Time=5261701 X=-13442.3 Y=-5158.71
Time=5262715 X=-13462.5 Y=-5546.59
Time=5263761 X=-13284.6 Y=-5613.15
Time=5264799 X=-13105.7 Y=-5674.89
Time=5265816 X=-12867 Y=-5619.9
Time=5266814 X=-12559.8 Y=-5538.69
Time=5267846 X=-12373.2 Y=-5678.35
Time=5268856 X=-12093.6 Y=-5650.22
Time=5269841 X=-11731.3 Y=-5545.06
Time=5270860 X=-11356.4 Y=-5436.27
Time=5271883 X=-10980.1 Y=-5327.05
Time=5272905 X=-10604.1 Y=-5217.94
Time=5273950 X=-10219.7 Y=-5106.37
Time=5274996 X=-9980.34 Y=-5078.73
Time=5276001 X=-9734.07 Y=-5229.72
Time=5277008 X=-9350.58 Y=-5271.2
Time=5278047 X=-8954.29 Y=-5306.56
Time=5279069 X=-8632.43 Y=-5318.8
Time=5280087 X=-8632.43 Y=-5318.8
Time=5281091 X=-8632.43 Y=-5318.8
Time=5282104 X=-8632.43 Y=-5318.8
Time=5283129 X=-8632.43 Y=-5318.8
Time=5284146 X=-8556.83 Y=-5092.1
Time=5285184 X=-8249.21 Y=-4850.28
Time=5286134 X=-7941.62 Y=-4655.9
Time=5287185 X=-7594.74 Y=-4451.92
Time=5288255 X=-7265.84 Y=-4301.71
Time=5289267 X=-6919.43 Y=-4161.69
Time=5290260 X=-6555.73 Y=-4054.31
Time=5291261 X=-6172.83 Y=-4071.57
Time=5292300 X=-5817.35 Y=-4047.09
Time=5293344 X=-5462.52 Y=-4109.28
Time=5294364 X=-5078.68 Y=-4070.15
Time=5295389 X=-4774.07 Y=-3926.9
Time=5296425 X=-4421.75 Y=-3744.31
Time=5297444 X=-4132.58 Y=-3594.44
Time=5298461 X=-3786.72 Y=-3415.2
Time=5299467 X=-3444.6 Y=-3237.89
Time=5300471 X=-3118.42 Y=-3068.84
Time=5301475 X=-3136.56 Y=-2837.65
Time=5302483 X=-3192.92 Y=-2455.68
Time=5303514 X=-3250.56 Y=-2065
Time=5304526 X=-3307.14 Y=-1681.51
Time=5305556 X=-3289.67 Y=-1573.18
Time=5306569 X=-3287.01 Y=-1574.54
Time=5307588 X=-3264.14 Y=-1586.19
Time=5308623 X=-3003.14 Y=-1848.3
Time=5309621 X=-2847.34 Y=-2180.49
Time=5310671 X=-2973.79 Y=-2555.96
Time=5311674 X=-3131.34 Y=-2902.29
Time=5312714 X=-3282.45 Y=-3231.52
Time=5313736 X=-3445.74 Y=-3587.3
Time=5314796 X=-3615.1 Y=-3956.31
Time=5315807 X=-3776.63 Y=-4308.27
Time=5316855 X=-3947.45 Y=-4671.47
Time=5317868 X=-4133.88 Y=-5011.77
Time=5318910 X=-4363.75 Y=-5336.4
Time=5319931 X=-4613.78 Y=-5636.92
Time=5320977 X=-4843.54 Y=-5880.7
Time=5321973 X=-5105.21 Y=-6158.33
Time=5322989 X=-5378.92 Y=-6412.46
Time=5324008 X=-5592.29 Y=-6739.21
Time=5325049 X=-5733.91 Y=-7111.53
Time=5326061 X=-5831.55 Y=-7486.28
Time=5327089 X=-6132.67 Y=-7738.14
Time=5328129 X=-6445.69 Y=-7984.54
Time=5329164 X=-6757.85 Y=-8228.92
Time=5330207 X=-7072.43 Y=-8475.19
Time=5331215 X=-7408.09 Y=-8658.29
Time=5332235 X=-7773 Y=-8797.89
Time=5333275 X=-8145.97 Y=-8937.85
Time=5334273 X=-8518.66 Y=-9006.52
Time=5335310 X=-8882.93 Y=-8981
Time=5336322 X=-9223.94 Y=-8934.18
Time=5337343 X=-9611.38 Y=-8880.97
Time=5338329 X=-9985.55 Y=-8829.6
Time=5339371 X=-10381 Y=-8775.3
Time=5340408 X=-10774.5 Y=-8721.26
Time=5341409 X=-11154.3 Y=-8669.1
Time=5342435 X=-11539.5 Y=-8594.77
Time=5343446 X=-11913.6 Y=-8494.42
Time=5344470 X=-12226.8 Y=-8410.36
Time=5345503 X=-12602.6 Y=-8309.35
Time=5346517 X=-12956.9 Y=-8152.11
Time=5347514 X=-13299.1 Y=-7982.77
Time=5348530 X=-13660.2 Y=-7837.74
Time=5349543 X=-14032.2 Y=-7727.97
Time=5350564 X=-14410.3 Y=-7627.8
Time=5351580 X=-14786.6 Y=-7528.75
Time=5352576 X=-15149.8 Y=-7433.17
Time=5353690 X=-15465.5 Y=-7384.2
Time=5354666 X=-15739.9 Y=-7429.18
Time=5355699 X=-15989.3 Y=-7582.43
Time=5356751 X=-16205 Y=-7900.5
Time=5357817 X=-16265.2 Y=-8303.99
Time=5358836 X=-16241.7 Y=-8692.49
Time=5359814 X=-16165.5 Y=-9055.93
Time=5360877 X=-15996.7 Y=-9426.4
Time=5361919 X=-15809.3 Y=-9778.78
Time=5362928 X=-15636.3 Y=-10124.2
Time=5363932 X=-15484 Y=-10468.9
Time=5364929 X=-15364.4 Y=-10739.8
Time=5365965 X=-15249.3 Y=-11085.5
Time=5366978 X=-15180.3 Y=-11462.2
Time=5367999 X=-15178.5 Y=-11853.3
Time=5368990 X=-15222.1 Y=-12228.7
Time=5370017 X=-15425.6 Y=-12565.2
Time=5371037 X=-15700.8 Y=-12840.3
Time=5372067 X=-15992.9 Y=-13105.5
Time=5373083 X=-16263.7 Y=-13351.4
Time=5374115 X=-16480.6 Y=-13554.5
Time=5375136 X=-16680.3 Y=-13770.3
Time=5376163 X=-16858 Y=-14025.4
Time=5377193 X=-17049.2 Y=-14370.4
Time=5378206 X=-17202.3 Y=-14726.7
Time=5379231 X=-17223.8 Y=-15060.7
Time=5380258 X=-17078.4 Y=-15314.4
Time=5381268 X=-17064.3 Y=-15701
Time=5382304 X=-17081.7 Y=-16072.1
Time=5383302 X=-17068.6 Y=-16454.2
Time=5384306 X=-17055.6 Y=-16809.8
Time=5385325 X=-17049.1 Y=-17139.1
Time=5386353 X=-17152.6 Y=-17518.5
Time=5387360 X=-17255.6 Y=-17890.2
Time=5388354 X=-17355.4 Y=-18257.7
Time=5389408 X=-17117.2 Y=-18536.8
Time=5390412 X=-16957.4 Y=-18388.8
Time=5391408 X=-16829 Y=-18029.5
Time=5392412 X=-16699.5 Y=-17667.4
Time=5393446 X=-16600.1 Y=-18004.4
Time=5394470 X=-16289.5 Y=-18197.1
Time=5395500 X=-15898.9 Y=-18209.4
Time=5396528 X=-15507.4 Y=-18236.8
Time=5397549 X=-15121 Y=-18296.7
Time=5398574 X=-14749 Y=-18401.5
Time=5399607 X=-14739.1 Y=-18417.1
Time=5400611 X=-14557 Y=-18506.9
Time=5401613 X=-14181.9 Y=-18514.8
Time=5402657 X=-13843 Y=-18462.9
Time=5403718 X=-13446.1 Y=-18375.6
Time=5404709 X=-13075.5 Y=-18293.3
Time=5405757 X=-12683.6 Y=-18206.1
Time=5406798 X=-12294.4 Y=-18119.5
Time=5407822 X=-11911.6 Y=-18034.3
Time=5408880 X=-11509.2 Y=-18003.9
Time=5409877 X=-11127.8 Y=-18021.2
Time=5410916 X=-10796.8 Y=-18045
Time=5411931 X=-10525.2 Y=-18178.8
Time=5412939 X=-10238.2 Y=-18352.9
Time=5413959 X=-9881.06 Y=-18446.3
Time=5415008 X=-9481.46 Y=-18469
Time=5416021 X=-9100.24 Y=-18427.4
Time=5417067 X=-8720.79 Y=-18300.1
Time=5418086 X=-8362.66 Y=-18145
Time=5419122 X=-8053.51 Y=-17916.3
Time=5420162 X=-7805.15 Y=-17661.3
Time=5421173 X=-7537.52 Y=-17381.4
Time=5422209 X=-7263.28 Y=-17094.6
Time=5423221 X=-6983.57 Y=-16826.7
Time=5424237 X=-6671.49 Y=-16594.8
Time=5425247 X=-6342.95 Y=-16390.6
Time=5426284 X=-5971.81 Y=-16249.8
Time=5427292 X=-5612.44 Y=-16109.9
Time=5428320 X=-5310.37 Y=-15972.7
Time=5429312 X=-4945.26 Y=-15868.8
Time=5430347 X=-4556.26 Y=-15792.7
Time=5431358 X=-4175.65 Y=-15721.3
Time=5432352 X=-3800.2 Y=-15670.1
Time=5433374 X=-3431.93 Y=-15790.7
Time=5434403 X=-3172.69 Y=-16086
Time=5435406 X=-2829.79 Y=-16245.7
Time=5436449 X=-2455.21 Y=-16202
Time=5437501 X=-2098.59 Y=-16035.6
Time=5438532 X=-1807.46 Y=-15769.7
Time=5439548 X=-1560.37 Y=-15470.1
Time=5440573 X=-1335.8 Y=-15170.7
Time=5441625 X=-1367.07 Y=-14929.9
Time=5442630 X=-1367.07 Y=-14929.9
Time=5443684 X=-1367.07 Y=-14929.9
Time=5444701 X=-1367.07 Y=-14929.9
Time=5445705 X=-989.504 Y=-14857.1
Time=5446701 X=-617.004 Y=-14774.6
Time=5447718 X=-248.895 Y=-14650.5
Time=5448706 X=89.5248 Y=-14483.8
Time=5449761 X=401.8 Y=-14230.4
Time=5450761 X=653.006 Y=-14028
Time=5451794 X=1032.75 Y=-13916.8
Time=5452796 X=1401.09 Y=-13809
Time=5453836 X=1783.41 Y=-13697.1
Time=5454829 X=1978 Y=-13598
Time=5455863 X=1978 Y=-13598
Time=5456914 X=1952.97 Y=-13612.9
Time=5457941 X=1751.66 Y=-13883.3
Time=5458956 X=2007.58 Y=-13924.7
Time=5459963 X=2292.64 Y=-13706.5
Time=5460963 X=2613.21 Y=-13496.8
Time=5461971 X=2936.34 Y=-13285.5
Time=5462974 X=3253.97 Y=-13072.7
Time=5463922 X=3530.83 Y=-12848.3
Time=5465036 X=3887.94 Y=-12614.7
Time=5466086 X=4259.87 Y=-12467.3
Time=5467101 X=4632.87 Y=-12357.8
Time=5468112 X=4985.67 Y=-12292.2
Time=5469166 X=5378.44 Y=-12359.2
Time=5470168 X=5748.97 Y=-12459.2
Time=5471209 X=6142.21 Y=-12525.3
Time=5472216 X=6522.6 Y=-12589.1
Time=5473239 X=6904.46 Y=-12671.9
Time=5474272 X=7230.52 Y=-12892.6
Time=5475259 X=7542.93 Y=-13101.7
Time=5476272 X=7847.75 Y=-13215.3
Time=5477293 X=8214.22 Y=-13351.9
Time=5478338 X=8545.61 Y=-13567.1
Time=5479323 X=8824 Y=-13821.8
Time=5480323 X=9106.33 Y=-14080.6
Time=5481385 X=9406.17 Y=-14355.5
Time=5482373 X=9659.25 Y=-14634.3
Time=5483381 X=9883.75 Y=-14948.4
Time=5484397 X=10095.9 Y=-15245.4
Time=5485413 X=10294.1 Y=-15539.1
Time=5486441 X=10444.2 Y=-15902.2
Time=5487447 X=10488.4 Y=-16285
Time=5488479 X=10625.9 Y=-16640.7
Time=5489498 X=10916.1 Y=-16901.4
Time=5490515 X=11126.1 Y=-17216.7
Time=5491522 X=11416 Y=-17471.1
Time=5492554 X=11725.9 Y=-17716.3
Time=5493583 X=11752.6 Y=-17666.1
Time=5494591 X=12105.8 Y=-17786.1
Time=5495565 X=12441.5 Y=-17626.1
Time=5496659 X=12810.5 Y=-17427.5
Time=5497647 X=13069.5 Y=-17220.9
Time=5498671 X=13382.3 Y=-17002.3
Time=5499704 X=13725.4 Y=-16805.3
Time=5500697 X=14055.3 Y=-16615.9
Time=5501727 X=14394.7 Y=-16421
Time=5502736 X=14729.9 Y=-16228.6
Time=5503772 X=15074.1 Y=-16031
Time=5504842 X=15429.5 Y=-15826.9
Time=5505829 X=15722.9 Y=-15589.5
Time=5506850 X=15968.4 Y=-15355.9
Time=5507875 X=16197.9 Y=-15045.8
Time=5508920 X=16432.4 Y=-14721.4
Time=5509930 X=16659.1 Y=-14407.9
Time=5510950 X=16887.7 Y=-14091.1
Time=5511989 X=17120.5 Y=-13768.3
Time=5512999 X=17348.6 Y=-13455.8
Time=5514029 X=17542.9 Y=-13116.7
Time=5515065 X=17665.2 Y=-12749.9
Time=5516072 X=17948.4 Y=-12530.7
Time=5517083 X=18292.3 Y=-12352.6
Time=5518096 X=18637 Y=-12174.4
Time=5519100 X=18978.8 Y=-11998.3
Time=5520117 X=19251.8 Y=-11735
Time=5521127 X=19328.4 Y=-11394.7
Time=5522152 X=19267.4 Y=-11018.1
Time=5523150 X=19296 Y=-10645.4
Time=5524237 X=19296 Y=-10303.1
Time=5525243 X=19134.3 Y=-10075.5
Time=5526254 X=18975.4 Y=-9734.95
Time=5527291 X=19051.9 Y=-9349.03
Time=5528295 X=19294.3 Y=-9054.27
Time=5529300 X=19388.4 Y=-8784.23
Time=5530381 X=19284 Y=-8385.14
Time=5531402 X=19032.6 Y=-8107.46
Time=5532414 X=18862.3 Y=-7820.09
Time=5533497 X=18666.3 Y=-7489.38
Time=5534544 X=18461.9 Y=-7144.36
Time=5535580 X=18194.8 Y=-6866.85
Time=5536573 X=17935.9 Y=-6599.84
Time=5537669 X=17691.8 Y=-6320.99
Time=5538691 X=17394 Y=-6066.89
Time=5539722 X=17093.6 Y=-5810.54
Time=5540791 X=16823.1 Y=-5929.12
Time=5541798 X=16858.7 Y=-6292.57
Time=5542819 X=17114.4 Y=-6554.43
Time=5543817 X=17316.1 Y=-6871.46
Time=5544844 X=17068 Y=-7123.7
Time=5545893 X=16676.9 Y=-7032.23
Time=5546895 X=16361.5 Y=-6921.23
Time=5547939 X=15965.7 Y=-6924.2
Time=5548935 X=15603.4 Y=-6970.01
Time=5549972 X=15279.8 Y=-7074.63
Time=5550988 X=15017.3 Y=-7361.95
Time=5551975 X=14762.4 Y=-7641.07
Time=5552996 X=14498.6 Y=-7929.81
Time=5554011 X=14236.4 Y=-8216.85
Time=5555014 X=13931.7 Y=-8432.59
Time=5556028 X=13692.2 Y=-8463.49
Time=5557049 X=13692.2 Y=-8463.49
Time=5558064 X=13692.2 Y=-8463.49
Time=5559073 X=13692.2 Y=-8463.49
Time=5560093 X=13573.9 Y=-8597.38
Time=5561114 X=13573.9 Y=-8597.38
Time=5562149 X=13573.9 Y=-8597.38
Time=5563141 X=13573.9 Y=-8597.38
Time=5564149 X=13573.9 Y=-8597.38
Time=5565151 X=13573.9 Y=-8597.38
Time=5566189 X=13573.9 Y=-8597.38
Time=5567196 X=13573.9 Y=-8597.38
Time=5568225 X=13573.9 Y=-8597.38
Time=5569248 X=13476.9 Y=-8657.19
Time=5570290 X=13476.9 Y=-8657.19
Time=5571281 X=13476.9 Y=-8657.19
Time=5572294 X=13476.9 Y=-8657.19
Time=5573294 X=13402.5 Y=-8703.78
Time=5574300 X=13084.2 Y=-8920.98
Time=5575325 X=12741.7 Y=-9111.15
Time=5576353 X=12559.7 Y=-9193.89
Time=5577385 X=12559.7 Y=-9193.89
Time=5578392 X=12559.7 Y=-9193.89
Time=5579398 X=12559.7 Y=-9193.89
Time=5580417 X=12559.7 Y=-9193.89
Time=5581440 X=12559.7 Y=-9193.89
Time=5582462 X=12559.7 Y=-9193.89
Time=5583482 X=12559.7 Y=-9193.89
Time=5584495 X=12559.7 Y=-9193.89
Time=5585512 X=12559.7 Y=-9193.89
Time=5586532 X=12559.7 Y=-9193.89
Time=5587536 X=12559.7 Y=-9193.89
Time=5588544 X=12559.7 Y=-9193.89
Time=5589569 X=12559.7 Y=-9193.89
Time=5590583 X=12559.7 Y=-9193.89
Time=5591519 X=12559.7 Y=-9193.89
Time=5592540 X=12559.7 Y=-9193.89
Time=5593612 X=12559.7 Y=-9193.89
Time=5594669 X=12559.7 Y=-9193.89
Time=5595480 X=12559.7 Y=-9193.89
Time=5596811 X=12559.7 Y=-9193.89
Time=5597680 X=12559.7 Y=-9193.89
Time=5598694 X=12559.7 Y=-9193.89
Time=5599746 X=12570 Y=-9384.74
Time=5600737 X=12570.6 Y=-9395.84
Time=5601755 X=12470 Y=-9102.35
Time=5602775 X=12398.7 Y=-8894.22
Time=5603797 X=12398.7 Y=-8894.22
Time=5604805 X=12398.7 Y=-8894.22
Time=5605823 X=12398.7 Y=-8894.22
Time=5606840 X=12398.7 Y=-8894.22
Time=5607847 X=12398.7 Y=-8894.22
Time=5608874 X=12398.7 Y=-8894.22
Time=5609887 X=12398.7 Y=-8894.22
Time=5610901 X=12398.7 Y=-8894.22
Time=5611936 X=12398.7 Y=-8894.22
Time=5612964 X=12398.7 Y=-8894.22
Time=5613977 X=12398.7 Y=-8894.22
Time=5614991 X=12398.7 Y=-8894.22
Time=5615999 X=12398.7 Y=-8894.22
Time=5617025 X=12398.7 Y=-8894.22
Time=5618048 X=12398.7 Y=-8894.22
Time=5619067 X=12398.7 Y=-8894.22
Time=5620089 X=12398.7 Y=-8894.22
Time=5621100 X=12398.7 Y=-8894.22
Time=5622127 X=12398.7 Y=-8894.22
